ticker,firm,date,grade,ret
NVDA,Citigroup,2017-08-11,Buy,0.6422
NVDA,Canaccord Genuity,2017-08-14,Buy,0.5524
NVDA,B of A Securities,2017-09-18,Buy,0.4451
NVDA,Loop Capital,2017-11-10,Buy,-0.1231
NVDA,B of A Securities,2017-11-10,Buy,-0.1231
NVDA,Canaccord Genuity,2017-11-17,Buy,-0.3154
NVDA,Citigroup,2018-02-09,Buy,-0.3486
NVDA,B. Riley Securities,2018-02-09,Buy,-0.3486
NVDA,Morgan Stanley,2018-04-09,Overweight,-0.1214
NVDA,Morgan Stanley,2018-04-10,Overweight,-0.1571
NVDA,Barclays,2018-05-03,Overweight,-0.2281
NVDA,Barclays,2018-05-11,Overweight,-0.3634
NVDA,B. Riley Securities,2018-05-11,Buy,-0.3634
NVDA,Cowen & Co.,2018-05-17,Outperform,-0.3874
NVDA,Benchmark,2018-06-26,Buy,-0.3255
NVDA,FBN Securities,2018-06-26,Outperform,-0.3255
NVDA,Wells Fargo,2018-08-15,Outperform,-0.3841
NVDA,Oppenheimer,2018-08-17,Outperform,-0.3143
NVDA,JP Morgan,2018-10-30,Overweight,-0.0098
NVDA,Morgan Stanley,2018-11-08,Overweight,0.0106
NVDA,Citigroup,2018-11-12,Buy,0.1004
NVDA,Susquehanna,2018-11-13,Positive,0.0526
NVDA,B. Riley Securities,2018-11-13,Buy,0.0526
NVDA,Goldman Sachs,2018-11-16,Buy,0.2649
NVDA,Mizuho,2018-11-16,Buy,0.2649
NVDA,Barclays,2018-11-16,Overweight,0.2649
NVDA,Wells Fargo,2018-11-16,Outperform,0.2649
NVDA,Raymond James,2018-11-16,Outperform,0.2649
NVDA,Jefferies,2018-11-16,Buy,0.2649
NVDA,Credit Suisse,2018-11-26,Outperform,0.4178
NVDA,RBC Capital,2018-12-12,Outperform,0.5048
NVDA,RBC Capital,2018-12-27,Outperform,0.8058
NVDA,UBS,2019-01-29,Buy,0.8658
NVDA,Atlantic Equities,2019-02-22,Overweight,0.7167
NVDA,Piper Sandler,2019-03-26,Overweight,0.3887
NVDA,UBS,2019-05-17,Buy,1.2361
NVDA,Barclays,2019-06-06,Overweight,1.4816
NVDA,Wedbush,2019-06-27,Outperform,1.2435
NVDA,Cascend,2019-07-11,Buy,1.5209
NVDA,SunTrust Robinson Humphrey,2019-09-23,Buy,1.8913
NVDA,RBC Capital,2019-10-07,Outperform,1.9808
NVDA,Evercore ISI Group,2019-10-07,Outperform,1.9808
NVDA,B of A Securities,2019-10-15,Buy,1.8712
NVDA,Cascend,2019-10-15,Buy,1.8712
NVDA,Wells Fargo,2019-10-22,Outperform,1.7657
NVDA,UBS,2019-11-11,Buy,1.4536
NVDA,Oppenheimer,2019-11-12,Outperform,1.5606
NVDA,Cascend,2019-11-12,Buy,1.5606
NVDA,Wells Fargo,2019-11-15,Outperform,1.6476
NVDA,Citigroup,2019-11-15,Buy,1.6476
NVDA,B of A Securities,2019-11-15,Buy,1.6476
NVDA,Craig-Hallum,2019-11-15,Buy,1.6476
NVDA,Mizuho,2019-11-15,Buy,1.6476
NVDA,Benchmark,2019-11-15,Buy,1.6476
NVDA,Raymond James,2019-11-15,Outperform,1.6476
NVDA,Barclays,2019-11-15,Overweight,1.6476
NVDA,JP Morgan,2019-11-15,Overweight,1.6476
NVDA,SunTrust Robinson Humphrey,2019-11-15,Buy,1.6476
NVDA,Morgan Stanley,2019-11-25,Overweight,1.3431
NVDA,Cascend,2019-11-25,Buy,1.3431
NVDA,Piper Sandler,2019-12-17,Overweight,1.3203
NVDA,Wells Fargo,2019-12-20,Overweight,1.2279
NVDA,Benchmark,2019-12-31,Buy,1.2347
NVDA,B of A Securities,2020-01-10,Buy,1.2301
NVDA,Argus Research,2020-01-13,Buy,1.1406
NVDA,Craig-Hallum,2020-01-13,Buy,1.1406
NVDA,Piper Sandler,2020-01-15,Overweight,1.1501
NVDA,UBS,2020-01-23,Buy,1.1692
NVDA,RBC Capital,2020-02-10,Outperform,1.1696
NVDA,Wells Fargo,2020-02-11,Overweight,1.2045
NVDA,Oppenheimer,2020-02-11,Outperform,1.2045
NVDA,Wedbush,2020-02-12,Outperform,1.2383
NVDA,Susquehanna,2020-02-12,Positive,1.2383
NVDA,Cascend,2020-02-13,Buy,1.2101
NVDA,SunTrust Robinson Humphrey,2020-02-13,Buy,1.2101
NVDA,Citigroup,2020-02-14,Buy,1.1160
NVDA,UBS,2020-02-14,Buy,1.1160
NVDA,Rosenblatt,2020-02-14,Buy,1.1160
NVDA,Wedbush,2020-02-14,Outperform,1.1160
NVDA,Raymond James,2020-02-14,Outperform,1.1160
NVDA,Wells Fargo,2020-02-14,Overweight,1.1160
NVDA,Morgan Stanley,2020-02-14,Overweight,1.1160
NVDA,Oppenheimer,2020-02-14,Outperform,1.1160
NVDA,Cascend,2020-02-14,Buy,1.1160
NVDA,Craig-Hallum,2020-02-14,Buy,1.1160
NVDA,Argus Research,2020-02-18,Buy,1.0105
NVDA,Bernstein,2020-02-19,Outperform,0.8848
NVDA,Morgan Stanley,2020-03-18,Overweight,1.5091
NVDA,Wells Fargo,2020-03-20,Overweight,1.5635
NVDA,Needham,2020-03-24,Buy,1.0295
NVDA,Susquehanna,2020-03-31,Positive,1.0255
NVDA,UBS,2020-04-17,Buy,1.1020
NVDA,Morgan Stanley,2020-04-28,Overweight,1.0973
NVDA,Susquehanna,2020-05-04,Positive,0.9707
NVDA,SunTrust Robinson Humphrey,2020-05-07,Buy,0.9434
NVDA,Needham,2020-05-11,Buy,0.7738
NVDA,Wedbush,2020-05-13,Outperform,0.7565
NVDA,Raymond James,2020-05-15,Outperform,0.6683
NVDA,BMO Capital,2020-05-18,Outperform,0.6018
NVDA,RBC Capital,2020-05-19,Outperform,0.5974
NVDA,Susquehanna,2020-05-19,Positive,0.5974
NVDA,Needham,2020-05-22,Buy,0.7296
NVDA,Rosenblatt,2020-05-22,Buy,0.7296
NVDA,SunTrust Robinson Humphrey,2020-05-22,Buy,0.7296
NVDA,Mizuho,2020-05-22,Buy,0.7296
NVDA,Wells Fargo,2020-05-22,Overweight,0.7296
NVDA,Wedbush,2020-05-22,Outperform,0.7296
NVDA,Oppenheimer,2020-05-22,Outperform,0.7296
NVDA,Raymond James,2020-05-22,Outperform,0.7296
NVDA,B of A Securities,2020-05-22,Buy,0.7296
NVDA,UBS,2020-05-22,Buy,0.7296
NVDA,Piper Sandler,2020-05-22,Overweight,0.7296
NVDA,Cascend,2020-05-22,Buy,0.7296
NVDA,Morgan Stanley,2020-05-26,Overweight,0.7949
NVDA,Jefferies,2020-06-17,Buy,1.0201
NVDA,B of A Securities,2020-07-07,Buy,1.0636
NVDA,Rosenblatt,2020-07-10,Buy,0.9574
NVDA,Barclays,2020-07-20,Overweight,0.7708
NVDA,Raymond James,2020-08-13,Outperform,0.7642
NVDA,Wedbush,2020-08-14,Outperform,0.7252
NVDA,Wells Fargo,2020-08-17,Overweight,0.5772
NVDA,Needham,2020-08-20,Buy,0.7145
NVDA,RBC Capital,2020-08-20,Outperform,0.7145
NVDA,Rosenblatt,2020-08-20,Buy,0.7145
NVDA,Mizuho,2020-08-20,Buy,0.7145
NVDA,Raymond James,2020-08-20,Outperform,0.7145
NVDA,Credit Suisse,2020-08-20,Outperform,0.7145
NVDA,Barclays,2020-08-20,Overweight,0.7145
NVDA,Citigroup,2020-08-20,Buy,0.7145
NVDA,Oppenheimer,2020-08-20,Outperform,0.7145
NVDA,Wells Fargo,2020-08-20,Overweight,0.7145
NVDA,Jefferies,2020-08-20,Buy,0.7145
NVDA,Susquehanna,2020-08-20,Positive,0.7145
NVDA,Mizuho,2020-09-02,Buy,0.5611
NVDA,Credit Suisse,2020-09-02,Outperform,0.5611
NVDA,B of A Securities,2020-09-02,Buy,0.5611
NVDA,Benchmark,2020-09-02,Buy,0.5611
NVDA,Goldman Sachs,2020-09-02,Buy,0.5611
NVDA,RBC Capital,2020-09-02,Outperform,0.5611
NVDA,Jefferies,2020-09-14,Buy,0.7279
NVDA,Needham,2020-09-15,Buy,0.7197
NVDA,Oppenheimer,2020-10-06,Outperform,0.5069
NVDA,Cascend,2020-10-06,Buy,0.5069
NVDA,BMO Capital,2020-10-06,Outperform,0.5069
NVDA,JP Morgan,2020-10-06,Overweight,0.5069
NVDA,Truist Securities,2020-10-12,Buy,0.4530
NVDA,Rosenblatt,2020-11-19,Buy,1.4542
NVDA,Raymond James,2020-11-19,Outperform,1.4542
NVDA,Mizuho,2020-11-19,Buy,1.4542
NVDA,B of A Securities,2020-11-19,Buy,1.4542
NVDA,Susquehanna,2021-01-15,Positive,1.0951
NVDA,Truist Securities,2021-01-15,Buy,1.0951
NVDA,Barclays,2021-01-26,Overweight,0.6616
NVDA,Oppenheimer,2021-02-18,Outperform,0.7878
NVDA,Susquehanna,2021-02-22,Positive,0.6469
NVDA,Cascend,2021-02-24,Buy,0.5440
NVDA,Needham,2021-02-25,Buy,0.7846
NVDA,Raymond James,2021-02-25,Outperform,0.7846
NVDA,Piper Sandler,2021-02-25,Overweight,0.7846
NVDA,Mizuho,2021-02-25,Buy,0.7846
NVDA,JP Morgan,2021-02-25,Overweight,0.7846
NVDA,Cowen & Co.,2021-02-25,Outperform,0.7846
NVDA,Barclays,2021-04-13,Overweight,0.3978
NVDA,Rosenblatt,2021-04-13,Buy,0.3978
NVDA,Mizuho,2021-04-13,Buy,0.3978
NVDA,Cowen & Co.,2021-04-13,Outperform,0.3978
NVDA,Wells Fargo,2021-04-13,Overweight,0.3978
NVDA,Raymond James,2021-04-15,Strong Buy,0.3759
NVDA,Baird,2021-05-05,Outperform,0.4064
NVDA,Susquehanna,2021-05-25,Positive,0.0324
NVDA,Keybanc,2021-05-27,Overweight,0.1526
NVDA,Mizuho,2021-05-27,Buy,0.1526
NVDA,B of A Securities,2021-05-27,Buy,0.1526
NVDA,Jefferies,2021-05-27,Buy,0.1526
NVDA,UBS,2021-05-27,Buy,0.1526
NVDA,Craig-Hallum,2021-05-27,Buy,0.1526
NVDA,Evercore ISI Group,2021-05-27,Outperform,0.1526
NVDA,Wedbush,2021-05-27,Outperform,0.1526
NVDA,BMO Capital,2021-05-27,Outperform,0.1526
NVDA,Piper Sandler,2021-05-27,Overweight,0.1526
NVDA,Truist Securities,2021-05-27,Buy,0.1526
NVDA,Susquehanna,2021-05-27,Positive,0.1526
NVDA,Jefferies,2021-06-17,Buy,-0.1638
NVDA,B of A Securities,2021-06-18,Buy,-0.1480
NVDA,Raymond James,2021-06-22,Strong Buy,-0.1338
NVDA,BMO Capital,2021-07-01,Outperform,-0.2815
NVDA,Keybanc,2021-07-06,Overweight,-0.2690
NVDA,Truist Securities,2021-07-08,Buy,-0.2042
NVDA,Mizuho,2021-07-15,Buy,-0.1689
NVDA,Rosenblatt,2021-08-04,Buy,-0.0522
NVDA,Wells Fargo,2021-08-12,Overweight,-0.0601
NVDA,UBS,2021-08-12,Buy,-0.0601
NVDA,Evercore ISI Group,2021-08-12,Outperform,-0.0601
NVDA,Keybanc,2021-08-19,Overweight,-0.0984
NVDA,Needham,2021-08-19,Buy,-0.0984
NVDA,Barclays,2021-08-19,Overweight,-0.0984
NVDA,Mizuho,2021-08-19,Buy,-0.0984
NVDA,Rosenblatt,2021-08-19,Buy,-0.0984
NVDA,Credit Suisse,2021-08-19,Outperform,-0.0984
NVDA,B of A Securities,2021-09-17,Buy,-0.3889
NVDA,Susquehanna,2021-09-28,Positive,-0.3847
NVDA,Keybanc,2021-10-05,Overweight,-0.3541
NVDA,Piper Sandler,2021-10-25,Overweight,-0.4276
NVDA,Wells Fargo,2021-11-04,Overweight,-0.5250
NVDA,B of A Securities,2021-11-10,Buy,-0.4654
NVDA,Oppenheimer,2021-11-11,Outperform,-0.4628
NVDA,Susquehanna,2021-11-11,Positive,-0.4628
NVDA,Credit Suisse,2021-11-16,Outperform,-0.4732
NVDA,Keybanc,2021-11-18,Overweight,-0.5135
NVDA,Piper Sandler,2021-11-18,Overweight,-0.5135
NVDA,Mizuho,2021-11-18,Buy,-0.5135
NVDA,Raymond James,2021-11-18,Strong Buy,-0.5135
NVDA,Needham,2021-11-18,Buy,-0.5135
NVDA,Truist Securities,2021-11-18,Buy,-0.5135
NVDA,Susquehanna,2022-02-09,Positive,-0.2037
NVDA,Truist Securities,2022-02-14,Buy,-0.0619
NVDA,Mizuho,2022-02-17,Buy,-0.1572
NVDA,TD Cowen,2022-03-15,Outperform,0.1118
NVDA,Tigress Financial,2022-03-29,Buy,-0.0444
NVDA,Truist Securities,2022-04-08,Buy,0.1460
NVDA,Keybanc,2022-04-12,Overweight,0.2443
NVDA,Susquehanna,2022-04-12,Positive,0.2443
NVDA,New Street Research,2022-04-13,Buy,0.2161
NVDA,Barclays,2022-04-25,Overweight,0.3544
NVDA,Susquehanna,2022-05-18,Positive,0.8458
NVDA,Oppenheimer,2022-05-19,Outperform,0.8206
NVDA,Wells Fargo,2022-05-20,Overweight,0.8383
NVDA,UBS,2022-05-23,Buy,0.8072
NVDA,Bernstein,2022-05-23,Outperform,0.8072
NVDA,Truist Securities,2022-05-24,Buy,1.3511
NVDA,Keybanc,2022-05-26,Overweight,1.2470
NVDA,Truist Securities,2022-05-26,Buy,1.2470
NVDA,Piper Sandler,2022-05-26,Overweight,1.2470
NVDA,Citigroup,2022-05-26,Buy,1.2470
NVDA,Susquehanna,2022-05-26,Positive,1.2470
NVDA,JP Morgan,2022-05-26,Overweight,1.2470
NVDA,Raymond James,2022-05-26,Strong Buy,1.2470
NVDA,Mizuho,2022-05-26,Buy,1.2470
NVDA,Cowen & Co.,2022-05-26,Outperform,1.2470
NVDA,Needham,2022-05-26,Buy,1.2470
NVDA,BMO Capital,2022-05-26,Outperform,1.2470
NVDA,B of A Securities,2022-06-29,Buy,1.7218
NVDA,Piper Sandler,2022-07-11,Overweight,1.8974
NVDA,Keybanc,2022-07-12,Overweight,2.0485
NVDA,Citigroup,2022-07-12,Buy,2.0485
NVDA,Susquehanna,2022-07-13,Positive,1.9985
NVDA,Barclays,2022-07-25,Overweight,1.6699
NVDA,Raymond James,2022-08-09,Strong Buy,1.4809
NVDA,Mizuho,2022-08-09,Buy,1.4809
NVDA,Susquehanna,2022-08-09,Positive,1.4809
NVDA,Truist Securities,2022-08-09,Buy,1.4809
NVDA,JP Morgan,2022-08-25,Overweight,1.6146
NVDA,Citigroup,2022-08-25,Buy,1.6146
NVDA,Raymond James,2022-08-25,Strong Buy,1.6146
NVDA,Barclays,2022-08-25,Overweight,1.6146
NVDA,Benchmark,2022-08-25,Buy,1.6146
NVDA,BMO Capital,2022-08-25,Outperform,1.6146
NVDA,Mizuho,2022-08-25,Buy,1.6146
NVDA,Truist Securities,2022-08-25,Buy,1.6146
NVDA,Susquehanna,2022-08-25,Positive,1.6146
NVDA,Piper Sandler,2022-09-01,Overweight,2.4834
NVDA,Needham,2022-09-02,Buy,2.4485
NVDA,Mizuho,2022-09-15,Buy,2.4006
NVDA,BMO Capital,2022-09-21,Outperform,2.1378
NVDA,Susquehanna,2022-09-21,Positive,2.1378
NVDA,Susquehanna,2022-09-29,Positive,2.6646
NVDA,Citigroup,2022-10-11,Buy,3.0519
NVDA,Barclays,2022-10-24,Overweight,2.3161
NVDA,Oppenheimer,2022-11-11,Outperform,2.0413
NVDA,Mizuho,2022-11-17,Buy,2.2155
NVDA,Needham,2022-11-17,Buy,2.2155
NVDA,Raymond James,2022-11-17,Strong Buy,2.2155
NVDA,Susquehanna,2022-11-17,Positive,2.2155
NVDA,Summit Insights Group,2022-11-17,Buy,2.2155
NVDA,Tigress Financial,2022-12-09,Buy,1.8032
NVDA,TD Cowen,2022-12-12,Outperform,1.7424
NVDA,Evercore ISI Group,2022-12-15,Outperform,1.9540
NVDA,Needham,2022-12-19,Buy,1.9599
NVDA,Keybanc,2023-01-11,Overweight,2.4192
NVDA,Barclays,2023-01-23,Overweight,2.1971
NVDA,Truist Securities,2023-01-23,Buy,2.1971
NVDA,B of A Securities,2023-02-14,Buy,2.1630
NVDA,Susquehanna,2023-02-16,Positive,2.1566
NVDA,Keybanc,2023-02-17,Overweight,2.1547
NVDA,Oppenheimer,2023-02-17,Outperform,2.1547
NVDA,BMO Capital,2023-02-21,Outperform,2.8024
NVDA,Oppenheimer,2023-02-21,Outperform,2.8024
NVDA,Piper Sandler,2023-02-22,Overweight,2.7977
NVDA,TD Cowen,2023-02-23,Outperform,2.3423
NVDA,Needham,2023-02-23,Buy,2.3423
NVDA,Evercore ISI Group,2023-02-23,Outperform,2.3423
NVDA,Citigroup,2023-02-23,Buy,2.3423
NVDA,Piper Sandler,2023-02-23,Overweight,2.3423
NVDA,Barclays,2023-02-23,Overweight,2.3423
NVDA,Mizuho,2023-02-23,Buy,2.3423
NVDA,JP Morgan,2023-02-23,Overweight,2.3423
NVDA,Oppenheimer,2023-02-23,Outperform,2.3423
NVDA,Rosenblatt,2023-02-23,Buy,2.3423
NVDA,Wells Fargo,2023-02-23,Overweight,2.3423
NVDA,BMO Capital,2023-02-23,Outperform,2.3423
NVDA,B of A Securities,2023-02-23,Buy,2.3423
NVDA,Truist Securities,2023-02-23,Buy,2.3423
NVDA,Goldman Sachs,2023-02-23,Buy,2.3423
NVDA,Jefferies,2023-02-23,Buy,2.3423
NVDA,Susquehanna,2023-03-09,Positive,2.6599
NVDA,Morgan Stanley,2023-03-17,Overweight,2.4751
NVDA,Citigroup,2023-03-17,Buy,2.4751
NVDA,Needham,2023-03-22,Buy,2.5624
NVDA,Oppenheimer,2023-03-22,Outperform,2.5624
NVDA,Wells Fargo,2023-03-22,Overweight,2.5624
NVDA,Mizuho,2023-03-22,Buy,2.5624
NVDA,Rosenblatt,2023-03-22,Buy,2.5624
NVDA,TD Cowen,2023-03-22,Outperform,2.5624
NVDA,BMO Capital,2023-03-22,Outperform,2.5624
NVDA,Truist Securities,2023-03-22,Buy,2.5624
NVDA,Needham,2023-03-23,Buy,2.4939
NVDA,UBS,2023-03-27,Buy,2.4017
NVDA,Bernstein,2023-03-28,Outperform,2.4213
NVDA,Piper Sandler,2023-03-29,Overweight,2.3488
NVDA,Susquehanna,2023-03-30,Positive,2.2667
NVDA,Tigress Financial,2023-03-31,Buy,2.2028
NVDA,Keybanc,2023-04-11,Overweight,2.3353
NVDA,Evercore ISI Group,2023-04-11,Outperform,2.3353
NVDA,Piper Sandler,2023-04-11,Overweight,2.3353
NVDA,HSBC,2023-04-18,Buy,2.0604
NVDA,B of A Securities,2023-04-19,Buy,1.7282
NVDA,Evercore ISI Group,2023-04-24,Outperform,1.9464
NVDA,Erste Group,2023-04-25,Buy,2.1490
NVDA,Truist Securities,2023-05-10,Buy,2.1116
NVDA,Rosenblatt,2023-05-11,Buy,2.1632
NVDA,Oppenheimer,2023-05-18,Outperform,1.9920
NVDA,Susquehanna,2023-05-18,Positive,1.9920
NVDA,Keybanc,2023-05-22,Overweight,2.0456
NVDA,Citigroup,2023-05-24,Buy,2.4864
NVDA,Keybanc,2023-05-25,Overweight,1.9990
NVDA,Bernstein,2023-05-25,Outperform,1.9990
NVDA,Barclays,2023-05-25,Overweight,1.9990
NVDA,Goldman Sachs,2023-05-25,Buy,1.9990
NVDA,Citigroup,2023-05-25,Buy,1.9990
NVDA,Needham,2023-05-25,Buy,1.9990
NVDA,Oppenheimer,2023-05-25,Outperform,1.9990
NVDA,Susquehanna,2023-05-25,Positive,1.9990
NVDA,Wells Fargo,2023-05-25,Overweight,1.9990
NVDA,JP Morgan,2023-05-25,Overweight,1.9990
NVDA,Raymond James,2023-05-25,Strong Buy,1.9990
NVDA,Mizuho,2023-05-25,Buy,1.9990
NVDA,Truist Securities,2023-05-25,Buy,1.9990
NVDA,TD Cowen,2023-05-25,Outperform,1.9990
NVDA,Rosenblatt,2023-05-25,Buy,1.9990
NVDA,Wedbush,2023-05-25,Outperform,1.9990
NVDA,Morgan Stanley,2023-05-25,Overweight,1.9990
NVDA,Evercore ISI Group,2023-05-25,Outperform,1.9990
NVDA,Craig-Hallum,2023-05-25,Buy,1.9990
NVDA,Jefferies,2023-05-25,Buy,1.9990
NVDA,Baird,2023-05-25,Outperform,1.9990
NVDA,B of A Securities,2023-05-25,Buy,1.9990
NVDA,BMO Capital,2023-05-25,Outperform,1.9990
NVDA,UBS,2023-05-25,Buy,1.9990
NVDA,Piper Sandler,2023-05-25,Overweight,1.9990
NVDA,Goldman Sachs,2023-05-26,Buy,1.9483
NVDA,B of A Securities,2023-05-31,Buy,1.8977
NVDA,Morgan Stanley,2023-06-16,Overweight,2.1758
NVDA,Mizuho,2023-06-22,Buy,1.7451
NVDA,Rosenblatt,2023-06-29,Buy,2.0449
NVDA,Daiwa Capital,2023-06-30,Outperform,1.8999
NVDA,Tigress Financial,2023-07-07,Buy,2.0911
NVDA,Goldman Sachs,2023-07-10,Buy,2.1984
NVDA,Keybanc,2023-07-11,Overweight,2.0044
NVDA,Truist Securities,2023-07-14,Buy,1.7790
NVDA,Wolfe Research,2023-07-20,Outperform,1.7140
NVDA,Barclays,2023-07-20,Overweight,1.7140
NVDA,Susquehanna,2023-07-20,Positive,1.7140
NVDA,Mizuho,2023-07-24,Buy,1.5610
NVDA,UBS,2023-08-15,Buy,1.7961
NVDA,Wells Fargo,2023-08-15,Overweight,1.7961
NVDA,Baird,2023-08-15,Outperform,1.7961
NVDA,Piper Sandler,2023-08-16,Overweight,1.8648
NVDA,Raymond James,2023-08-16,Strong Buy,1.8648
NVDA,Oppenheimer,2023-08-17,Outperform,1.9993
NVDA,Rosenblatt,2023-08-17,Buy,1.9993
NVDA,Wedbush,2023-08-18,Outperform,1.9389
NVDA,Keybanc,2023-08-21,Overweight,1.7360
NVDA,HSBC,2023-08-21,Buy,1.7360
NVDA,BMO Capital,2023-08-21,Outperform,1.7360
NVDA,Keybanc,2023-08-24,Overweight,1.6813
NVDA,Exane BNP Paribas,2023-08-24,Outperform,1.6813
NVDA,Stifel,2023-08-24,Buy,1.6813
NVDA,WestPark Capital,2023-08-24,Buy,1.6813
NVDA,Rosenblatt,2023-08-24,Buy,1.6813
NVDA,Barclays,2023-08-24,Overweight,1.6813
NVDA,Raymond James,2023-08-24,Strong Buy,1.6813
NVDA,Oppenheimer,2023-08-24,Outperform,1.6813
NVDA,Citigroup,2023-08-24,Buy,1.6813
NVDA,JP Morgan,2023-08-24,Overweight,1.6813
NVDA,Mizuho,2023-08-24,Buy,1.6813
NVDA,Piper Sandler,2023-08-24,Overweight,1.6813
NVDA,Wolfe Research,2023-08-24,Outperform,1.6813
NVDA,B of A Securities,2023-08-24,Buy,1.6813
NVDA,Morgan Stanley,2023-08-24,Overweight,1.6813
NVDA,BMO Capital,2023-08-24,Outperform,1.6813
NVDA,Benchmark,2023-08-24,Buy,1.6813
NVDA,Wedbush,2023-08-24,Outperform,1.6813
NVDA,UBS,2023-08-24,Buy,1.6813
NVDA,Baird,2023-08-24,Outperform,1.6813
NVDA,Wells Fargo,2023-08-24,Overweight,1.6813
NVDA,Susquehanna,2023-08-24,Positive,1.6813
NVDA,TD Cowen,2023-08-24,Outperform,1.6813
NVDA,Jefferies,2023-08-24,Buy,1.6813
NVDA,Argus Research,2023-08-24,Buy,1.6813
NVDA,Craig-Hallum,2023-08-24,Buy,1.6813
NVDA,Truist Securities,2023-08-24,Buy,1.6813
NVDA,Goldman Sachs,2023-10-02,Buy,1.6540
NVDA,Keybanc,2023-10-03,Overweight,1.8230
NVDA,Citigroup,2023-10-18,Buy,2.2705
NVDA,Morgan Stanley,2023-10-18,Overweight,2.2705
NVDA,Keybanc,2023-10-20,Overweight,2.4694
NVDA,Bernstein,2023-11-09,Outperform,2.0939
NVDA,Wedbush,2023-11-17,Outperform,1.9821
NVDA,Piper Sandler,2023-11-17,Overweight,1.9821
NVDA,Stifel,2023-11-17,Buy,1.9821
NVDA,Needham,2023-11-22,Buy,1.9138
NVDA,Morgan Stanley,2023-11-22,Overweight,1.9138
NVDA,Wells Fargo,2023-11-22,Overweight,1.9138
NVDA,Wedbush,2023-11-22,Outperform,1.9138
NVDA,BMO Capital,2023-11-22,Outperform,1.9138
NVDA,Benchmark,2023-11-22,Buy,1.9138
NVDA,Mizuho,2023-11-22,Buy,1.9138
NVDA,UBS,2023-11-22,Buy,1.9138
NVDA,Susquehanna,2023-11-22,Positive,1.9138
NVDA,Stifel,2023-11-22,Buy,1.9138
NVDA,Oppenheimer,2023-11-22,Outperform,1.9138
NVDA,Keybanc,2024-01-16,Overweight,1.3690
NVDA,Tigress Financial,2024-01-18,Buy,1.4661
NVDA,Raymond James,2024-01-19,Strong Buy,1.4721
NVDA,Cantor Fitzgerald,2024-01-23,Overweight,1.3820
NVDA,Cantor Fitzgerald,2024-01-29,Overweight,0.9955
NVDA,Goldman Sachs,2024-02-05,Buy,0.8560
NVDA,Morgan Stanley,2024-02-07,Overweight,0.9054
NVDA,Cantor Fitzgerald,2024-02-12,Overweight,0.8726
NVDA,Mizuho,2024-02-13,Buy,0.9251
NVDA,Susquehanna,2024-02-14,Positive,0.8863
NVDA,Loop Capital,2024-02-16,Buy,0.9295
NVDA,Wedbush,2024-02-16,Outperform,0.9295
NVDA,Oppenheimer,2024-02-16,Outperform,0.9295
NVDA,Wells Fargo,2024-02-16,Overweight,0.9295
NVDA,Baird,2024-02-20,Outperform,0.9356
NVDA,Rosenblatt,2024-02-20,Buy,0.9356
NVDA,Cantor Fitzgerald,2024-02-20,Overweight,0.9356
NVDA,Wedbush,2024-02-22,Outperform,0.6123
NVDA,Jefferies,2024-02-22,Buy,0.6123
NVDA,JP Morgan,2024-02-22,Overweight,0.6123
NVDA,Morgan Stanley,2024-02-22,Overweight,0.6123
NVDA,Stifel,2024-02-22,Buy,0.6123
NVDA,Mizuho,2024-02-22,Buy,0.6123
NVDA,Benchmark,2024-02-22,Buy,0.6123
NVDA,B of A Securities,2024-02-22,Buy,0.6123
NVDA,Truist Securities,2024-02-22,Buy,0.6123
NVDA,UBS,2024-02-22,Buy,0.6123
NVDA,Oppenheimer,2024-02-22,Outperform,0.6123
NVDA,HSBC,2024-02-22,Buy,0.6123
NVDA,Wolfe Research,2024-02-22,Outperform,0.6123
NVDA,Bernstein,2024-02-22,Outperform,0.6123
NVDA,Cantor Fitzgerald,2024-02-22,Overweight,0.6123
NVDA,Needham,2024-02-22,Buy,0.6123
NVDA,Craig-Hallum,2024-02-22,Buy,0.6123
NVDA,Argus Research,2024-02-22,Buy,0.6123
NVDA,Keybanc,2024-02-22,Overweight,0.6123
NVDA,Tigress Financial,2024-02-29,Buy,0.4661
NVDA,Cantor Fitzgerald,2024-03-04,Overweight,0.2972
NVDA,CICC,2024-03-06,Outperform,0.2061
NVDA,Mizuho,2024-03-07,Buy,0.1736
NVDA,Cantor Fitzgerald,2024-03-11,Overweight,0.3475
NVDA,B of A Securities,2024-03-13,Buy,0.3151
NVDA,HSBC,2024-03-18,Buy,0.3400
NVDA,Truist Securities,2024-03-18,Buy,0.3400
NVDA,Wells Fargo,2024-03-19,Overweight,0.3166
NVDA,Susquehanna,2024-03-19,Positive,0.3166
NVDA,Wedbush,2024-03-19,Outperform,0.3166
NVDA,Keybanc,2024-03-19,Overweight,0.3166
NVDA,Oppenheimer,2024-03-20,Outperform,0.3434
NVDA,Piper Sandler,2024-03-20,Overweight,0.3434
NVDA,Citigroup,2024-03-20,Buy,0.3434
NVDA,Benchmark,2024-03-20,Buy,0.3434
NVDA,Goldman Sachs,2024-03-20,Buy,0.3434
NVDA,Stifel,2024-03-20,Buy,0.3434
NVDA,Argus Research,2024-03-20,Buy,0.3434
NVDA,TD Cowen,2024-03-21,Outperform,0.3200
NVDA,UBS,2024-03-22,Buy,0.2065
NVDA,Susquehanna,2024-04-04,Positive,0.1366
NVDA,Keybanc,2024-04-08,Overweight,0.3121
NVDA,Raymond James,2024-04-11,Strong Buy,0.2217
NVDA,Evercore ISI Group,2024-04-16,Outperform,0.1610
NVDA,UBS,2024-04-30,Buy,0.3252
NVDA,Goldman Sachs,2024-05-07,Buy,0.2882
NVDA,HSBC,2024-05-10,Buy,0.5058
NVDA,Wells Fargo,2024-05-14,Overweight,0.4821
NVDA,Wedbush,2024-05-16,Outperform,0.4241
NVDA,Oppenheimer,2024-05-17,Outperform,0.4252
NVDA,Baird,2024-05-20,Outperform,0.4015
NVDA,Stifel,2024-05-20,Buy,0.4015
NVDA,Rosenblatt,2024-05-20,Buy,0.4015
NVDA,Susquehanna,2024-05-20,Positive,0.4015
NVDA,Barclays,2024-05-20,Overweight,0.4015
NVDA,Wolfe Research,2024-05-23,Outperform,0.2988
NVDA,Goldman Sachs,2024-05-23,Buy,0.2988
NVDA,Needham,2024-05-23,Buy,0.2988
NVDA,B of A Securities,2024-05-23,Buy,0.2988
NVDA,Evercore ISI Group,2024-05-23,Outperform,0.2988
NVDA,Mizuho,2024-05-23,Buy,0.2988
NVDA,Piper Sandler,2024-05-23,Overweight,0.2988
NVDA,Stifel,2024-05-23,Buy,0.2988
NVDA,Keybanc,2024-05-23,Overweight,0.2988
NVDA,Rosenblatt,2024-05-23,Buy,0.2988
NVDA,Bernstein,2024-05-23,Outperform,0.2988
NVDA,Susquehanna,2024-05-23,Positive,0.2988
NVDA,JP Morgan,2024-05-23,Overweight,0.2988
NVDA,Barclays,2024-05-23,Overweight,0.2988
NVDA,Truist Securities,2024-05-23,Buy,0.2988
NVDA,Oppenheimer,2024-05-23,Outperform,0.2988
NVDA,Benchmark,2024-05-23,Buy,0.2988
NVDA,UBS,2024-05-23,Buy,0.2988
NVDA,Wells Fargo,2024-05-23,Overweight,0.2988
NVDA,Raymond James,2024-05-23,Strong Buy,0.2988
NVDA,Jefferies,2024-05-23,Buy,0.2988
NVDA,Morgan Stanley,2024-05-23,Overweight,0.2988
NVDA,Argus Research,2024-05-23,Buy,0.2988
NVDA,Cantor Fitzgerald,2024-05-23,Overweight,0.2988
NVDA,TD Cowen,2024-05-23,Buy,0.2988
NVDA,Wedbush,2024-05-23,Outperform,0.2988
NVDA,Craig-Hallum,2024-05-23,Buy,0.2988
NVDA,Citigroup,2024-05-23,Buy,0.2988
NVDA,Mizuho,2024-06-04,Buy,0.2171
NVDA,Susquehanna,2024-06-10,Positive,0.1906
NVDA,Barclays,2024-06-10,Overweight,0.1906
NVDA,TD Cowen,2024-06-10,Buy,0.1906
NVDA,Morgan Stanley,2024-06-10,Overweight,0.1906
NVDA,Goldman Sachs,2024-06-11,Buy,0.1742
NVDA,Evercore ISI Group,2024-06-11,Outperform,0.1742
NVDA,Argus Research,2024-06-11,Buy,0.1742
NVDA,Rosenblatt,2024-06-18,Buy,0.0634
NVDA,Wells Fargo,2024-06-18,Overweight,0.0634
NVDA,Tigress Financial,2024-06-18,Buy,0.0634
NVDA,Melius Research,2024-06-21,Buy,0.2192
NVDA,Jefferies,2024-06-24,Buy,0.3125
NVDA,Citigroup,2024-06-26,Buy,0.2499
NVDA,Cantor Fitzgerald,2024-06-26,Overweight,0.2499
NVDA,Truist Securities,2024-06-27,Buy,0.2364
NVDA,Morgan Stanley,2024-07-01,Overweight,0.2819
NVDA,UBS,2024-07-08,Buy,0.2800
NVDA,Keybanc,2024-07-09,Overweight,0.2553
NVDA,Benchmark,2024-07-12,Buy,0.3260
NVDA,TD Cowen,2024-07-15,Buy,0.3469
NVDA,Piper Sandler,2024-07-22,Overweight,0.4063
NVDA,Loop Capital,2024-07-22,Buy,0.4063
NVDA,Goldman Sachs,2024-08-05,Buy,0.7996
NVDA,New Street Research,2024-08-06,Buy,0.7525
NVDA,Goldman Sachs,2024-08-19,Buy,0.3460
NVDA,HSBC,2024-08-21,Buy,0.3993
NVDA,Rosenblatt,2024-08-22,Buy,0.4690
NVDA,Evercore ISI Group,2024-08-23,Outperform,0.4037
NVDA,Wedbush,2024-08-23,Outperform,0.4037
NVDA,Loop Capital,2024-08-26,Buy,0.4247
NVDA,Truist Securities,2024-08-27,Buy,0.3576
NVDA,Mizuho,2024-08-29,Outperform,0.4510
NVDA,Raymond James,2024-08-29,Strong Buy,0.4510
NVDA,Needham,2024-08-29,Buy,0.4510
NVDA,Baird,2024-08-29,Outperform,0.4510
NVDA,Rosenblatt,2024-08-29,Buy,0.4510
NVDA,B of A Securities,2024-08-29,Buy,0.4510
NVDA,Wells Fargo,2024-08-29,Overweight,0.4510
NVDA,Craig-Hallum,2024-08-29,Buy,0.4510
NVDA,WestPark Capital,2024-08-29,Buy,0.4510
NVDA,Morgan Stanley,2024-08-29,Overweight,0.4510
NVDA,JP Morgan,2024-08-29,Overweight,0.4510
NVDA,Truist Securities,2024-08-29,Buy,0.4510
NVDA,Benchmark,2024-08-29,Buy,0.4510
NVDA,Cantor Fitzgerald,2024-08-29,Overweight,0.4510
NVDA,Wedbush,2024-08-29,Outperform,0.4510
NVDA,Piper Sandler,2024-08-29,Overweight,0.4510
NVDA,Bernstein,2024-08-29,Outperform,0.4510
NVDA,B of A Securities,2024-09-05,Buy,0.5928
NVDA,William Blair,2024-09-18,Outperform,0.6196
NVDA,UBS,2024-10-08,Buy,0.3783
NVDA,Cantor Fitzgerald,2024-10-08,Overweight,0.3783
NVDA,Morgan Stanley,2024-10-10,Overweight,0.3354
NVDA,Goldman Sachs,2024-10-11,Buy,0.3341
NVDA,B of A Securities,2024-10-18,Buy,0.3064
NVDA,Morgan Stanley,2024-11-11,Overweight,0.2864
NVDA,Piper Sandler,2024-11-11,Overweight,0.2864
NVDA,Melius Research,2024-11-11,Buy,0.2864
NVDA,UBS,2024-11-11,Buy,0.2864
NVDA,Redburn Atlantic,2024-11-12,Buy,0.2824
NVDA,Mizuho,2024-11-12,Outperform,0.2824
NVDA,Citigroup,2024-11-13,Buy,0.2757
NVDA,Oppenheimer,2024-11-14,Outperform,0.2358
NVDA,HSBC,2024-11-14,Buy,0.2358
NVDA,Susquehanna,2024-11-14,Positive,0.2358
NVDA,Raymond James,2024-11-14,Strong Buy,0.2358
NVDA,Wedbush,2024-11-14,Outperform,0.2358
NVDA,Rosenblatt,2024-11-18,Buy,0.2889
NVDA,Truist Securities,2024-11-19,Buy,0.2168
NVDA,Stifel,2024-11-19,Buy,0.2168
NVDA,Loop Capital,2024-11-20,Buy,0.2513
NVDA,Craig-Hallum,2024-11-21,Buy,0.2124
NVDA,Melius Research,2024-11-21,Buy,0.2124
NVDA,Needham,2024-11-21,Buy,0.2124
NVDA,Benchmark,2024-11-21,Buy,0.2124
NVDA,Morgan Stanley,2024-11-21,Overweight,0.2124
NVDA,Rosenblatt,2024-11-21,Buy,0.2124
NVDA,Goldman Sachs,2024-11-21,Buy,0.2124
NVDA,Evercore ISI Group,2024-11-21,Outperform,0.2124
NVDA,Wells Fargo,2024-11-21,Overweight,0.2124
NVDA,Cantor Fitzgerald,2024-11-21,Overweight,0.2124
NVDA,Barclays,2024-11-21,Overweight,0.2124
NVDA,JP Morgan,2024-11-21,Overweight,0.2124
NVDA,Oppenheimer,2024-11-21,Outperform,0.2124
NVDA,B of A Securities,2024-11-21,Buy,0.2124
NVDA,Citigroup,2024-11-21,Buy,0.2124
NVDA,TD Cowen,2024-11-21,Buy,0.2124
NVDA,Mizuho,2024-11-21,Outperform,0.2124
NVDA,Wedbush,2024-11-21,Outperform,0.2124
NVDA,Truist Securities,2024-11-21,Buy,0.2124
NVDA,Phillip Securities,2024-11-22,Accumulate,0.2699
NVDA,Truist Securities,2024-12-16,Buy,0.3192
NVDA,Morgan Stanley,2024-12-20,Overweight,0.4002
NVDA,B of A Securities,2025-01-07,Buy,0.3191
NVDA,Benchmark,2025-01-07,Buy,0.3191
NVDA,Rosenblatt,2025-01-08,Buy,0.3200
NVDA,HSBC,2025-01-13,Buy,0.3746
NVDA,Barclays,2025-01-17,Overweight,0.3312
NVDA,Cantor Fitzgerald,2025-01-27,Overweight,0.6173
NVDA,Tigress Financial,2025-01-28,Strong Buy,0.4924
NVDA,Morgan Stanley,2025-01-28,Overweight,0.4924
NVDA,Baird,2025-02-20,Outperform,0.3671
NVDA,Keybanc,2025-02-20,Overweight,0.3671
NVDA,Rosenblatt,2025-02-24,Buy,0.5011
NVDA,Evercore ISI Group,2025-02-25,Outperform,0.4601
NVDA,Rosenblatt,2025-02-27,Buy,0.5188
NVDA,Needham,2025-02-27,Buy,0.5188
NVDA,B of A Securities,2025-02-27,Buy,0.5188
NVDA,Morgan Stanley,2025-02-27,Overweight,0.5188
NVDA,Truist Securities,2025-02-27,Buy,0.5188
NVDA,Benchmark,2025-02-27,Buy,0.5188
NVDA,Cantor Fitzgerald,2025-02-27,Overweight,0.5188
NVDA,Mizuho,2025-03-14,Outperform,0.4953
NVDA,Benchmark,2025-03-19,Buy,0.4695
NVDA,Rosenblatt,2025-03-19,Buy,0.4695
NVDA,Needham,2025-03-19,Buy,0.4695
NVDA,B of A Securities,2025-03-19,Buy,0.4695
NVDA,Keybanc,2025-03-19,Overweight,0.4695
NVDA,Cantor Fitzgerald,2025-03-19,Overweight,0.4695
NVDA,Susquehanna,2025-03-19,Positive,0.4695
NVDA,Benchmark,2025-03-20,Buy,0.4818
NVDA,TD Cowen,2025-04-09,Buy,0.6558
NVDA,Citigroup,2025-04-11,Buy,0.7928
NVDA,Evercore ISI Group,2025-04-16,Outperform,0.9338
NVDA,B of A Securities,2025-04-16,Buy,0.9338
NVDA,Wedbush,2025-04-16,Outperform,0.9338
NVDA,Piper Sandler,2025-04-16,Overweight,0.9338
NVDA,Cantor Fitzgerald,2025-04-16,Overweight,0.9338
NVDA,Raymond James,2025-04-16,Strong Buy,0.9338
NVDA,Rosenblatt,2025-04-16,Buy,0.9338
NVDA,UBS,2025-04-17,Buy,0.9695
NVDA,Barclays,2025-04-22,Overweight,1.0188
NVDA,Rosenblatt,2025-04-23,Buy,1.0277
NVDA,Morgan Stanley,2025-04-25,Overweight,0.9203
NVDA,UBS,2025-05-12,Buy,0.8360
NVDA,B of A Securities,2025-05-14,Buy,0.6648
NVDA,Wedbush,2025-05-22,Outperform,0.6176
NVDA,B of A Securities,2025-05-29,Buy,0.6119
NVDA,Needham,2025-05-29,Buy,0.6119
NVDA,Benchmark,2025-05-29,Buy,0.6119
NVDA,Rosenblatt,2025-05-29,Buy,0.6119
NVDA,Barclays,2025-05-29,Overweight,0.6119
NVDA,Morgan Stanley,2025-05-29,Overweight,0.6119
NVDA,Citigroup,2025-05-29,Buy,0.6119
NVDA,Mizuho,2025-05-29,Outperform,0.6119
NVDA,Piper Sandler,2025-05-29,Overweight,0.6119
NVDA,Raymond James,2025-05-29,Strong Buy,0.6119
NVDA,Truist Securities,2025-05-29,Buy,0.6119
NVDA,Oppenheimer,2025-06-16,Outperform,0.4144
NVDA,Barclays,2025-06-17,Overweight,0.4619
NVDA,Loop Capital,2025-06-25,Buy,0.2477
NVDA,Mizuho,2025-07-03,Outperform,0.2359
NVDA,Citigroup,2025-07-07,Buy,0.2899
NVDA,Goldman Sachs,2025-07-10,Buy,0.2403
NVDA,B of A Securities,2025-07-15,Buy,0.2150
NVDA,Melius Research,2025-07-15,Buy,0.2150
NVDA,DZ Bank,2025-07-15,Buy,0.2150
NVDA,Oppenheimer,2025-07-15,Outperform,0.2150
NVDA,Needham,2025-07-16,Buy,0.1835
NVDA,Mizuho,2025-07-16,Outperform,0.1835
NVDA,Morgan Stanley,2025-07-30,Overweight,0.1198
NVDA,B of A Securities,2025-08-04,Buy,0.2179
NVDA,Goldman Sachs,2025-08-07,Buy,0.2035
NVDA,Wells Fargo,2025-08-11,Overweight,0.2309
NVDA,Piper Sandler,2025-08-13,Overweight,0.2399
NVDA,Mizuho,2025-08-14,Outperform,0.2362
NVDA,Morgan Stanley,2025-08-18,Overweight,0.1953
NVDA,Cantor Fitzgerald,2025-08-18,Overweight,0.1953
NVDA,TD Cowen,2025-08-19,Buy,0.2346
NVDA,Keybanc,2025-08-20,Overweight,0.2242
NVDA,Wedbush,2025-08-21,Outperform,0.1915
NVDA,UBS,2025-08-21,Buy,0.1915
NVDA,Evercore ISI Group,2025-08-22,Outperform,0.1970
NVDA,Baird,2025-08-25,Outperform,0.1660
NVDA,Stifel,2025-08-25,Buy,0.1660
NVDA,Needham,2025-08-28,Buy,0.2254
NVDA,Benchmark,2025-08-28,Buy,0.2254
NVDA,Rosenblatt,2025-08-28,Buy,0.2254
NVDA,Bernstein,2025-08-28,Outperform,0.2254
NVDA,Keybanc,2025-08-28,Overweight,0.2254
NVDA,Cantor Fitzgerald,2025-08-28,Overweight,0.2254
NVDA,Wedbush,2025-08-28,Outperform,0.2254
NVDA,Truist Securities,2025-08-28,Buy,0.2254
NVDA,B of A Securities,2025-08-28,Buy,0.2254
NVDA,Morgan Stanley,2025-08-28,Overweight,0.2254
NVDA,Oppenheimer,2025-08-28,Outperform,0.2254
NVDA,Craig-Hallum,2025-08-28,Buy,0.2254
NVDA,Goldman Sachs,2025-08-28,Buy,0.2254
NVDA,JP Morgan,2025-08-28,Overweight,0.2254
NVDA,Citigroup,2025-08-28,Buy,0.2254
NVDA,JP Morgan,2025-09-04,Overweight,0.3420
NVDA,Citigroup,2025-09-08,Buy,0.3289
NVDA,DA Davidson,2025-09-11,Buy,0.1907
NVDA,Rosenblatt,2025-09-23,Buy,0.2586
NVDA,Evercore ISI Group,2025-09-23,Outperform,0.2586
NVDA,DA Davidson,2025-09-23,Buy,0.2586
NVDA,Barclays,2025-09-25,Overweight,0.2880
NVDA,Jefferies,2025-09-29,Buy,0.2559
MSFT,Nomura,2016-10-21,Buy,0.3213
MSFT,Goldman Sachs,2016-11-17,Buy,0.3588
MSFT,Piper Sandler,2016-12-22,Overweight,0.3456
MSFT,Wells Fargo,2017-01-11,Outperform,0.3939
MSFT,Tigress Financial,2017-01-23,Buy,0.4597
MSFT,Credit Suisse,2017-04-27,Outperform,0.4035
MSFT,Cleveland Research,2017-06-22,Buy,0.4291
MSFT,Credit Suisse,2017-07-17,Outperform,0.4444
MSFT,Deutsche Bank,2017-07-21,Buy,0.4632
MSFT,Canaccord Genuity,2017-10-05,Buy,0.4760
MSFT,Stifel,2017-10-27,Buy,0.2391
MSFT,Barclays,2017-10-27,Overweight,0.2391
MSFT,BMO Capital,2017-10-27,Outperform,0.2391
MSFT,Canaccord Genuity,2017-10-27,Buy,0.2391
MSFT,Argus Research,2017-10-31,Buy,0.2841
MSFT,Oppenheimer,2017-10-31,Outperform,0.2841
MSFT,UBS,2017-11-09,Buy,0.3030
MSFT,Nomura,2018-01-24,Buy,0.1672
MSFT,Barclays,2018-01-25,Overweight,0.1381
MSFT,Keybanc,2018-02-01,Overweight,0.1218
MSFT,Stifel,2018-02-01,Buy,0.1218
MSFT,B of A Securities,2018-02-01,Buy,0.1218
MSFT,BMO Capital,2018-02-01,Outperform,0.1218
MSFT,Canaccord Genuity,2018-02-01,Buy,0.1218
MSFT,Nomura,2018-02-02,Buy,0.1682
MSFT,Morgan Stanley,2018-02-02,Overweight,0.1682
MSFT,Morgan Stanley,2018-03-26,Overweight,0.2451
MSFT,Stifel,2018-04-27,Buy,0.3630
MSFT,Canaccord Genuity,2018-04-27,Buy,0.3630
MSFT,JP Morgan,2018-04-27,Overweight,0.3630
MSFT,Barclays,2018-04-27,Overweight,0.3630
MSFT,Argus Research,2018-06-06,Buy,0.2821
MSFT,Piper Sandler,2018-07-17,Overweight,0.2876
MSFT,Raymond James,2018-07-17,Strong Buy,0.2876
MSFT,B of A Securities,2018-07-17,Buy,0.2876
MSFT,Keybanc,2018-07-20,Overweight,0.3107
MSFT,Stifel,2018-07-20,Buy,0.3107
MSFT,Credit Suisse,2018-07-20,Outperform,0.3107
MSFT,Wells Fargo,2018-07-20,Outperform,0.3107
MSFT,BMO Capital,2018-07-20,Outperform,0.3107
MSFT,Barclays,2018-07-20,Overweight,0.3107
MSFT,Argus Research,2018-07-23,Buy,0.3033
MSFT,Barclays,2018-09-07,Overweight,0.2576
MSFT,Macquarie,2018-10-12,Outperform,0.2921
MSFT,Wedbush,2018-10-19,Outperform,0.2550
MSFT,Keybanc,2018-10-25,Overweight,0.3314
MSFT,Nomura,2018-10-25,Buy,0.3314
MSFT,Nomura,2019-01-31,Buy,0.6301
MSFT,Mizuho,2019-03-14,Buy,0.3861
MSFT,Barclays,2019-04-12,Overweight,0.4361
MSFT,Keybanc,2019-04-17,Overweight,0.4667
MSFT,Wedbush,2019-04-25,Outperform,0.3515
MSFT,Keybanc,2019-04-25,Overweight,0.3515
MSFT,Morgan Stanley,2019-04-25,Overweight,0.3515
MSFT,Deutsche Bank,2019-04-25,Buy,0.3515
MSFT,Barclays,2019-04-25,Overweight,0.3515
MSFT,UBS,2019-04-25,Buy,0.3515
MSFT,B of A Securities,2019-04-25,Buy,0.3515
MSFT,BMO Capital,2019-04-25,Outperform,0.3515
MSFT,Nomura,2019-04-25,Buy,0.3515
MSFT,Raymond James,2019-04-25,Strong Buy,0.3515
MSFT,Deutsche Bank,2019-06-19,Buy,0.4468
MSFT,Cowen & Co.,2019-07-11,Outperform,0.5439
MSFT,Wells Fargo,2019-07-12,Outperform,0.4908
MSFT,Keybanc,2019-07-19,Overweight,0.5488
MSFT,Stifel,2019-07-19,Buy,0.5488
MSFT,Credit Suisse,2019-07-19,Outperform,0.5488
MSFT,Raymond James,2019-07-19,Strong Buy,0.5488
MSFT,Morgan Stanley,2019-07-19,Overweight,0.5488
MSFT,Canaccord Genuity,2019-07-19,Buy,0.5488
MSFT,BMO Capital,2019-07-19,Outperform,0.5488
MSFT,Jefferies,2019-10-08,Buy,0.5466
MSFT,Wedbush,2019-10-24,Outperform,0.5452
MSFT,BMO Capital,2019-10-24,Outperform,0.5452
MSFT,Morgan Stanley,2019-10-24,Overweight,0.5452
MSFT,Stifel,2019-10-24,Buy,0.5452
MSFT,Barclays,2019-10-24,Overweight,0.5452
MSFT,Mizuho,2019-10-28,Buy,0.4790
MSFT,Barclays,2019-11-01,Overweight,0.4078
MSFT,Deutsche Bank,2019-12-17,Buy,0.4175
MSFT,Wedbush,2019-12-17,Outperform,0.4175
MSFT,Morgan Stanley,2020-01-08,Overweight,0.3635
MSFT,Cowen & Co.,2020-01-09,Outperform,0.3549
MSFT,Wedbush,2020-01-09,Outperform,0.3549
MSFT,TD Cowen,2020-01-09,Outperform,0.3549
MSFT,Jefferies,2020-01-10,Buy,0.3480
MSFT,Credit Suisse,2020-01-13,Outperform,0.3163
MSFT,Wells Fargo,2020-01-16,Overweight,0.2797
MSFT,RBC Capital,2020-01-21,Outperform,0.3474
MSFT,Piper Sandler,2020-01-23,Overweight,0.3553
MSFT,Mizuho,2020-01-30,Buy,0.3425
MSFT,RBC Capital,2020-01-30,Outperform,0.3425
MSFT,Wedbush,2020-01-30,Outperform,0.3425
MSFT,Stifel,2020-01-30,Buy,0.3425
MSFT,Raymond James,2020-01-30,Strong Buy,0.3425
MSFT,Piper Sandler,2020-01-30,Overweight,0.3425
MSFT,UBS,2020-01-30,Buy,0.3425
MSFT,Wells Fargo,2020-01-30,Overweight,0.3425
MSFT,BMO Capital,2020-01-30,Outperform,0.3425
MSFT,Credit Suisse,2020-01-30,Outperform,0.3425
MSFT,Deutsche Bank,2020-01-30,Buy,0.3425
MSFT,Morgan Stanley,2020-01-30,Overweight,0.3425
MSFT,Stifel,2020-01-30,Buy,0.3425
MSFT,JP Morgan,2020-01-30,Overweight,0.3425
MSFT,Oppenheimer,2020-01-30,Outperform,0.3425
MSFT,Nomura,2020-01-31,Buy,0.4078
MSFT,CFRA,2020-02-03,Buy,0.3735
MSFT,Deutsche Bank,2020-03-17,Buy,0.6172
MSFT,Morgan Stanley,2020-03-25,Overweight,0.5814
MSFT,Piper Sandler,2020-03-31,Overweight,0.4950
MSFT,Raymond James,2020-04-03,Strong Buy,0.6113
MSFT,Mizuho,2020-04-21,Buy,0.5527
MSFT,RBC Capital,2020-04-24,Outperform,0.4984
MSFT,Jefferies,2020-04-28,Buy,0.4991
MSFT,Mizuho,2020-04-30,Buy,0.4072
MSFT,Morgan Stanley,2020-04-30,Overweight,0.4072
MSFT,Goldman Sachs,2020-04-30,Buy,0.4072
MSFT,Credit Suisse,2020-04-30,Outperform,0.4072
MSFT,UBS,2020-04-30,Buy,0.4072
MSFT,BMO Capital,2020-04-30,Outperform,0.4072
MSFT,Wells Fargo,2020-04-30,Overweight,0.4072
MSFT,RBC Capital,2020-05-18,Outperform,0.3146
MSFT,Goldman Sachs,2020-05-22,Buy,0.3666
MSFT,Deutsche Bank,2020-06-12,Buy,0.3843
MSFT,Argus Research,2020-06-24,Buy,0.3480
MSFT,Goldman Sachs,2020-06-24,Buy,0.3480
MSFT,Wedbush,2020-07-09,Outperform,0.2968
MSFT,Morgan Stanley,2020-07-09,Overweight,0.2968
MSFT,Credit Suisse,2020-07-16,Outperform,0.3768
MSFT,Barclays,2020-07-20,Overweight,0.3200
MSFT,Jefferies,2020-07-20,Buy,0.3200
MSFT,Raymond James,2020-07-20,Strong Buy,0.3200
MSFT,Piper Sandler,2020-07-23,Overweight,0.4302
MSFT,Deutsche Bank,2020-07-23,Buy,0.4302
MSFT,JP Morgan,2020-07-23,Overweight,0.4302
MSFT,Mizuho,2020-08-31,Buy,0.3385
MSFT,Morgan Stanley,2020-09-09,Overweight,0.4068
MSFT,Deutsche Bank,2020-10-12,Buy,0.3229
MSFT,RBC Capital,2020-10-13,Outperform,0.3296
MSFT,UBS,2020-10-14,Buy,0.3708
MSFT,Mizuho,2020-10-15,Buy,0.3849
MSFT,Stifel,2020-10-20,Buy,0.4321
MSFT,Barclays,2020-10-23,Overweight,0.4250
MSFT,Piper Sandler,2020-10-28,Overweight,0.6003
MSFT,Morgan Stanley,2020-10-28,Overweight,0.6003
MSFT,Barclays,2020-10-28,Overweight,0.6003
MSFT,Goldman Sachs,2020-10-28,Buy,0.6003
MSFT,Credit Suisse,2020-10-28,Outperform,0.6003
MSFT,TD Cowen,2020-10-28,Outperform,0.6003
MSFT,Deutsche Bank,2020-10-29,Buy,0.6199
MSFT,Oppenheimer,2020-11-05,Outperform,0.5050
MSFT,Keybanc,2020-11-24,Overweight,0.5801
MSFT,Morgan Stanley,2020-12-18,Overweight,0.4635
MSFT,Citigroup,2020-12-21,Buy,0.4704
MSFT,Goldman Sachs,2021-01-22,Buy,0.3102
MSFT,Piper Sandler,2021-01-27,Overweight,0.2740
MSFT,Wedbush,2021-01-27,Outperform,0.2740
MSFT,Morgan Stanley,2021-01-27,Overweight,0.2740
MSFT,Credit Suisse,2021-01-27,Outperform,0.2740
MSFT,Goldman Sachs,2021-01-27,Buy,0.2740
MSFT,Raymond James,2021-01-27,Strong Buy,0.2740
MSFT,TD Cowen,2021-01-27,Outperform,0.2740
MSFT,JP Morgan,2021-01-27,Overweight,0.2740
MSFT,UBS,2021-01-27,Buy,0.2740
MSFT,Jefferies,2021-01-27,Buy,0.2740
MSFT,Citigroup,2021-01-27,Buy,0.2740
MSFT,Mizuho,2021-01-27,Buy,0.2740
MSFT,BMO Capital,2021-01-27,Outperform,0.2740
MSFT,Barclays,2021-01-27,Overweight,0.2740
MSFT,Oppenheimer,2021-01-27,Outperform,0.2740
MSFT,B of A Securities,2021-01-27,Buy,0.2740
MSFT,Argus Research,2021-01-28,Buy,0.2549
MSFT,Piper Sandler,2021-02-02,Overweight,0.2891
MSFT,UBS,2021-02-09,Buy,0.2494
MSFT,Wedbush,2021-02-16,Outperform,0.2105
MSFT,Morgan Stanley,2021-03-05,Overweight,0.2516
MSFT,BMO Capital,2021-04-12,Outperform,0.1604
MSFT,Argus Research,2021-04-13,Buy,0.1036
MSFT,Citigroup,2021-04-21,Buy,0.0989
MSFT,B of A Securities,2021-04-21,Buy,0.0989
MSFT,Exane BNP Paribas,2021-04-22,Outperform,0.0919
MSFT,Wolfe Research,2021-04-23,Outperform,0.0493
MSFT,Keybanc,2021-04-26,Overweight,0.0733
MSFT,Barclays,2021-04-28,Overweight,0.1126
MSFT,Raymond James,2021-04-28,Strong Buy,0.1126
MSFT,Credit Suisse,2021-04-28,Outperform,0.1126
MSFT,Mizuho,2021-04-28,Buy,0.1126
MSFT,Morgan Stanley,2021-04-28,Overweight,0.1126
MSFT,TD Cowen,2021-04-28,Outperform,0.1126
MSFT,JP Morgan,2021-04-28,Overweight,0.1126
MSFT,UBS,2021-04-28,Buy,0.1126
MSFT,Piper Sandler,2021-04-28,Overweight,0.1126
MSFT,Rosenblatt,2021-05-13,Buy,0.0507
MSFT,Jefferies,2021-05-18,Buy,0.0977
MSFT,KGI Securities,2021-06-02,Outperform,0.1016
MSFT,Tigress Financial,2021-06-03,Buy,0.1175
MSFT,Wedbush,2021-06-23,Outperform,-0.0242
MSFT,Jefferies,2021-06-28,Buy,-0.0455
MSFT,Mizuho,2021-07-16,Buy,-0.0944
MSFT,Rosenblatt,2021-07-21,Buy,-0.0588
MSFT,Stifel,2021-07-21,Buy,-0.0588
MSFT,Cowen & Co.,2021-07-22,Outperform,-0.0901
MSFT,TD Cowen,2021-07-22,Outperform,-0.0901
MSFT,Barclays,2021-07-23,Overweight,-0.1065
MSFT,Jefferies,2021-07-26,Buy,-0.1285
MSFT,Rosenblatt,2021-07-28,Buy,-0.0343
MSFT,Stifel,2021-07-28,Buy,-0.0343
MSFT,Morgan Stanley,2021-07-28,Overweight,-0.0343
MSFT,TD Cowen,2021-07-28,Outperform,-0.0343
MSFT,Barclays,2021-07-28,Overweight,-0.0343
MSFT,Citigroup,2021-07-28,Buy,-0.0343
MSFT,Mizuho,2021-07-28,Buy,-0.0343
MSFT,Credit Suisse,2021-07-28,Outperform,-0.0343
MSFT,Piper Sandler,2021-07-28,Overweight,-0.0343
MSFT,JP Morgan,2021-07-29,Overweight,-0.0201
MSFT,UBS,2021-08-20,Buy,-0.0874
MSFT,Mizuho,2021-08-20,Buy,-0.0874
MSFT,Wedbush,2021-08-20,Outperform,-0.0874
MSFT,Jefferies,2021-09-08,Buy,-0.1389
MSFT,Morgan Stanley,2021-09-14,Overweight,-0.1587
MSFT,Barclays,2021-09-17,Overweight,-0.1846
MSFT,Tigress Financial,2021-09-17,Buy,-0.1846
MSFT,Jefferies,2021-10-20,Buy,-0.2318
MSFT,Wedbush,2021-10-20,Outperform,-0.2318
MSFT,Keybanc,2021-10-25,Overweight,-0.1865
MSFT,Piper Sandler,2021-10-27,Overweight,-0.2984
MSFT,Stifel,2021-10-27,Buy,-0.2984
MSFT,Goldman Sachs,2021-10-27,Buy,-0.2984
MSFT,Credit Suisse,2021-10-27,Outperform,-0.2984
MSFT,Barclays,2021-10-27,Overweight,-0.2984
MSFT,Morgan Stanley,2021-10-27,Overweight,-0.2984
MSFT,JP Morgan,2021-10-27,Overweight,-0.2984
MSFT,TD Cowen,2021-10-27,Outperform,-0.2984
MSFT,Mizuho,2021-10-27,Buy,-0.2984
MSFT,Citigroup,2021-10-28,Buy,-0.2728
MSFT,Deutsche Bank,2021-11-02,Buy,-0.3393
MSFT,Wells Fargo,2021-11-22,Overweight,-0.2790
MSFT,SMBC Nikko,2021-12-22,Outperform,-0.2851
MSFT,Jefferies,2022-01-06,Buy,-0.2764
MSFT,Mizuho,2022-01-18,Buy,-0.2337
MSFT,TD Cowen,2022-01-20,Outperform,-0.1957
MSFT,BMO Capital,2022-01-26,Outperform,-0.1636
MSFT,Oppenheimer,2022-01-26,Outperform,-0.1636
MSFT,Morgan Stanley,2022-01-26,Overweight,-0.1636
MSFT,Citigroup,2022-01-26,Buy,-0.1636
MSFT,Mizuho,2022-01-26,Buy,-0.1636
MSFT,Tigress Financial,2022-02-04,Buy,-0.1254
MSFT,Wells Fargo,2022-04-19,Overweight,0.0028
MSFT,Citigroup,2022-04-19,Buy,0.0028
MSFT,BMO Capital,2022-04-26,Outperform,0.1281
MSFT,Wolfe Research,2022-04-27,Outperform,0.0849
MSFT,Deutsche Bank,2022-04-27,Buy,0.0849
MSFT,Stifel,2022-04-27,Buy,0.0849
MSFT,Wedbush,2022-04-27,Outperform,0.0849
MSFT,Jefferies,2022-05-23,Buy,0.2041
MSFT,Barclays,2022-06-10,Overweight,0.3214
MSFT,Jefferies,2022-06-13,Buy,0.3925
MSFT,UBS,2022-06-16,Buy,0.3800
MSFT,SMBC Nikko,2022-06-24,Outperform,0.2498
MSFT,Keybanc,2022-07-07,Overweight,0.2363
MSFT,Piper Sandler,2022-07-08,Overweight,0.2421
MSFT,Morgan Stanley,2022-07-12,Overweight,0.3508
MSFT,SMBC Nikko,2022-07-14,Outperform,0.3607
MSFT,BMO Capital,2022-07-15,Outperform,0.4003
MSFT,Citigroup,2022-07-19,Buy,0.3365
MSFT,Mizuho,2022-07-19,Buy,0.3365
MSFT,Cowen & Co.,2022-07-22,Outperform,0.3481
MSFT,TD Cowen,2022-07-22,Outperform,0.3481
MSFT,Wells Fargo,2022-07-25,Overweight,0.3050
MSFT,Rosenblatt,2022-07-26,Buy,0.3129
MSFT,Citigroup,2022-07-27,Buy,0.2591
MSFT,BMO Capital,2022-07-27,Outperform,0.2591
MSFT,Wedbush,2022-07-27,Outperform,0.2591
MSFT,Stifel,2022-07-27,Buy,0.2591
MSFT,JP Morgan,2022-07-27,Overweight,0.2591
MSFT,Deutsche Bank,2022-07-27,Buy,0.2591
MSFT,Cowen & Co.,2022-07-27,Outperform,0.2591
MSFT,TD Cowen,2022-07-27,Outperform,0.2591
MSFT,Wolfe Research,2022-07-29,Outperform,0.1980
MSFT,SMBC Nikko,2022-08-08,Outperform,0.1495
MSFT,Oppenheimer,2022-10-04,Outperform,0.2832
MSFT,Wells Fargo,2022-10-12,Overweight,0.4517
MSFT,Morgan Stanley,2022-10-14,Overweight,0.4528
MSFT,Mizuho,2022-10-17,Buy,0.3898
MSFT,Barclays,2022-10-18,Overweight,0.3892
MSFT,Deutsche Bank,2022-10-18,Buy,0.3892
MSFT,Citigroup,2022-10-19,Buy,0.3814
MSFT,Cowen & Co.,2022-10-19,Outperform,0.3814
MSFT,TD Cowen,2022-10-19,Outperform,0.3814
MSFT,Piper Sandler,2022-10-20,Overweight,0.3945
MSFT,Rosenblatt,2022-10-20,Buy,0.3945
MSFT,UBS,2022-10-20,Buy,0.3945
MSFT,BMO Capital,2022-10-21,Outperform,0.3651
MSFT,Piper Sandler,2022-10-26,Overweight,0.4258
MSFT,Jefferies,2022-10-26,Buy,0.4258
MSFT,Barclays,2022-10-26,Overweight,0.4258
MSFT,Credit Suisse,2022-10-26,Outperform,0.4258
MSFT,Deutsche Bank,2022-10-26,Buy,0.4258
MSFT,Mizuho,2022-10-26,Buy,0.4258
MSFT,Morgan Stanley,2022-10-26,Overweight,0.4258
MSFT,Raymond James,2022-10-26,Outperform,0.4258
MSFT,Stifel,2022-10-26,Buy,0.4258
MSFT,Cowen & Co.,2022-10-26,Outperform,0.4258
MSFT,Wells Fargo,2022-10-26,Overweight,0.4258
MSFT,RBC Capital,2022-10-26,Outperform,0.4258
MSFT,Atlantic Equities,2022-10-26,Overweight,0.4258
MSFT,Wedbush,2022-10-26,Outperform,0.4258
MSFT,Wolfe Research,2022-10-26,Outperform,0.4258
MSFT,Jefferies,2022-10-26,Buy,0.4258
MSFT,Evercore ISI Group,2022-10-26,Outperform,0.4258
MSFT,BMO Capital,2022-10-26,Outperform,0.4258
MSFT,TD Cowen,2022-10-26,Outperform,0.4258
MSFT,Oppenheimer,2022-10-26,Outperform,0.4258
MSFT,Rosenblatt,2022-10-27,Buy,0.4876
MSFT,DA Davidson,2023-01-05,Buy,0.6854
MSFT,Piper Sandler,2023-01-09,Overweight,0.6853
MSFT,Barclays,2023-01-10,Overweight,0.6807
MSFT,Cowen & Co.,2023-01-19,Outperform,0.7096
MSFT,Citigroup,2023-01-19,Buy,0.7096
MSFT,Evercore ISI Group,2023-01-19,Outperform,0.7096
MSFT,TD Cowen,2023-01-19,Outperform,0.7096
MSFT,Mizuho,2023-01-20,Buy,0.6606
MSFT,BMO Capital,2023-01-23,Outperform,0.6595
MSFT,Jefferies,2023-01-23,Buy,0.6595
MSFT,Raymond James,2023-01-25,Outperform,0.6788
MSFT,Citigroup,2023-01-25,Buy,0.6788
MSFT,JP Morgan,2023-01-25,Overweight,0.6788
MSFT,Wolfe Research,2023-01-25,Outperform,0.6788
MSFT,Mizuho,2023-01-25,Buy,0.6788
MSFT,Jefferies,2023-01-25,Buy,0.6788
MSFT,Stifel,2023-01-25,Buy,0.6788
MSFT,Wedbush,2023-01-25,Outperform,0.6788
MSFT,Credit Suisse,2023-01-26,Outperform,0.6521
MSFT,Rosenblatt,2023-01-26,Buy,0.6521
MSFT,Bernstein,2023-01-26,Outperform,0.6521
MSFT,Piper Sandler,2023-02-08,Overweight,0.5767
MSFT,Wedbush,2023-02-08,Outperform,0.5767
MSFT,Oppenheimer,2023-02-08,Outperform,0.5767
MSFT,Jefferies,2023-02-08,Buy,0.5767
MSFT,Mizuho,2023-02-08,Buy,0.5767
MSFT,JP Morgan,2023-02-08,Overweight,0.5767
MSFT,DA Davidson,2023-02-08,Buy,0.5767
MSFT,Stifel,2023-02-13,Buy,0.5093
MSFT,Wedbush,2023-02-24,Outperform,0.6350
MSFT,RBC Capital,2023-03-17,Outperform,0.5081
MSFT,Mizuho,2023-03-17,Buy,0.5081
MSFT,Wells Fargo,2023-03-24,Overweight,0.5028
MSFT,Keybanc,2023-03-29,Overweight,0.5136
MSFT,Raymond James,2023-04-03,Outperform,0.4549
MSFT,Oppenheimer,2023-04-06,Outperform,0.4619
MSFT,Wedbush,2023-04-12,Outperform,0.4882
MSFT,Stifel,2023-04-14,Buy,0.4489
MSFT,Barclays,2023-04-17,Overweight,0.4260
MSFT,Jefferies,2023-04-18,Buy,0.4019
MSFT,TD Cowen,2023-04-18,Outperform,0.4019
MSFT,Citigroup,2023-04-19,Buy,0.3837
MSFT,Deutsche Bank,2023-04-19,Buy,0.3837
MSFT,B of A Securities,2023-04-19,Buy,0.3837
MSFT,Keybanc,2023-04-20,Overweight,0.4014
MSFT,Piper Sandler,2023-04-21,Overweight,0.4263
MSFT,Bernstein,2023-04-24,Outperform,0.4518
MSFT,Evercore ISI Group,2023-04-25,Outperform,0.4488
MSFT,Jefferies,2023-04-26,Buy,0.3756
MSFT,Barclays,2023-04-26,Overweight,0.3756
MSFT,JP Morgan,2023-04-26,Overweight,0.3756
MSFT,Wolfe Research,2023-04-26,Outperform,0.3756
MSFT,Mizuho,2023-04-26,Buy,0.3756
MSFT,Stifel,2023-04-26,Buy,0.3756
MSFT,Wells Fargo,2023-04-26,Overweight,0.3756
MSFT,Macquarie,2023-04-26,Outperform,0.3756
MSFT,Oppenheimer,2023-04-26,Outperform,0.3756
MSFT,BMO Capital,2023-04-26,Outperform,0.3756
MSFT,Credit Suisse,2023-04-26,Outperform,0.3756
MSFT,Rosenblatt,2023-04-26,Buy,0.3756
MSFT,Morgan Stanley,2023-04-26,Overweight,0.3756
MSFT,Citigroup,2023-04-26,Buy,0.3756
MSFT,Wedbush,2023-04-26,Outperform,0.3756
MSFT,Atlantic Equities,2023-04-26,Overweight,0.3756
MSFT,DA Davidson,2023-04-26,Buy,0.3756
MSFT,Raymond James,2023-04-26,Outperform,0.3756
MSFT,Piper Sandler,2023-04-26,Overweight,0.3756
MSFT,RBC Capital,2023-04-26,Outperform,0.3756
MSFT,Deutsche Bank,2023-04-26,Buy,0.3756
MSFT,B of A Securities,2023-04-26,Buy,0.3756
MSFT,TD Cowen,2023-04-26,Outperform,0.3756
MSFT,Evercore ISI Group,2023-04-26,Outperform,0.3756
MSFT,Wedbush,2023-05-11,Outperform,0.3341
MSFT,RBC Capital,2023-05-19,Outperform,0.3477
MSFT,Jefferies,2023-05-23,Buy,0.3544
MSFT,Mizuho,2023-05-24,Buy,0.3706
MSFT,Oppenheimer,2023-05-25,Outperform,0.3203
MSFT,Wedbush,2023-05-30,Outperform,0.2520
MSFT,Deutsche Bank,2023-05-30,Buy,0.2520
MSFT,Piper Sandler,2023-05-31,Overweight,0.2641
MSFT,Credit Suisse,2023-05-31,Outperform,0.2641
MSFT,Wells Fargo,2023-05-31,Overweight,0.2641
MSFT,Evercore ISI Group,2023-06-02,Outperform,0.2405
MSFT,CFRA,2023-06-06,Strong Buy,0.2722
MSFT,BMO Capital,2023-06-09,Outperform,0.3240
MSFT,JP Morgan,2023-06-15,Overweight,0.2880
MSFT,Mizuho,2023-06-15,Buy,0.2880
MSFT,Wedbush,2023-07-05,Outperform,0.3827
MSFT,Morgan Stanley,2023-07-06,Overweight,0.3662
MSFT,Wedbush,2023-07-12,Outperform,0.3450
MSFT,Oppenheimer,2023-07-13,Outperform,0.3248
MSFT,UBS,2023-07-14,Buy,0.3021
MSFT,Keybanc,2023-07-18,Overweight,0.2250
MSFT,Wedbush,2023-07-18,Outperform,0.2250
MSFT,Piper Sandler,2023-07-19,Overweight,0.2310
MSFT,Barclays,2023-07-19,Overweight,0.2310
MSFT,Wells Fargo,2023-07-19,Overweight,0.2310
MSFT,B of A Securities,2023-07-19,Buy,0.2310
MSFT,JP Morgan,2023-07-19,Overweight,0.2310
MSFT,Mizuho,2023-07-19,Buy,0.2310
MSFT,Citigroup,2023-07-20,Buy,0.2770
MSFT,Stifel,2023-07-20,Buy,0.2770
MSFT,Raymond James,2023-07-24,Outperform,0.2428
MSFT,Goldman Sachs,2023-07-24,Buy,0.2428
MSFT,Piper Sandler,2023-07-26,Overweight,0.2591
MSFT,BMO Capital,2023-07-26,Outperform,0.2591
MSFT,Wedbush,2023-07-26,Outperform,0.2591
MSFT,Citigroup,2023-07-26,Buy,0.2591
MSFT,RBC Capital,2023-07-26,Outperform,0.2591
MSFT,Morgan Stanley,2023-07-26,Overweight,0.2591
MSFT,Rosenblatt,2023-07-27,Buy,0.2903
MSFT,Oppenheimer,2023-07-28,Outperform,0.2499
MSFT,Argus Research,2023-07-31,Buy,0.2454
MSFT,Tigress Financial,2023-08-02,Buy,0.2473
MSFT,Redburn Partners,2023-08-11,Buy,0.2897
MSFT,Bernstein,2023-09-14,Outperform,0.2735
MSFT,Bernstein,2023-09-20,Outperform,0.3570
MSFT,Wedbush,2023-09-21,Outperform,0.3567
MSFT,RBC Capital,2023-09-22,Outperform,0.3538
MSFT,JP Morgan,2023-09-22,Overweight,0.3538
MSFT,Citigroup,2023-09-22,Buy,0.3538
MSFT,Wells Fargo,2023-10-02,Overweight,0.2962
MSFT,Jefferies,2023-10-02,Buy,0.2962
MSFT,Piper Sandler,2023-10-16,Overweight,0.2510
MSFT,Rosenblatt,2023-10-16,Buy,0.2510
MSFT,DA Davidson,2023-10-16,Buy,0.2510
MSFT,Loop Capital,2023-10-17,Buy,0.2550
MSFT,Citigroup,2023-10-19,Buy,0.2640
MSFT,Piper Sandler,2023-10-25,Overweight,0.2568
MSFT,Goldman Sachs,2023-10-25,Buy,0.2568
MSFT,Oppenheimer,2023-10-25,Outperform,0.2568
MSFT,Wedbush,2023-10-25,Outperform,0.2568
MSFT,Barclays,2023-10-25,Overweight,0.2568
MSFT,RBC Capital,2023-10-25,Outperform,0.2568
MSFT,HSBC,2023-10-26,Buy,0.3010
MSFT,Rosenblatt,2023-10-26,Buy,0.3010
MSFT,Citigroup,2023-10-26,Buy,0.3010
MSFT,Piper Sandler,2023-10-30,Overweight,0.2823
MSFT,Wedbush,2023-11-16,Outperform,0.1052
MSFT,Wedbush,2023-11-20,Outperform,0.1008
MSFT,Macquarie,2023-11-20,Outperform,0.1008
MSFT,Evercore ISI Group,2023-11-20,Outperform,0.1008
MSFT,Wedbush,2023-11-22,Outperform,0.1036
MSFT,RBC Capital,2023-11-24,Outperform,0.1096
MSFT,Mizuho,2023-11-24,Buy,0.1096
MSFT,Tigress Financial,2023-11-29,Buy,0.1178
MSFT,China Renaissance,2023-12-05,Buy,0.1882
MSFT,Argus Research,2023-12-05,Buy,0.1882
MSFT,Truist Securities,2023-12-13,Buy,0.1947
MSFT,Mizuho,2023-12-15,Buy,0.2259
MSFT,Wedbush,2023-12-28,Outperform,0.1320
MSFT,Piper Sandler,2024-01-02,Overweight,0.1286
MSFT,BMO Capital,2024-01-09,Outperform,0.1149
MSFT,Piper Sandler,2024-01-12,Overweight,0.0974
MSFT,Exane BNP Paribas,2024-01-18,Outperform,0.0879
MSFT,Truist Securities,2024-01-23,Buy,0.1132
MSFT,Piper Sandler,2024-01-25,Overweight,0.1046
MSFT,Wedbush,2024-01-29,Outperform,0.0129
MSFT,Barclays,2024-01-31,Overweight,0.0336
MSFT,Macquarie,2024-01-31,Outperform,0.0336
MSFT,Raymond James,2024-01-31,Outperform,0.0336
MSFT,Wells Fargo,2024-01-31,Overweight,0.0336
MSFT,Wedbush,2024-01-31,Outperform,0.0336
MSFT,RBC Capital,2024-01-31,Outperform,0.0336
MSFT,BMO Capital,2024-01-31,Outperform,0.0336
MSFT,DA Davidson,2024-03-05,Buy,-0.0232
MSFT,Jefferies,2024-03-06,Buy,-0.0545
MSFT,DA Davidson,2024-03-15,Buy,-0.0687
MSFT,Keybanc,2024-03-21,Overweight,-0.0797
MSFT,Truist Securities,2024-03-25,Buy,-0.0763
MSFT,Wedbush,2024-03-26,Outperform,-0.1016
MSFT,Jefferies,2024-04-01,Buy,-0.0999
MSFT,UBS,2024-04-10,Buy,-0.0822
MSFT,Wedbush,2024-04-10,Outperform,-0.0822
MSFT,Morgan Stanley,2024-04-11,Overweight,-0.0938
MSFT,BMO Capital,2024-04-12,Outperform,-0.0857
MSFT,Wells Fargo,2024-04-17,Overweight,-0.1280
MSFT,Citigroup,2024-04-18,Buy,-0.0926
MSFT,Stifel,2024-04-22,Buy,-0.0341
MSFT,Piper Sandler,2024-04-26,Overweight,-0.0272
MSFT,Bernstein,2024-04-26,Outperform,-0.0272
MSFT,JP Morgan,2024-04-26,Overweight,-0.0272
MSFT,Evercore ISI Group,2024-04-26,Outperform,-0.0272
MSFT,Goldman Sachs,2024-04-26,Buy,-0.0272
MSFT,Stifel,2024-04-26,Buy,-0.0272
MSFT,Wedbush,2024-04-26,Outperform,-0.0272
MSFT,Raymond James,2024-04-26,Outperform,-0.0272
MSFT,Wells Fargo,2024-04-26,Overweight,-0.0272
MSFT,Citigroup,2024-04-26,Buy,-0.0272
MSFT,RBC Capital,2024-05-17,Outperform,0.0770
MSFT,Macquarie,2024-05-17,Outperform,0.0770
MSFT,Wedbush,2024-05-22,Outperform,0.0701
MSFT,RBC Capital,2024-05-24,Outperform,0.0663
MSFT,Oppenheimer,2024-06-07,Outperform,0.1151
MSFT,New Street Research,2024-06-10,Buy,0.1192
MSFT,Tigress Financial,2024-06-13,Buy,0.0826
MSFT,Truist Securities,2024-06-17,Buy,0.0647
MSFT,Citigroup,2024-06-21,Buy,0.0945
MSFT,Argus Research,2024-07-09,Buy,0.0953
MSFT,BMO Capital,2024-07-12,Outperform,0.1148
MSFT,Piper Sandler,2024-07-12,Overweight,0.1148
MSFT,Mizuho,2024-07-16,Outperform,0.1347
MSFT,B of A Securities,2024-07-17,Buy,0.1500
MSFT,Wedbush,2024-07-17,Outperform,0.1500
MSFT,TD Cowen,2024-07-18,Buy,0.1474
MSFT,Piper Sandler,2024-07-23,Overweight,0.1548
MSFT,Piper Sandler,2024-07-31,Overweight,0.2804
MSFT,Citigroup,2024-07-31,Buy,0.2804
MSFT,Wells Fargo,2024-07-31,Overweight,0.2804
MSFT,RBC Capital,2024-07-31,Outperform,0.2804
MSFT,UBS,2024-07-31,Buy,0.2804
MSFT,Wedbush,2024-07-31,Outperform,0.2804
MSFT,Morgan Stanley,2024-07-31,Overweight,0.2804
MSFT,DA Davidson,2024-07-31,Buy,0.2804
MSFT,Morgan Stanley,2024-09-17,Overweight,0.1902
MSFT,Truist Securities,2024-10-08,Buy,0.2321
MSFT,Goldman Sachs,2024-10-10,Buy,0.2350
MSFT,Piper Sandler,2024-10-18,Overweight,0.2448
MSFT,Keybanc,2024-10-18,Overweight,0.2448
MSFT,Citigroup,2024-10-23,Buy,0.2518
MSFT,Bernstein,2024-10-25,Outperform,0.2649
MSFT,Truist Securities,2024-10-28,Buy,0.2325
MSFT,Morgan Stanley,2024-10-31,Overweight,0.2657
MSFT,Piper Sandler,2024-10-31,Overweight,0.2657
MSFT,TD Cowen,2024-10-31,Buy,0.2657
MSFT,JP Morgan,2024-10-31,Overweight,0.2657
MSFT,UBS,2024-10-31,Buy,0.2657
MSFT,RBC Capital,2024-11-05,Outperform,0.2075
MSFT,Mizuho,2024-12-13,Outperform,0.0645
MSFT,UBS,2024-12-18,Buy,0.1087
MSFT,Stifel,2024-12-18,Buy,0.1087
MSFT,Loop Capital,2024-12-23,Buy,0.1205
MSFT,Piper Sandler,2025-01-06,Overweight,0.1175
MSFT,Bernstein,2025-01-06,Outperform,0.1175
MSFT,Cantor Fitzgerald,2025-01-16,Overweight,0.0705
MSFT,Evercore ISI Group,2025-01-17,Outperform,0.0351
MSFT,Morgan Stanley,2025-01-22,Overweight,0.0443
MSFT,Piper Sandler,2025-01-27,Overweight,0.1083
MSFT,Cantor Fitzgerald,2025-01-29,Overweight,-0.0272
MSFT,JP Morgan,2025-01-30,Overweight,0.0202
MSFT,Bernstein,2025-01-30,Outperform,0.0202
MSFT,Mizuho,2025-01-30,Outperform,0.0202
MSFT,Morgan Stanley,2025-01-30,Overweight,0.0202
MSFT,RBC Capital,2025-01-30,Outperform,0.0202
MSFT,UBS,2025-01-30,Buy,0.0202
MSFT,Stifel,2025-03-07,Buy,0.0317
MSFT,DA Davidson,2025-03-13,Buy,0.0559
MSFT,Scotiabank,2025-03-20,Sector Outperform,-0.0099
MSFT,Wedbush,2025-03-20,Outperform,-0.0099
MSFT,Tigress Financial,2025-03-20,Buy,-0.0099
MSFT,Jefferies,2025-03-31,Buy,-0.0160
MSFT,Jefferies,2025-04-07,Buy,0.0425
MSFT,Keybanc,2025-04-09,Overweight,-0.0157
MSFT,Wedbush,2025-04-10,Outperform,0.0308
MSFT,Wells Fargo,2025-04-14,Overweight,0.0837
MSFT,UBS,2025-04-14,Buy,0.0837
MSFT,B of A Securities,2025-04-15,Buy,0.0961
MSFT,BMO Capital,2025-04-16,Outperform,0.1250
MSFT,Citigroup,2025-04-21,Buy,0.2055
MSFT,Barclays,2025-04-21,Overweight,0.2055
MSFT,Piper Sandler,2025-04-23,Overweight,0.1342
MSFT,Goldman Sachs,2025-04-24,Buy,0.0969
MSFT,Piper Sandler,2025-05-01,Overweight,-0.0277
MSFT,Bernstein,2025-05-01,Outperform,-0.0277
MSFT,Goldman Sachs,2025-05-01,Buy,-0.0277
MSFT,BMO Capital,2025-05-01,Outperform,-0.0277
MSFT,JP Morgan,2025-05-01,Overweight,-0.0277
MSFT,Evercore ISI Group,2025-05-01,Outperform,-0.0277
MSFT,Wedbush,2025-05-01,Outperform,-0.0277
MSFT,TD Securities,2025-05-01,Buy,-0.0277
MSFT,Wells Fargo,2025-05-01,Overweight,-0.0277
MSFT,Barclays,2025-05-01,Overweight,-0.0277
MSFT,Scotiabank,2025-05-01,Sector Outperform,-0.0277
MSFT,Cantor Fitzgerald,2025-05-01,Overweight,-0.0277
MSFT,Stifel,2025-05-01,Buy,-0.0277
MSFT,Morgan Stanley,2025-05-01,Overweight,-0.0277
MSFT,RBC Capital,2025-05-01,Outperform,-0.0277
MSFT,DA Davidson,2025-05-01,Buy,-0.0277
MSFT,Jefferies,2025-05-01,Buy,-0.0277
MSFT,Citigroup,2025-05-15,Buy,-0.0653
MSFT,Goldman Sachs,2025-05-21,Buy,-0.0751
MSFT,Evercore ISI Group,2025-05-22,Outperform,-0.0854
MSFT,RBC Capital,2025-05-23,Outperform,-0.0833
MSFT,Citigroup,2025-06-11,Buy,-0.1732
MSFT,Wells Fargo,2025-06-13,Overweight,-0.1708
MSFT,Wells Fargo,2025-06-25,Overweight,-0.2423
MSFT,Wedbush,2025-06-25,Outperform,-0.2423
MSFT,Morgan Stanley,2025-06-26,Overweight,-0.2591
MSFT,Oppenheimer,2025-07-09,Outperform,-0.2352
MSFT,Piper Sandler,2025-07-10,Overweight,-0.2203
MSFT,BMO Capital,2025-07-10,Outperform,-0.2203
MSFT,Mizuho,2025-07-16,Outperform,-0.2211
MSFT,Cantor Fitzgerald,2025-07-16,Overweight,-0.2211
MSFT,B of A Securities,2025-07-18,Buy,-0.2202
MSFT,Barclays,2025-07-21,Overweight,-0.2347
MSFT,Citigroup,2025-07-22,Buy,-0.2448
MSFT,UBS,2025-07-23,Buy,-0.2455
MSFT,Loop Capital,2025-07-24,Buy,-0.2384
MSFT,Evercore ISI Group,2025-07-25,Outperform,-0.2343
MSFT,Wedbush,2025-07-25,Outperform,-0.2343
MSFT,Stifel,2025-07-28,Buy,-0.2380
MSFT,Raymond James,2025-07-28,Outperform,-0.2380
MSFT,UBS,2025-07-31,Buy,-0.0859
MSFT,Truist Securities,2025-07-31,Buy,-0.0859
MSFT,Mizuho,2025-07-31,Outperform,-0.0859
MSFT,BMO Capital,2025-07-31,Outperform,-0.0859
MSFT,TD Cowen,2025-07-31,Buy,-0.0859
MSFT,B of A Securities,2025-07-31,Buy,-0.0859
MSFT,Keybanc,2025-07-31,Overweight,-0.0859
MSFT,Oppenheimer,2025-07-31,Outperform,-0.0859
MSFT,Cantor Fitzgerald,2025-07-31,Overweight,-0.0859
MSFT,Wedbush,2025-07-31,Outperform,-0.0859
MSFT,Piper Sandler,2025-07-31,Overweight,-0.0859
MSFT,Raymond James,2025-07-31,Outperform,-0.0859
MSFT,Morgan Stanley,2025-07-31,Overweight,-0.0859
MSFT,Stifel,2025-07-31,Buy,-0.0859
MSFT,Wells Fargo,2025-07-31,Overweight,-0.0859
MSFT,RBC Capital,2025-07-31,Outperform,-0.0859
MSFT,Barclays,2025-07-31,Overweight,-0.0859
MSFT,Scotiabank,2025-07-31,Sector Outperform,-0.0859
MSFT,DA Davidson,2025-07-31,Buy,-0.0859
MSFT,Jefferies,2025-07-31,Buy,-0.0859
MSFT,Stifel,2025-08-04,Buy,-0.0899
MSFT,Truist Securities,2025-08-18,Buy,-0.0634
MSFT,Barclays,2025-08-29,Overweight,-0.0112
MSFT,Morgan Stanley,2025-09-26,Overweight,-0.0049
AAPL,Morgan Stanley,2018-12-07,Overweight,0.5842
AAPL,Citigroup,2018-12-10,Buy,0.5830
AAPL,DA Davidson,2018-12-14,Buy,0.6912
AAPL,Citigroup,2019-01-03,Buy,1.0918
AAPL,Morgan Stanley,2019-01-03,Overweight,1.0918
AAPL,Wedbush,2019-01-03,Outperform,1.0918
AAPL,Baird,2019-01-03,Outperform,1.0918
AAPL,Canaccord Genuity,2019-01-03,Buy,1.0918
AAPL,Citigroup,2019-01-04,Buy,1.0221
AAPL,UBS,2019-01-30,Buy,0.9599
AAPL,Canaccord Genuity,2019-01-30,Buy,0.9599
AAPL,Morgan Stanley,2019-01-30,Overweight,0.9599
AAPL,Citigroup,2019-01-30,Buy,0.9599
AAPL,B of A Securities,2019-03-11,Buy,0.5950
AAPL,Cowen & Co.,2019-03-14,Outperform,0.5129
AAPL,Needham,2019-03-21,Strong Buy,0.1750
AAPL,Wedbush,2019-03-21,Outperform,0.1750
AAPL,Citigroup,2019-03-21,Buy,0.1750
AAPL,Morgan Stanley,2019-03-26,Overweight,0.3144
AAPL,Canaccord Genuity,2019-03-26,Buy,0.3144
AAPL,Baird,2019-03-26,Outperform,0.3144
AAPL,UBS,2019-03-26,Buy,0.3144
AAPL,B of A Securities,2019-04-10,Buy,0.3358
AAPL,Morgan Stanley,2019-04-24,Overweight,0.3276
AAPL,UBS,2019-04-25,Buy,0.3785
AAPL,Canaccord Genuity,2019-05-01,Buy,0.3956
AAPL,B of A Securities,2019-05-01,Buy,0.3956
AAPL,Wedbush,2019-05-01,Outperform,0.3956
AAPL,Morgan Stanley,2019-05-01,Overweight,0.3956
AAPL,UBS,2019-05-23,Buy,0.7750
AAPL,Citigroup,2019-05-28,Buy,0.7848
AAPL,Morgan Stanley,2019-05-30,Overweight,0.7832
AAPL,Morgan Stanley,2019-05-30,Overweight,0.7832
AAPL,Canaccord Genuity,2019-06-04,Buy,0.8098
AAPL,Evercore ISI Group,2019-06-06,Outperform,0.7898
AAPL,JP Morgan,2019-07-09,Overweight,0.8951
AAPL,Raymond James,2019-07-18,Outperform,0.8735
AAPL,Morgan Stanley,2019-07-22,Overweight,0.8724
AAPL,UBS,2019-07-29,Buy,0.7789
AAPL,Wedbush,2019-07-31,Outperform,0.8060
AAPL,Canaccord Genuity,2019-07-31,Buy,0.8060
AAPL,Piper Sandler,2019-07-31,Overweight,0.8060
AAPL,Cowen & Co.,2019-07-31,Outperform,0.8060
AAPL,Citigroup,2019-07-31,Buy,0.8060
AAPL,B of A Securities,2019-07-31,Buy,0.8060
AAPL,B of A Securities,2019-09-11,Buy,1.0303
AAPL,Needham,2019-09-11,Strong Buy,1.0303
AAPL,Cascend,2019-09-20,Buy,1.0223
AAPL,JP Morgan,2019-09-30,Overweight,1.0376
AAPL,Canaccord Genuity,2019-10-09,Buy,1.0256
AAPL,Longbow Research,2019-10-10,Buy,1.0335
AAPL,Wedbush,2019-10-11,Outperform,1.1066
AAPL,Raymond James,2019-10-21,Outperform,0.9543
AAPL,Morgan Stanley,2019-10-23,Overweight,0.9039
AAPL,UBS,2019-10-24,Buy,0.8892
AAPL,Cascend,2019-10-25,Buy,0.8663
AAPL,B of A Securities,2019-10-28,Buy,0.8727
AAPL,Jefferies,2019-10-28,Buy,0.8727
AAPL,JP Morgan,2019-10-28,Overweight,0.8727
AAPL,Morgan Stanley,2019-10-31,Overweight,0.7504
AAPL,UBS,2019-10-31,Buy,0.7504
AAPL,Cascend,2019-10-31,Buy,0.7504
AAPL,DA Davidson,2019-10-31,Buy,0.7504
AAPL,Piper Sandler,2019-10-31,Overweight,0.7504
AAPL,Wedbush,2019-10-31,Outperform,0.7504
AAPL,Canaccord Genuity,2019-10-31,Buy,0.7504
AAPL,Cowen & Co.,2019-10-31,Outperform,0.7504
AAPL,RBC Capital,2019-11-13,Outperform,0.8030
AAPL,Wedbush,2019-11-15,Outperform,0.8107
AAPL,Piper Sandler,2019-11-15,Overweight,0.8107
AAPL,JP Morgan,2019-11-15,Overweight,0.8107
AAPL,Cascend,2019-11-26,Buy,0.7561
AAPL,JP Morgan,2019-12-02,Overweight,0.8583
AAPL,China Renaissance,2019-12-09,Buy,0.8639
AAPL,Evercore ISI Group,2019-12-11,Outperform,0.8206
AAPL,Cowen & Co.,2019-12-17,Outperform,0.8232
AAPL,Piper Sandler,2019-12-20,Outperform,0.8355
AAPL,Wedbush,2019-12-23,Outperform,0.8575
AAPL,RBC Capital,2020-01-03,Outperform,0.7404
AAPL,B of A Securities,2020-01-03,Buy,0.7404
AAPL,Needham,2020-01-06,Buy,0.7480
AAPL,Cascend,2020-01-06,Buy,0.7480
AAPL,Jefferies,2020-01-09,Buy,0.7059
AAPL,Argus Research,2020-01-10,Buy,0.6625
AAPL,DA Davidson,2020-01-13,Buy,0.6254
AAPL,JP Morgan,2020-01-13,Overweight,0.6254
AAPL,UBS,2020-01-14,Buy,0.6744
AAPL,Canaccord Genuity,2020-01-15,Buy,0.6562
AAPL,Morgan Stanley,2020-01-17,Overweight,0.6042
AAPL,B of A Securities,2020-01-23,Buy,0.7426
AAPL,Wedbush,2020-01-24,Outperform,0.7960
AAPL,Cowen & Co.,2020-01-24,Outperform,0.7960
AAPL,"Monness, Crespi, Hardt",2020-01-24,Buy,0.7960
AAPL,Piper Sandler,2020-01-29,Overweight,0.6907
AAPL,Citigroup,2020-01-29,Buy,0.6907
AAPL,Raymond James,2020-01-29,Outperform,0.6907
AAPL,Cowen & Co.,2020-01-29,Outperform,0.6907
AAPL,RBC Capital,2020-01-29,Outperform,0.6907
AAPL,JP Morgan,2020-01-29,Overweight,0.6907
AAPL,Evercore ISI Group,2020-01-29,Outperform,0.6907
AAPL,B of A Securities,2020-01-29,Buy,0.6907
AAPL,"Monness, Crespi, Hardt",2020-01-29,Buy,0.6907
AAPL,Baird,2020-01-29,Outperform,0.6907
AAPL,DA Davidson,2020-01-29,Buy,0.6907
AAPL,Cascend,2020-01-29,Buy,0.6907
AAPL,B of A Securities,2020-01-30,Buy,0.6298
AAPL,Canaccord Genuity,2020-02-18,Buy,0.6406
AAPL,DA Davidson,2020-02-18,Buy,0.6406
AAPL,Oppenheimer,2020-03-02,Outperform,0.6749
AAPL,Cascend,2020-03-02,Buy,0.6749
AAPL,Wedbush,2020-03-03,Outperform,0.6875
AAPL,B of A Securities,2020-03-06,Buy,0.6104
AAPL,Wedbush,2020-03-06,Outperform,0.6104
AAPL,UBS,2020-03-10,Buy,0.6819
AAPL,B of A Securities,2020-03-11,Buy,0.7712
AAPL,Wells Fargo,2020-03-13,Overweight,0.7842
AAPL,Morgan Stanley,2020-03-17,Overweight,0.9736
AAPL,Jefferies,2020-03-17,Buy,0.9736
AAPL,Wedbush,2020-03-18,Outperform,0.9545
AAPL,Canaccord Genuity,2020-03-19,Buy,0.9608
AAPL,B of A Securities,2020-03-20,Buy,1.1530
AAPL,Piper Sandler,2020-03-24,Overweight,0.9457
AAPL,Deutsche Bank,2020-03-25,Buy,0.9646
AAPL,UBS,2020-03-30,Buy,0.8822
AAPL,Argus Research,2020-04-01,Buy,1.0423
AAPL,Morgan Stanley,2020-04-03,Overweight,1.0912
AAPL,JP Morgan,2020-04-08,Overweight,0.9995
AAPL,Raymond James,2020-04-13,Outperform,0.9679
AAPL,Deutsche Bank,2020-04-16,Buy,0.8718
AAPL,Baird,2020-04-16,Outperform,0.8718
AAPL,Daiwa Capital,2020-04-23,Outperform,0.9535
AAPL,B of A Securities,2020-04-27,Buy,0.8984
AAPL,Piper Sandler,2020-05-01,Overweight,0.8340
AAPL,Cascend,2020-05-01,Buy,0.8340
AAPL,JP Morgan,2020-05-01,Overweight,0.8340
AAPL,Morgan Stanley,2020-05-01,Overweight,0.8340
AAPL,Raymond James,2020-05-01,Outperform,0.8340
AAPL,B of A Securities,2020-05-01,Buy,0.8340
AAPL,Deutsche Bank,2020-05-01,Buy,0.8340
AAPL,UBS,2020-05-01,Buy,0.8340
AAPL,Canaccord Genuity,2020-05-01,Buy,0.8340
AAPL,DA Davidson,2020-05-01,Buy,0.8340
AAPL,Daiwa Capital,2020-05-06,Outperform,0.7262
AAPL,Wedbush,2020-05-12,Outperform,0.5770
AAPL,Deutsche Bank,2020-05-27,Buy,0.5950
AAPL,B of A Securities,2020-05-27,Buy,0.5950
AAPL,Morgan Stanley,2020-06-03,Overweight,0.5199
AAPL,Wedbush,2020-06-05,Outperform,0.5192
AAPL,Deutsche Bank,2020-06-10,Buy,0.4297
AAPL,Wells Fargo,2020-06-11,Overweight,0.5165
AAPL,B of A Securities,2020-06-11,Buy,0.5165
AAPL,Citigroup,2020-06-16,Buy,0.4786
AAPL,RBC Capital,2020-06-17,Outperform,0.4994
AAPL,Cowen & Co.,2020-06-22,Outperform,0.4934
AAPL,Baird,2020-06-23,Outperform,0.4591
AAPL,Deutsche Bank,2020-06-23,Buy,0.4591
AAPL,UBS,2020-06-23,Buy,0.4591
AAPL,Wedbush,2020-06-25,Outperform,0.4594
AAPL,Raymond James,2020-07-07,Outperform,0.5516
AAPL,Cascend,2020-07-07,Buy,0.5516
AAPL,Deutsche Bank,2020-07-08,Buy,0.5024
AAPL,Wedbush,2020-07-13,Outperform,0.5254
AAPL,Morgan Stanley,2020-07-13,Overweight,0.5254
AAPL,Needham,2020-07-15,Buy,0.5194
AAPL,B of A Securities,2020-07-15,Buy,0.5194
AAPL,Canaccord Genuity,2020-07-16,Buy,0.5166
AAPL,Wells Fargo,2020-07-24,Overweight,0.6087
AAPL,"Monness, Crespi, Hardt",2020-07-28,Buy,0.5547
AAPL,Wedbush,2020-07-31,Outperform,0.3695
AAPL,Citigroup,2020-07-31,Buy,0.3695
AAPL,UBS,2020-07-31,Buy,0.3695
AAPL,Raymond James,2020-07-31,Outperform,0.3695
AAPL,Morgan Stanley,2020-07-31,Overweight,0.3695
AAPL,Piper Sandler,2020-07-31,Overweight,0.3695
AAPL,Deutsche Bank,2020-07-31,Buy,0.3695
AAPL,RBC Capital,2020-07-31,Outperform,0.3695
AAPL,B of A Securities,2020-07-31,Buy,0.3695
AAPL,Canaccord Genuity,2020-07-31,Buy,0.3695
AAPL,Cascend,2020-07-31,Buy,0.3695
AAPL,Jefferies,2020-07-31,Buy,0.3695
AAPL,DA Davidson,2020-07-31,Buy,0.3695
AAPL,Wells Fargo,2020-08-05,Overweight,0.3361
AAPL,Wedbush,2020-08-10,Outperform,0.2916
AAPL,Morgan Stanley,2020-08-24,Overweight,0.1888
AAPL,Wedbush,2020-08-25,Outperform,0.1885
AAPL,Cowen & Co.,2020-08-25,Outperform,0.1885
AAPL,Wedbush,2020-08-31,Outperform,0.1766
AAPL,Argus Research,2020-08-31,Buy,0.1766
AAPL,"Monness, Crespi, Hardt",2020-08-31,Buy,0.1766
AAPL,JP Morgan,2020-09-01,Overweight,0.1366
AAPL,Deutsche Bank,2020-09-01,Buy,0.1366
AAPL,Baird,2020-09-10,Outperform,0.3126
AAPL,Needham,2020-09-16,Buy,0.3269
AAPL,Jefferies,2020-09-17,Buy,0.3237
AAPL,Citigroup,2020-09-21,Buy,0.3030
AAPL,Canaccord Genuity,2020-09-21,Buy,0.3030
AAPL,Raymond James,2020-09-22,Outperform,0.3044
AAPL,RBC Capital,2020-10-12,Outperform,0.1375
AAPL,Piper Sandler,2020-10-13,Overweight,0.1636
AAPL,Morgan Stanley,2020-10-14,Overweight,0.1862
AAPL,Jefferies,2020-10-14,Buy,0.1862
AAPL,Piper Sandler,2020-10-22,Overweight,0.2846
AAPL,Raymond James,2020-10-30,Outperform,0.3684
AAPL,DA Davidson,2020-10-30,Buy,0.3684
AAPL,Loop Capital,2020-11-30,Buy,0.3885
AAPL,Wedbush,2020-12-09,Outperform,0.4334
AAPL,Wells Fargo,2020-12-14,Overweight,0.4315
AAPL,Cascend,2020-12-15,Buy,0.4021
AAPL,Morgan Stanley,2020-12-16,Overweight,0.3478
AAPL,Canaccord Genuity,2021-01-05,Buy,0.3717
AAPL,Wells Fargo,2021-01-12,Overweight,0.3593
AAPL,Loop Capital,2021-01-15,Buy,0.3613
AAPL,Morgan Stanley,2021-01-21,Overweight,0.2019
AAPL,Cowen & Co.,2021-01-22,Outperform,0.1678
AAPL,Wedbush,2021-01-25,Outperform,0.1308
AAPL,Raymond James,2021-01-25,Outperform,0.1308
AAPL,Evercore ISI Group,2021-01-25,Outperform,0.1308
AAPL,RBC Capital,2021-01-26,Outperform,0.1161
AAPL,Cascend,2021-01-26,Buy,0.1161
AAPL,Morgan Stanley,2021-01-28,Overweight,0.1614
AAPL,Needham,2021-01-28,Buy,0.1614
AAPL,Raymond James,2021-01-28,Outperform,0.1614
AAPL,RBC Capital,2021-01-28,Outperform,0.1614
AAPL,Canaccord Genuity,2021-01-28,Buy,0.1614
AAPL,Piper Sandler,2021-01-28,Overweight,0.1614
AAPL,Wells Fargo,2021-01-28,Overweight,0.1614
AAPL,Deutsche Bank,2021-01-28,Buy,0.1614
AAPL,DA Davidson,2021-01-28,Buy,0.1614
AAPL,Loop Capital,2021-01-28,Buy,0.1614
AAPL,Wedbush,2021-03-10,Outperform,0.3581
AAPL,Evercore ISI Group,2021-03-16,Outperform,0.2351
AAPL,UBS,2021-03-31,Buy,0.4553
AAPL,Morgan Stanley,2021-04-06,Overweight,0.4138
AAPL,UBS,2021-04-08,Buy,0.3181
AAPL,Morgan Stanley,2021-04-16,Overweight,0.2320
AAPL,Morgan Stanley,2021-04-21,Overweight,0.2527
AAPL,JP Morgan,2021-04-27,Overweight,0.1668
AAPL,Raymond James,2021-04-29,Outperform,0.2260
AAPL,Morgan Stanley,2021-04-29,Overweight,0.2260
AAPL,Wedbush,2021-04-29,Outperform,0.2260
AAPL,Deutsche Bank,2021-04-29,Buy,0.2260
AAPL,Jefferies,2021-04-29,Buy,0.2260
AAPL,Canaccord Genuity,2021-04-29,Buy,0.2260
AAPL,UBS,2021-04-29,Buy,0.2260
AAPL,"Monness, Crespi, Hardt",2021-04-29,Buy,0.2260
AAPL,Baird,2021-04-29,Outperform,0.2260
AAPL,JP Morgan,2021-04-29,Overweight,0.2260
AAPL,Morgan Stanley,2021-06-24,Overweight,0.0618
AAPL,UBS,2021-06-30,Buy,-0.0018
AAPL,JP Morgan,2021-07-06,Overweight,0.0063
AAPL,JP Morgan,2021-07-14,Overweight,-0.0046
AAPL,Morgan Stanley,2021-07-15,Overweight,0.0114
AAPL,UBS,2021-07-20,Buy,0.0471
AAPL,Canaccord Genuity,2021-07-22,Buy,0.0497
AAPL,Morgan Stanley,2021-07-28,Overweight,0.0853
AAPL,Wells Fargo,2021-07-28,Overweight,0.0853
AAPL,Canaccord Genuity,2021-07-28,Buy,0.0853
AAPL,UBS,2021-07-28,Buy,0.0853
AAPL,Piper Sandler,2021-07-28,Overweight,0.0853
AAPL,Deutsche Bank,2021-07-28,Buy,0.0853
AAPL,Loop Capital,2021-07-28,Buy,0.0853
AAPL,DA Davidson,2021-07-28,Buy,0.0853
AAPL,Baird,2021-09-08,Outperform,-0.0042
AAPL,Piper Sandler,2021-09-09,Overweight,0.0214
AAPL,Tigress Financial,2021-09-22,Strong Buy,0.0472
AAPL,JP Morgan,2021-10-11,Overweight,-0.0268
AAPL,Morgan Stanley,2021-10-27,Overweight,-0.0272
AAPL,JP Morgan,2021-10-28,Overweight,0.0208
AAPL,Oppenheimer,2021-10-29,Outperform,0.0236
AAPL,Morgan Stanley,2021-10-29,Overweight,0.0236
AAPL,Tigress Financial,2021-11-09,Strong Buy,-0.1057
AAPL,JP Morgan,2021-11-23,Overweight,-0.0641
AAPL,Wedbush,2021-12-02,Outperform,-0.0974
AAPL,Keybanc,2021-12-06,Overweight,-0.1356
AAPL,Morgan Stanley,2021-12-07,Overweight,-0.1767
AAPL,JP Morgan,2021-12-13,Overweight,-0.1722
AAPL,B of A Securities,2021-12-14,Buy,-0.1785
AAPL,Evercore ISI Group,2021-12-14,Outperform,-0.1785
AAPL,Citigroup,2021-12-22,Buy,-0.2472
AAPL,Evercore ISI Group,2022-01-05,Outperform,-0.2590
AAPL,Evercore ISI Group,2022-01-07,Outperform,-0.2407
AAPL,Loop Capital,2022-01-14,Buy,-0.2188
AAPL,Deutsche Bank,2022-01-18,Buy,-0.2034
AAPL,B of A Securities,2022-01-19,Buy,-0.1706
AAPL,Wells Fargo,2022-01-21,Overweight,-0.1224
AAPL,Evercore ISI Group,2022-01-24,Outperform,-0.1223
AAPL,UBS,2022-01-28,Buy,-0.1529
AAPL,Raymond James,2022-01-28,Outperform,-0.1529
AAPL,Morgan Stanley,2022-01-28,Overweight,-0.1529
AAPL,Deutsche Bank,2022-01-28,Buy,-0.1529
AAPL,Oppenheimer,2022-01-28,Outperform,-0.1529
AAPL,B of A Securities,2022-01-28,Buy,-0.1529
AAPL,Jefferies,2022-01-28,Buy,-0.1529
AAPL,Canaccord Genuity,2022-01-28,Buy,-0.1529
AAPL,DA Davidson,2022-01-28,Buy,-0.1529
AAPL,Tigress Financial,2022-02-15,Strong Buy,-0.1104
AAPL,Evercore ISI Group,2022-03-09,Outperform,-0.0887
AAPL,Evercore ISI Group,2022-03-24,Outperform,-0.0907
AAPL,Evercore ISI Group,2022-03-31,Outperform,-0.0483
AAPL,JP Morgan,2022-04-22,Overweight,0.0122
AAPL,Piper Sandler,2022-04-29,Overweight,0.0691
AAPL,JP Morgan,2022-04-29,Overweight,0.0691
AAPL,Morgan Stanley,2022-04-29,Overweight,0.0691
AAPL,Deutsche Bank,2022-04-29,Buy,0.0691
AAPL,Evercore ISI Group,2022-05-17,Outperform,0.1729
AAPL,B of A Securities,2022-05-19,Buy,0.2683
AAPL,B of A Securities,2022-06-07,Buy,0.2142
AAPL,"Monness, Crespi, Hardt",2022-06-07,Buy,0.2142
AAPL,Deutsche Bank,2022-06-14,Buy,0.4011
AAPL,Morgan Stanley,2022-06-15,Overweight,0.3654
AAPL,Evercore ISI Group,2022-06-28,Outperform,0.3794
AAPL,Tigress Financial,2022-06-30,Strong Buy,0.4077
AAPL,"Monness, Crespi, Hardt",2022-07-08,Buy,0.2791
AAPL,Keybanc,2022-07-12,Overweight,0.3063
AAPL,B of A Securities,2022-07-12,Buy,0.3063
AAPL,Citigroup,2022-07-13,Buy,0.3107
AAPL,Morgan Stanley,2022-07-20,Overweight,0.2542
AAPL,Wells Fargo,2022-07-20,Overweight,0.2542
AAPL,B of A Securities,2022-07-26,Buy,0.2745
AAPL,Citigroup,2022-07-29,Buy,0.2037
AAPL,Raymond James,2022-07-29,Outperform,0.2037
AAPL,Evercore ISI Group,2022-07-29,Outperform,0.2037
AAPL,Jefferies,2022-07-29,Buy,0.2037
AAPL,Keybanc,2022-08-02,Overweight,0.1947
AAPL,Credit Suisse,2022-08-17,Outperform,-0.0003
AAPL,Wedbush,2022-08-17,Outperform,-0.0003
AAPL,Keybanc,2022-08-19,Overweight,0.0333
AAPL,Evercore ISI Group,2022-08-22,Outperform,0.0809
AAPL,"Monness, Crespi, Hardt",2022-09-06,Buy,0.1490
AAPL,Evercore ISI Group,2022-09-20,Outperform,0.1085
AAPL,Rosenblatt,2022-09-29,Buy,0.2195
AAPL,Credit Suisse,2022-10-13,Outperform,0.2499
AAPL,Morgan Stanley,2022-10-17,Overweight,0.2347
AAPL,"Monness, Crespi, Hardt",2022-10-21,Buy,0.1777
AAPL,Keybanc,2022-10-28,Overweight,0.0965
AAPL,Citigroup,2022-10-28,Buy,0.0965
AAPL,Deutsche Bank,2022-10-28,Buy,0.0965
AAPL,Credit Suisse,2022-10-28,Outperform,0.0965
AAPL,Wedbush,2022-10-28,Outperform,0.0965
AAPL,DA Davidson,2022-10-28,Buy,0.0965
AAPL,"Monness, Crespi, Hardt",2022-10-28,Buy,0.0965
AAPL,Morgan Stanley,2022-11-08,Overweight,0.3076
AAPL,UBS,2022-11-08,Buy,0.3076
AAPL,Oppenheimer,2022-12-12,Outperform,0.3701
AAPL,JP Morgan,2022-12-20,Overweight,0.4715
AAPL,Wedbush,2023-01-04,Outperform,0.4338
AAPL,Tigress Financial,2023-01-04,Strong Buy,0.4338
AAPL,Rosenblatt,2023-01-13,Buy,0.3556
AAPL,Canaccord Genuity,2023-01-18,Buy,0.4168
AAPL,"Monness, Crespi, Hardt",2023-01-18,Buy,0.4168
AAPL,JP Morgan,2023-01-19,Overweight,0.4334
AAPL,Deutsche Bank,2023-01-23,Buy,0.3784
AAPL,Piper Sandler,2023-02-03,Overweight,0.2252
AAPL,Needham,2023-02-03,Buy,0.2252
AAPL,Raymond James,2023-02-03,Outperform,0.2252
AAPL,JP Morgan,2023-02-03,Overweight,0.2252
AAPL,Cowen & Co.,2023-02-03,Outperform,0.2252
AAPL,Wedbush,2023-02-03,Outperform,0.2252
AAPL,Rosenblatt,2023-02-03,Buy,0.2252
AAPL,DA Davidson,2023-02-03,Buy,0.2252
AAPL,"Monness, Crespi, Hardt",2023-02-03,Buy,0.2252
AAPL,Evercore ISI Group,2023-02-06,Outperform,0.2483
AAPL,Jefferies,2023-03-02,Buy,0.2001
AAPL,Goldman Sachs,2023-03-06,Buy,0.0994
AAPL,Wedbush,2023-03-08,Outperform,0.1168
AAPL,Needham,2023-03-10,Buy,0.1665
AAPL,Needham,2023-03-30,Buy,0.0399
AAPL,Jefferies,2023-04-05,Buy,0.0286
AAPL,Credit Suisse,2023-04-13,Outperform,0.0431
AAPL,Canaccord Genuity,2023-04-13,Buy,0.0431
AAPL,Wedbush,2023-04-17,Outperform,0.0168
AAPL,JP Morgan,2023-04-19,Overweight,-0.0157
AAPL,Deutsche Bank,2023-04-26,Buy,0.0338
AAPL,DA Davidson,2023-04-28,Buy,0.0038
AAPL,"Monness, Crespi, Hardt",2023-04-28,Buy,0.0038
AAPL,Baird,2023-05-02,Outperform,0.0266
AAPL,Rosenblatt,2023-05-04,Buy,0.0960
AAPL,Canaccord Genuity,2023-05-04,Buy,0.0960
AAPL,Keybanc,2023-05-05,Overweight,0.0509
AAPL,Atlantic Equities,2023-05-05,Overweight,0.0509
AAPL,Deutsche Bank,2023-05-05,Buy,0.0509
AAPL,Piper Sandler,2023-05-05,Overweight,0.0509
AAPL,Needham,2023-05-05,Buy,0.0509
AAPL,Morgan Stanley,2023-05-05,Overweight,0.0509
AAPL,Oppenheimer,2023-05-05,Outperform,0.0509
AAPL,Rosenblatt,2023-05-05,Buy,0.0509
AAPL,Raymond James,2023-05-05,Outperform,0.0509
AAPL,"Monness, Crespi, Hardt",2023-05-05,Buy,0.0509
AAPL,Wedbush,2023-05-31,Outperform,0.0846
AAPL,Jefferies,2023-06-02,Buy,0.0741
AAPL,Morgan Stanley,2023-06-02,Overweight,0.0741
AAPL,Evercore ISI Group,2023-06-05,Outperform,0.0907
AAPL,Wedbush,2023-06-05,Outperform,0.0907
AAPL,Needham,2023-06-06,Buy,0.0852
AAPL,Wells Fargo,2023-06-06,Overweight,0.0852
AAPL,Credit Suisse,2023-06-06,Outperform,0.0852
AAPL,Wedbush,2023-06-06,Outperform,0.0852
AAPL,"Monness, Crespi, Hardt",2023-06-06,Buy,0.0852
AAPL,Wedbush,2023-06-07,Outperform,0.1072
AAPL,Tigress Financial,2023-06-23,Strong Buy,0.1199
AAPL,Citigroup,2023-06-30,Buy,0.1356
AAPL,Keybanc,2023-07-11,Overweight,0.2100
AAPL,Morgan Stanley,2023-07-17,Overweight,0.1799
AAPL,Citigroup,2023-07-20,Buy,0.1596
AAPL,Credit Suisse,2023-07-20,Outperform,0.1596
AAPL,Deutsche Bank,2023-07-24,Buy,0.1338
AAPL,Wells Fargo,2023-07-24,Overweight,0.1338
AAPL,Morgan Stanley,2023-07-25,Overweight,0.1233
AAPL,Piper Sandler,2023-07-31,Overweight,0.1305
AAPL,Baird,2023-08-01,Outperform,0.1163
AAPL,TD Cowen,2023-08-01,Outperform,0.1163
AAPL,JP Morgan,2023-08-02,Overweight,0.1417
AAPL,Needham,2023-08-04,Buy,0.1387
AAPL,Citigroup,2023-08-04,Buy,0.1387
AAPL,Raymond James,2023-08-04,Outperform,0.1387
AAPL,Morgan Stanley,2023-08-04,Overweight,0.1387
AAPL,Canaccord Genuity,2023-08-04,Buy,0.1387
AAPL,Wedbush,2023-08-17,Outperform,0.2982
AAPL,Needham,2023-09-07,Buy,0.2441
AAPL,Wedbush,2023-09-07,Outperform,0.2441
AAPL,JP Morgan,2023-09-08,Overweight,0.2353
AAPL,Wedbush,2023-09-12,Outperform,0.2636
AAPL,Needham,2023-09-13,Buy,0.2772
AAPL,Wedbush,2023-09-13,Outperform,0.2772
AAPL,Keybanc,2023-09-14,Overweight,0.2309
AAPL,Credit Suisse,2023-09-15,Outperform,0.2387
AAPL,Wedbush,2023-09-18,Outperform,0.2400
AAPL,Evercore ISI Group,2023-09-19,Outperform,0.2781
AAPL,JP Morgan,2023-09-21,Overweight,0.3021
AAPL,Morgan Stanley,2023-09-25,Overweight,0.2856
AAPL,Evercore ISI Group,2023-09-28,Outperform,0.3650
AAPL,Morgan Stanley,2023-10-16,Overweight,0.2969
AAPL,Oppenheimer,2023-10-30,Outperform,0.3512
AAPL,Needham,2023-10-31,Buy,0.3229
AAPL,Wedbush,2023-11-01,Outperform,0.2813
AAPL,Morgan Stanley,2023-11-03,Overweight,0.2649
AAPL,Wedbush,2023-11-03,Outperform,0.2649
AAPL,Tigress Financial,2023-11-16,Strong Buy,0.2019
AAPL,Wedbush,2023-11-24,Outperform,0.2258
AAPL,Morgan Stanley,2023-12-08,Overweight,0.2660
AAPL,Wedbush,2023-12-11,Outperform,0.2760
AAPL,Wedbush,2023-12-20,Outperform,0.3062
AAPL,B of A Securities,2024-01-18,Buy,0.1803
AAPL,Wedbush,2024-01-30,Outperform,0.2551
AAPL,Wedbush,2024-01-31,Outperform,0.2365
AAPL,Needham,2024-02-02,Buy,0.2508
AAPL,Wedbush,2024-02-02,Outperform,0.2508
AAPL,Oppenheimer,2024-02-02,Outperform,0.2508
AAPL,Citigroup,2024-02-02,Buy,0.2508
AAPL,JP Morgan,2024-02-02,Overweight,0.2508
AAPL,Wedbush,2024-02-12,Outperform,0.2906
AAPL,Wedbush,2024-02-28,Outperform,0.3120
AAPL,Citigroup,2024-03-08,Buy,0.2709
AAPL,B of A Securities,2024-03-12,Buy,0.2324
AAPL,Wedbush,2024-03-21,Outperform,0.3057
AAPL,Citigroup,2024-03-21,Buy,0.3057
AAPL,Morgan Stanley,2024-03-22,Overweight,0.2859
AAPL,Wedbush,2024-04-09,Outperform,0.1223
AAPL,JP Morgan,2024-04-11,Overweight,0.1570
AAPL,Needham,2024-04-16,Buy,0.1629
AAPL,Morgan Stanley,2024-04-22,Overweight,0.2565
AAPL,Bernstein,2024-04-29,Outperform,0.2295
AAPL,Citigroup,2024-04-29,Buy,0.2295
AAPL,Needham,2024-05-03,Buy,0.0702
AAPL,Wedbush,2024-05-03,Outperform,0.0702
AAPL,JP Morgan,2024-05-03,Overweight,0.0702
AAPL,B of A Securities,2024-05-03,Buy,0.0702
AAPL,Morgan Stanley,2024-05-03,Overweight,0.0702
AAPL,Canaccord Genuity,2024-05-03,Buy,0.0702
AAPL,Wedbush,2024-05-13,Outperform,0.1351
AAPL,Wedbush,2024-05-24,Outperform,0.0525
AAPL,B of A Securities,2024-05-29,Buy,0.0600
AAPL,Tigress Financial,2024-05-30,Strong Buy,0.0626
AAPL,Morgan Stanley,2024-06-04,Overweight,0.0492
AAPL,Needham,2024-06-11,Buy,-0.0517
AAPL,JP Morgan,2024-06-11,Overweight,-0.0517
AAPL,Morgan Stanley,2024-06-11,Overweight,-0.0517
AAPL,DA Davidson,2024-06-11,Buy,-0.0517
AAPL,B of A Securities,2024-06-12,Buy,-0.0688
AAPL,Erste Group,2024-06-14,Buy,-0.0749
AAPL,JP Morgan,2024-06-18,Overweight,-0.0597
AAPL,Bernstein,2024-06-21,Outperform,-0.0286
AAPL,Melius Research,2024-06-24,Buy,-0.0343
AAPL,Evercore ISI Group,2024-06-25,Outperform,-0.0382
AAPL,Rosenblatt,2024-06-26,Buy,-0.0379
AAPL,B of A Securities,2024-06-26,Buy,-0.0379
AAPL,Oppenheimer,2024-06-28,Outperform,0.0086
AAPL,Needham,2024-07-01,Buy,-0.0148
AAPL,B of A Securities,2024-07-09,Buy,-0.0766
AAPL,Needham,2024-07-10,Buy,-0.1046
AAPL,B of A Securities,2024-07-11,Buy,-0.0811
AAPL,Wedbush,2024-07-11,Outperform,-0.0811
AAPL,Morgan Stanley,2024-07-15,Overweight,-0.1040
AAPL,Loop Capital,2024-07-15,Buy,-0.1040
AAPL,CFRA,2024-07-17,Buy,-0.0717
AAPL,Goldman Sachs,2024-07-18,Buy,-0.0436
AAPL,JP Morgan,2024-07-24,Overweight,-0.0205
AAPL,Baird,2024-07-25,Outperform,-0.0286
AAPL,Raymond James,2024-07-26,Outperform,-0.0409
AAPL,TD Cowen,2024-07-29,Buy,-0.0489
AAPL,Citigroup,2024-08-02,Buy,-0.0301
AAPL,Goldman Sachs,2024-08-02,Buy,-0.0301
AAPL,Wedbush,2024-08-02,Outperform,-0.0301
AAPL,Rosenblatt,2024-08-02,Buy,-0.0301
AAPL,Needham,2024-08-05,Buy,0.0514
AAPL,Morgan Stanley,2024-08-06,Overweight,0.1067
AAPL,Melius Research,2024-08-27,Buy,0.0180
AAPL,B of A Securities,2024-08-27,Buy,0.0180
AAPL,Evercore ISI Group,2024-08-27,Outperform,0.0180
AAPL,Morgan Stanley,2024-08-27,Overweight,0.0180
AAPL,Citigroup,2024-08-27,Buy,0.0180
AAPL,Tigress Financial,2024-08-28,Strong Buy,0.0143
AAPL,B of A Securities,2024-09-05,Buy,0.0538
AAPL,Wedbush,2024-09-09,Outperform,0.0413
AAPL,Needham,2024-09-10,Buy,0.0634
AAPL,Morgan Stanley,2024-09-10,Overweight,0.0634
AAPL,Rosenblatt,2024-09-10,Buy,0.0634
AAPL,B of A Securities,2024-09-10,Buy,0.0634
AAPL,Wedbush,2024-09-10,Outperform,0.0634
AAPL,Oppenheimer,2024-09-10,Outperform,0.0634
AAPL,JP Morgan,2024-09-10,Overweight,0.0634
AAPL,Evercore ISI Group,2024-09-16,Outperform,0.0997
AAPL,Needham,2024-09-19,Buy,0.1117
AAPL,Needham,2024-09-24,Buy,0.1235
AAPL,B of A Securities,2024-10-03,Buy,0.1365
AAPL,CFRA,2024-10-21,Buy,0.0977
AAPL,Oppenheimer,2024-11-01,Outperform,0.2119
AAPL,DA Davidson,2024-11-01,Buy,0.2119
AAPL,Needham,2024-11-01,Buy,0.2119
AAPL,Rosenblatt,2024-11-01,Buy,0.2119
AAPL,Loop Capital,2024-11-04,Buy,0.2151
AAPL,Susquehanna,2024-11-20,Positive,0.2049
AAPL,Morgan Stanley,2024-11-25,Overweight,0.1974
AAPL,Wedbush,2024-11-29,Outperform,0.1973
AAPL,Needham,2024-12-10,Buy,0.1231
AAPL,Morgan Stanley,2024-12-13,Overweight,0.0956
AAPL,Daiwa Capital,2024-12-18,Outperform,0.0924
AAPL,Wedbush,2024-12-26,Outperform,0.0543
AAPL,B of A Securities,2025-01-03,Buy,0.0697
AAPL,Bernstein,2025-01-03,Outperform,0.0697
AAPL,Needham,2025-01-21,Buy,0.1155
AAPL,JP Morgan,2025-01-21,Overweight,0.1155
AAPL,Goldman Sachs,2025-01-23,Buy,0.1420
AAPL,Wedbush,2025-01-23,Outperform,0.1420
AAPL,B of A Securities,2025-01-24,Buy,0.1593
AAPL,Rosenblatt,2025-01-27,Buy,0.1156
AAPL,TD Cowen,2025-01-28,Buy,0.0840
AAPL,DA Davidson,2025-01-30,Buy,0.1365
AAPL,TD Cowen,2025-01-31,Buy,0.1419
AAPL,Goldman Sachs,2025-01-31,Buy,0.1419
AAPL,JP Morgan,2025-01-31,Overweight,0.1419
AAPL,B of A Securities,2025-01-31,Buy,0.1419
AAPL,Evercore ISI Group,2025-01-31,Outperform,0.1419
AAPL,Morgan Stanley,2025-01-31,Overweight,0.1419
AAPL,Needham,2025-01-31,Buy,0.1419
AAPL,Citigroup,2025-01-31,Buy,0.1419
AAPL,Goldman Sachs,2025-02-19,Buy,0.0805
AAPL,Wedbush,2025-03-03,Outperform,0.1029
AAPL,Morgan Stanley,2025-03-12,Overweight,0.1527
AAPL,Wedbush,2025-03-14,Outperform,0.1908
AAPL,Evercore ISI Group,2025-03-18,Outperform,0.1705
AAPL,Goldman Sachs,2025-03-31,Buy,0.1508
AAPL,Rosenblatt,2025-04-03,Buy,0.2476
AAPL,Tigress Financial,2025-04-03,Strong Buy,0.2476
AAPL,B of A Securities,2025-04-03,Buy,0.2476
AAPL,Needham,2025-04-04,Buy,0.3743
AAPL,Wedbush,2025-04-07,Outperform,0.4355
AAPL,Goldman Sachs,2025-04-08,Buy,0.5107
AAPL,Morgan Stanley,2025-04-08,Overweight,0.5107
AAPL,Needham,2025-04-14,Buy,0.3006
AAPL,JP Morgan,2025-04-14,Overweight,0.3006
AAPL,DA Davidson,2025-04-14,Buy,0.3006
AAPL,Citigroup,2025-04-14,Buy,0.3006
AAPL,Goldman Sachs,2025-04-14,Buy,0.3006
AAPL,Goldman Sachs,2025-04-23,Buy,0.3248
AAPL,B of A Securities,2025-04-24,Buy,0.2843
AAPL,Morgan Stanley,2025-04-29,Overweight,0.2847
AAPL,Raymond James,2025-04-30,Outperform,0.3183
AAPL,Rosenblatt,2025-05-01,Buy,0.2977
AAPL,B of A Securities,2025-05-01,Buy,0.2977
AAPL,Needham,2025-05-02,Buy,0.3839
AAPL,DA Davidson,2025-05-02,Buy,0.3839
AAPL,Wedbush,2025-05-02,Outperform,0.3839
AAPL,Baird,2025-05-02,Outperform,0.3839
AAPL,B of A Securities,2025-05-02,Buy,0.3839
AAPL,JP Morgan,2025-05-02,Overweight,0.3839
AAPL,Wedbush,2025-05-16,Outperform,0.4152
AAPL,Morgan Stanley,2025-06-05,Overweight,0.5030
AAPL,B of A Securities,2025-06-10,Buy,0.4587
AAPL,Wedbush,2025-06-10,Outperform,0.4587
AAPL,Morgan Stanley,2025-06-10,Overweight,0.4587
AAPL,JP Morgan,2025-06-26,Overweight,0.4017
AAPL,Wedbush,2025-07-09,Outperform,0.4934
AAPL,JP Morgan,2025-07-17,Overweight,0.5550
AAPL,Wedbush,2025-07-30,Outperform,0.4777
AAPL,B of A Securities,2025-08-01,Buy,0.5287
AAPL,Morgan Stanley,2025-08-01,Overweight,0.5287
AAPL,Raymond James,2025-08-01,Outperform,0.5287
AAPL,Wedbush,2025-08-01,Outperform,0.5287
AAPL,JP Morgan,2025-08-01,Overweight,0.5287
AAPL,Citigroup,2025-08-01,Buy,0.5287
AAPL,DA Davidson,2025-08-01,Buy,0.5287
AAPL,Wells Fargo,2025-08-07,Overweight,0.4010
AAPL,B of A Securities,2025-08-07,Buy,0.4010
AAPL,Wedbush,2025-08-07,Outperform,0.4010
AAPL,Melius Research,2025-08-08,Buy,0.3295
AAPL,Melius Research,2025-08-08,Buy,0.3295
AAPL,Evercore ISI Group,2025-08-13,Outperform,0.3111
AAPL,Melius Research,2025-08-14,Buy,0.3128
AAPL,B of A Securities,2025-08-25,Buy,0.3799
AAPL,Goldman Sachs,2025-08-27,Buy,0.3870
AAPL,Wedbush,2025-09-03,Outperform,0.3763
AAPL,B of A Securities,2025-09-03,Buy,0.3763
AAPL,Wedbush,2025-09-09,Outperform,0.3935
AAPL,Evercore ISI Group,2025-09-10,Outperform,0.4651
AAPL,B of A Securities,2025-09-10,Buy,0.4651
AAPL,Melius Research,2025-09-10,Buy,0.4651
AAPL,Bernstein,2025-09-16,Outperform,0.4151
AAPL,Tigress Financial,2025-09-17,Strong Buy,0.4065
AAPL,Wedbush,2025-09-22,Outperform,0.3161
AAPL,Evercore ISI Group,2025-09-26,Outperform,0.2894
AMZN,Citigroup,2020-02-05,Buy,0.6329
AMZN,Aegis Capital,2020-02-13,Buy,0.5246
AMZN,Wedbush,2020-03-17,Outperform,0.7345
AMZN,Jefferies,2020-03-25,Buy,0.6153
AMZN,Deutsche Bank,2020-03-26,Buy,0.5607
AMZN,BMO Capital,2020-03-30,Outperform,0.5557
AMZN,Mizuho,2020-04-14,Buy,0.4597
AMZN,Baird,2020-04-15,Outperform,0.4643
AMZN,Wedbush,2020-04-22,Outperform,0.4001
AMZN,Jefferies,2020-04-22,Buy,0.4001
AMZN,Goldman Sachs,2020-04-23,Buy,0.3924
AMZN,Stifel,2020-04-24,Buy,0.4144
AMZN,MKM Partners,2020-04-24,Buy,0.4144
AMZN,Oppenheimer,2020-04-27,Outperform,0.4383
AMZN,Credit Suisse,2020-04-27,Outperform,0.4383
AMZN,SunTrust Robinson Humphrey,2020-04-27,Buy,0.4383
AMZN,Citigroup,2020-04-30,Buy,0.4015
AMZN,Keybanc,2020-05-01,Overweight,0.4814
AMZN,RBC Capital,2020-05-01,Outperform,0.4814
AMZN,Mizuho,2020-05-01,Buy,0.4814
AMZN,Pivotal Research,2020-05-01,Buy,0.4814
AMZN,Morgan Stanley,2020-05-01,Overweight,0.4814
AMZN,Raymond James,2020-05-01,Outperform,0.4814
AMZN,Susquehanna,2020-05-01,Positive,0.4814
AMZN,Credit Suisse,2020-05-01,Outperform,0.4814
AMZN,B of A Securities,2020-05-01,Buy,0.4814
AMZN,MKM Partners,2020-05-01,Buy,0.4814
AMZN,UBS,2020-05-01,Buy,0.4814
AMZN,BMO Capital,2020-05-01,Outperform,0.4814
AMZN,Stifel,2020-05-01,Buy,0.4814
AMZN,Benchmark,2020-05-01,Buy,0.4814
AMZN,Guggenheim,2020-05-01,Buy,0.4814
AMZN,Canaccord Genuity,2020-05-01,Buy,0.4814
AMZN,Wedbush,2020-05-01,Outperform,0.4814
AMZN,JMP Securities,2020-05-01,Market Outperform,0.4814
AMZN,SunTrust Robinson Humphrey,2020-05-01,Buy,0.4814
AMZN,"Monness, Crespi, Hardt",2020-05-01,Buy,0.4814
AMZN,B of A Securities,2020-05-26,Buy,0.3457
AMZN,Morgan Stanley,2020-06-01,Overweight,0.3025
AMZN,Pivotal Research,2020-06-05,Buy,0.2880
AMZN,RBC Capital,2020-06-08,Outperform,0.2932
AMZN,Baird,2020-06-08,Outperform,0.2932
AMZN,B of A Securities,2020-06-08,Buy,0.2932
AMZN,Jefferies,2020-06-10,Buy,0.2652
AMZN,Needham,2020-06-17,Buy,0.3212
AMZN,Wedbush,2020-06-24,Outperform,0.2614
AMZN,SunTrust Robinson Humphrey,2020-06-26,Buy,0.2789
AMZN,Deutsche Bank,2020-06-26,Buy,0.2789
AMZN,B of A Securities,2020-06-29,Buy,0.2864
AMZN,Mizuho,2020-06-30,Buy,0.2470
AMZN,Canaccord Genuity,2020-07-01,Buy,0.1925
AMZN,Baird,2020-07-07,Outperform,0.2321
AMZN,Jefferies,2020-07-10,Buy,0.1620
AMZN,Mizuho,2020-07-13,Buy,0.1847
AMZN,Barclays,2020-07-13,Overweight,0.1847
AMZN,Morgan Stanley,2020-07-16,Overweight,0.1912
AMZN,MKM Partners,2020-07-20,Buy,0.1177
AMZN,Jefferies,2020-07-20,Buy,0.1177
AMZN,Keybanc,2020-07-24,Overweight,0.2296
AMZN,Credit Suisse,2020-07-24,Outperform,0.2296
AMZN,B of A Securities,2020-07-27,Buy,0.1870
AMZN,Wedbush,2020-07-27,Outperform,0.1870
AMZN,BMO Capital,2020-07-30,Outperform,0.0903
AMZN,Keybanc,2020-07-31,Overweight,0.0527
AMZN,Needham,2020-07-31,Buy,0.0527
AMZN,Raymond James,2020-07-31,Outperform,0.0527
AMZN,Morgan Stanley,2020-07-31,Overweight,0.0527
AMZN,Credit Suisse,2020-07-31,Outperform,0.0527
AMZN,Canaccord Genuity,2020-07-31,Buy,0.0527
AMZN,Barclays,2020-07-31,Overweight,0.0527
AMZN,Mizuho,2020-07-31,Buy,0.0527
AMZN,Baird,2020-07-31,Outperform,0.0527
AMZN,Guggenheim,2020-07-31,Buy,0.0527
AMZN,MKM Partners,2020-07-31,Buy,0.0527
AMZN,DA Davidson,2020-07-31,Buy,0.0527
AMZN,Benchmark,2020-07-31,Buy,0.0527
AMZN,Bernstein,2020-09-22,Outperform,0.0802
AMZN,Pivotal Research,2020-10-01,Buy,0.0192
AMZN,Benchmark,2020-10-07,Buy,0.0334
AMZN,Mizuho,2020-10-09,Buy,-0.0123
AMZN,Morgan Stanley,2020-10-15,Overweight,0.0211
AMZN,Morgan Stanley,2020-10-16,Overweight,0.0532
AMZN,BMO Capital,2020-10-23,Outperform,0.0362
AMZN,Credit Suisse,2020-10-27,Outperform,0.0323
AMZN,Deutsche Bank,2020-10-27,Buy,0.0323
AMZN,Bernstein,2020-10-30,Outperform,0.0929
AMZN,Credit Suisse,2020-10-30,Outperform,0.0929
AMZN,Barclays,2020-10-30,Overweight,0.0929
AMZN,Baird,2020-10-30,Outperform,0.0929
AMZN,MKM Partners,2020-10-30,Buy,0.0929
AMZN,JP Morgan,2020-10-30,Overweight,0.0929
AMZN,Piper Sandler,2020-10-30,Overweight,0.0929
AMZN,Benchmark,2020-10-30,Buy,0.0929
AMZN,Citigroup,2020-11-03,Buy,0.1101
AMZN,China Renaissance,2020-11-04,Buy,0.0728
AMZN,Baird,2021-01-11,Outperform,0.0371
AMZN,Morgan Stanley,2021-01-15,Overweight,0.0446
AMZN,Credit Suisse,2021-01-22,Outperform,-0.1335
AMZN,Stifel,2021-01-27,Buy,-0.1408
AMZN,Oppenheimer,2021-02-01,Outperform,-0.1051
AMZN,Keybanc,2021-02-03,Overweight,-0.0906
AMZN,Pivotal Research,2021-02-03,Buy,-0.0906
AMZN,Raymond James,2021-02-03,Outperform,-0.0906
AMZN,JMP Securities,2021-02-03,Market Outperform,-0.0906
AMZN,Deutsche Bank,2021-02-03,Buy,-0.0906
AMZN,Barclays,2021-02-03,Overweight,-0.0906
AMZN,Morgan Stanley,2021-02-03,Overweight,-0.0906
AMZN,Credit Suisse,2021-02-03,Outperform,-0.0906
AMZN,Canaccord Genuity,2021-02-03,Buy,-0.0906
AMZN,Stifel,2021-02-03,Buy,-0.0906
AMZN,JP Morgan,2021-02-03,Overweight,-0.0906
AMZN,Guggenheim,2021-02-03,Buy,-0.0906
AMZN,Wedbush,2021-02-03,Outperform,-0.0906
AMZN,MKM Partners,2021-02-03,Buy,-0.0906
AMZN,"Monness, Crespi, Hardt",2021-02-03,Buy,-0.0906
AMZN,Truist Securities,2021-02-03,Buy,-0.0906
AMZN,Jefferies,2021-02-03,Buy,-0.0906
AMZN,Cowen & Co.,2021-02-03,Outperform,-0.0906
AMZN,Benchmark,2021-02-03,Buy,-0.0906
AMZN,UBS,2021-02-03,Buy,-0.0906
AMZN,Citigroup,2021-02-17,Buy,-0.0539
AMZN,"Monness, Crespi, Hardt",2021-03-26,Buy,0.0798
AMZN,Wolfe Research,2021-03-31,Outperform,0.0750
AMZN,Guggenheim,2021-04-01,Buy,0.0313
AMZN,Piper Sandler,2021-04-07,Overweight,0.0005
AMZN,Credit Suisse,2021-04-16,Outperform,-0.1075
AMZN,Oppenheimer,2021-04-21,Outperform,-0.0839
AMZN,BMO Capital,2021-04-23,Outperform,-0.1359
AMZN,Keybanc,2021-04-30,Overweight,-0.2831
AMZN,JMP Securities,2021-04-30,Market Outperform,-0.2831
AMZN,Susquehanna,2021-04-30,Positive,-0.2831
AMZN,Morgan Stanley,2021-04-30,Overweight,-0.2831
AMZN,Mizuho,2021-04-30,Buy,-0.2831
AMZN,Bernstein,2021-04-30,Outperform,-0.2831
AMZN,Raymond James,2021-04-30,Outperform,-0.2831
AMZN,Canaccord Genuity,2021-04-30,Buy,-0.2831
AMZN,Barclays,2021-04-30,Overweight,-0.2831
AMZN,Truist Securities,2021-04-30,Buy,-0.2831
AMZN,UBS,2021-04-30,Buy,-0.2831
AMZN,Jefferies,2021-04-30,Buy,-0.2831
AMZN,Stifel,2021-04-30,Buy,-0.2831
AMZN,Needham,2021-04-30,Buy,-0.2831
AMZN,Wells Fargo,2021-04-30,Overweight,-0.2831
AMZN,BMO Capital,2021-04-30,Outperform,-0.2831
AMZN,Credit Suisse,2021-04-30,Outperform,-0.2831
AMZN,MKM Partners,2021-04-30,Buy,-0.2831
AMZN,Piper Sandler,2021-04-30,Overweight,-0.2831
AMZN,China Renaissance,2021-05-03,Buy,-0.2647
AMZN,Citigroup,2021-05-12,Buy,-0.3314
AMZN,Tigress Financial,2021-06-17,Buy,-0.4058
AMZN,JP Morgan,2021-06-18,Overweight,-0.3907
AMZN,"Monness, Crespi, Hardt",2021-06-18,Buy,-0.3907
AMZN,Loop Capital,2021-06-21,Buy,-0.3707
AMZN,Jefferies,2021-06-21,Buy,-0.3707
AMZN,Jefferies,2021-06-28,Buy,-0.3763
AMZN,Bernstein,2021-07-21,Outperform,-0.3048
AMZN,Credit Suisse,2021-07-26,Outperform,-0.3794
AMZN,Mizuho,2021-07-30,Buy,-0.1863
AMZN,Raymond James,2021-07-30,Outperform,-0.1863
AMZN,Credit Suisse,2021-07-30,Outperform,-0.1863
AMZN,Cowen & Co.,2021-07-30,Outperform,-0.1863
AMZN,UBS,2021-07-30,Buy,-0.1863
AMZN,Oppenheimer,2021-07-30,Outperform,-0.1863
AMZN,Truist Securities,2021-07-30,Buy,-0.1863
AMZN,BMO Capital,2021-07-30,Outperform,-0.1863
AMZN,Piper Sandler,2021-07-30,Overweight,-0.1863
AMZN,Morgan Stanley,2021-07-30,Overweight,-0.1863
AMZN,Jefferies,2021-07-30,Buy,-0.1863
AMZN,Benchmark,2021-07-30,Buy,-0.1863
AMZN,Goldman Sachs,2021-09-13,Buy,-0.2663
AMZN,Evercore ISI Group,2021-09-14,Outperform,-0.2548
AMZN,Morgan Stanley,2021-09-27,Overweight,-0.3281
AMZN,JP Morgan,2021-09-29,Overweight,-0.3045
AMZN,RBC Capital,2021-10-01,Outperform,-0.2941
AMZN,Wolfe Research,2021-10-05,Outperform,-0.2490
AMZN,Cowen & Co.,2021-10-07,Outperform,-0.3062
AMZN,Evercore ISI Group,2021-10-14,Outperform,-0.3521
AMZN,Credit Suisse,2021-10-22,Outperform,-0.2816
AMZN,BMO Capital,2021-10-22,Outperform,-0.2816
AMZN,Telsey Advisory Group,2021-10-29,Outperform,-0.3925
AMZN,JMP Securities,2021-10-29,Market Outperform,-0.3925
AMZN,Barclays,2021-10-29,Overweight,-0.3925
AMZN,Raymond James,2021-10-29,Outperform,-0.3925
AMZN,Oppenheimer,2021-10-29,Outperform,-0.3925
AMZN,Morgan Stanley,2021-10-29,Overweight,-0.3925
AMZN,Credit Suisse,2021-10-29,Outperform,-0.3925
AMZN,Wolfe Research,2021-10-29,Outperform,-0.3925
AMZN,Mizuho,2021-10-29,Buy,-0.3925
AMZN,RBC Capital,2021-10-29,Outperform,-0.3925
AMZN,Truist Securities,2021-10-29,Buy,-0.3925
AMZN,Jefferies,2021-10-29,Buy,-0.3925
AMZN,Piper Sandler,2021-10-29,Overweight,-0.3925
AMZN,"Monness, Crespi, Hardt",2021-10-29,Buy,-0.3925
AMZN,Benchmark,2021-10-29,Buy,-0.3925
AMZN,Tigress Financial,2021-11-10,Buy,-0.4450
AMZN,Evercore ISI Group,2021-12-02,Outperform,-0.4523
AMZN,"Monness, Crespi, Hardt",2021-12-17,Buy,-0.5005
AMZN,Wolfe Research,2022-01-04,Outperform,-0.5038
AMZN,RBC Capital,2022-01-04,Outperform,-0.5038
AMZN,Morgan Stanley,2022-01-11,Overweight,-0.4239
AMZN,BMO Capital,2022-01-27,Outperform,-0.2799
AMZN,Credit Suisse,2022-01-28,Outperform,-0.2837
AMZN,Jefferies,2022-01-28,Buy,-0.2837
AMZN,UBS,2022-02-02,Buy,-0.3135
AMZN,JP Morgan,2022-02-04,Overweight,-0.3523
AMZN,Goldman Sachs,2022-02-04,Buy,-0.3523
AMZN,UBS,2022-02-04,Buy,-0.3523
AMZN,Raymond James,2022-02-04,Outperform,-0.3523
AMZN,Credit Suisse,2022-02-04,Outperform,-0.3523
AMZN,Wolfe Research,2022-02-04,Outperform,-0.3523
AMZN,BMO Capital,2022-02-04,Outperform,-0.3523
AMZN,RBC Capital,2022-02-04,Outperform,-0.3523
AMZN,Barclays,2022-02-04,Overweight,-0.3523
AMZN,Canaccord Genuity,2022-02-04,Buy,-0.3523
AMZN,MKM Partners,2022-02-04,Buy,-0.3523
AMZN,Piper Sandler,2022-02-04,Overweight,-0.3523
AMZN,Tigress Financial,2022-02-18,Buy,-0.3723
AMZN,Deutsche Bank,2022-03-11,Buy,-0.3480
AMZN,RBC Capital,2022-04-01,Outperform,-0.3645
AMZN,RBC Capital,2022-04-19,Outperform,-0.3435
AMZN,UBS,2022-04-20,Buy,-0.3054
AMZN,Cowen & Co.,2022-04-20,Outperform,-0.3054
AMZN,MKM Partners,2022-04-20,Buy,-0.3054
AMZN,Bernstein,2022-04-21,Outperform,-0.2838
AMZN,Jefferies,2022-04-28,Buy,-0.2942
AMZN,Telsey Advisory Group,2022-04-29,Outperform,-0.1662
AMZN,Needham,2022-04-29,Buy,-0.1662
AMZN,Piper Sandler,2022-04-29,Overweight,-0.1662
AMZN,Raymond James,2022-04-29,Outperform,-0.1662
AMZN,JMP Securities,2022-04-29,Market Outperform,-0.1662
AMZN,Credit Suisse,2022-04-29,Outperform,-0.1662
AMZN,UBS,2022-04-29,Buy,-0.1662
AMZN,RBC Capital,2022-04-29,Outperform,-0.1662
AMZN,Deutsche Bank,2022-04-29,Buy,-0.1662
AMZN,Baird,2022-04-29,Outperform,-0.1662
AMZN,JP Morgan,2022-04-29,Overweight,-0.1662
AMZN,Susquehanna,2022-04-29,Positive,-0.1662
AMZN,Morgan Stanley,2022-04-29,Overweight,-0.1662
AMZN,Canaccord Genuity,2022-04-29,Buy,-0.1662
AMZN,Wolfe Research,2022-04-29,Outperform,-0.1662
AMZN,Stifel,2022-04-29,Buy,-0.1662
AMZN,Cowen & Co.,2022-04-29,Outperform,-0.1662
AMZN,BMO Capital,2022-04-29,Outperform,-0.1662
AMZN,Evercore ISI Group,2022-04-29,Outperform,-0.1662
AMZN,Truist Securities,2022-04-29,Buy,-0.1662
AMZN,MKM Partners,2022-04-29,Buy,-0.1662
AMZN,Barclays,2022-04-29,Overweight,-0.1662
AMZN,DA Davidson,2022-04-29,Buy,-0.1662
AMZN,Jefferies,2022-05-16,Buy,0.0423
AMZN,Wolfe Research,2022-05-17,Outperform,0.0241
AMZN,Loop Capital,2022-05-27,Buy,0.0472
AMZN,Jefferies,2022-05-31,Buy,0.0213
AMZN,Morgan Stanley,2022-06-01,Overweight,0.0211
AMZN,JMP Securities,2022-06-01,Market Outperform,0.0211
AMZN,Morgan Stanley,2022-06-06,Overweight,-0.0285
AMZN,MKM Partners,2022-06-06,Buy,-0.0285
AMZN,RBC Capital,2022-06-07,Outperform,0.0102
AMZN,DA Davidson,2022-06-07,Buy,0.0102
AMZN,BMO Capital,2022-06-08,Outperform,0.0186
AMZN,Goldman Sachs,2022-06-10,Buy,0.1551
AMZN,Jefferies,2022-06-10,Buy,0.1551
AMZN,JP Morgan,2022-06-14,Overweight,0.2424
AMZN,"Monness, Crespi, Hardt",2022-06-22,Buy,0.1871
AMZN,Evercore ISI Group,2022-06-24,Outperform,0.1092
AMZN,UBS,2022-06-28,Buy,0.1909
AMZN,Wolfe Research,2022-06-29,Outperform,0.1968
AMZN,Redburn Partners,2022-06-29,Buy,0.1968
AMZN,JP Morgan,2022-06-29,Overweight,0.1968
AMZN,Tigress Financial,2022-06-29,Buy,0.1968
AMZN,Goldman Sachs,2022-06-30,Buy,0.2261
AMZN,Goldman Sachs,2022-07-12,Buy,0.2296
AMZN,Telsey Advisory Group,2022-07-13,Outperform,0.2199
AMZN,Citigroup,2022-07-14,Buy,0.2073
AMZN,Barclays,2022-07-15,Overweight,0.1698
AMZN,Stifel,2022-07-15,Buy,0.1698
AMZN,Jefferies,2022-07-20,Buy,0.0589
AMZN,Mizuho,2022-07-21,Buy,0.0335
AMZN,Bernstein,2022-07-21,Outperform,0.0335
AMZN,Deutsche Bank,2022-07-21,Buy,0.0335
AMZN,Evercore ISI Group,2022-07-21,Outperform,0.0335
AMZN,Oppenheimer,2022-07-25,Outperform,0.0579
AMZN,Credit Suisse,2022-07-26,Outperform,0.1171
AMZN,Telsey Advisory Group,2022-07-29,Outperform,-0.0242
AMZN,Piper Sandler,2022-07-29,Overweight,-0.0242
AMZN,Raymond James,2022-07-29,Outperform,-0.0242
AMZN,Wolfe Research,2022-07-29,Outperform,-0.0242
AMZN,JMP Securities,2022-07-29,Market Outperform,-0.0242
AMZN,Barclays,2022-07-29,Overweight,-0.0242
AMZN,JP Morgan,2022-07-29,Overweight,-0.0242
AMZN,Stifel,2022-07-29,Buy,-0.0242
AMZN,Goldman Sachs,2022-07-29,Buy,-0.0242
AMZN,Deutsche Bank,2022-07-29,Buy,-0.0242
AMZN,Citigroup,2022-07-29,Buy,-0.0242
AMZN,Canaccord Genuity,2022-07-29,Buy,-0.0242
AMZN,B of A Securities,2022-07-29,Buy,-0.0242
AMZN,Jefferies,2022-07-29,Buy,-0.0242
AMZN,Cowen & Co.,2022-07-29,Outperform,-0.0242
AMZN,UBS,2022-07-29,Buy,-0.0242
AMZN,Needham,2022-07-29,Buy,-0.0242
AMZN,Evercore ISI Group,2022-07-29,Outperform,-0.0242
AMZN,DA Davidson,2022-09-12,Buy,0.0616
AMZN,Truist Securities,2022-09-28,Buy,0.0772
AMZN,B of A Securities,2022-10-03,Buy,0.0960
AMZN,Jefferies,2022-10-04,Buy,0.0402
AMZN,"Monness, Crespi, Hardt",2022-10-04,Buy,0.0402
AMZN,Bernstein,2022-10-19,Outperform,0.0878
AMZN,Credit Suisse,2022-10-20,Outperform,0.0981
AMZN,UBS,2022-10-20,Buy,0.0981
AMZN,JP Morgan,2022-10-21,Overweight,0.0774
AMZN,"Monness, Crespi, Hardt",2022-10-24,Buy,0.0131
AMZN,Goldman Sachs,2022-10-27,Buy,0.1960
AMZN,Jefferies,2022-10-27,Buy,0.1960
AMZN,Telsey Advisory Group,2022-10-28,Outperform,0.2870
AMZN,Needham,2022-10-28,Buy,0.2870
AMZN,Piper Sandler,2022-10-28,Overweight,0.2870
AMZN,Oppenheimer,2022-10-28,Outperform,0.2870
AMZN,JP Morgan,2022-10-28,Overweight,0.2870
AMZN,JMP Securities,2022-10-28,Market Outperform,0.2870
AMZN,Credit Suisse,2022-10-28,Outperform,0.2870
AMZN,B of A Securities,2022-10-28,Buy,0.2870
AMZN,Truist Securities,2022-10-28,Buy,0.2870
AMZN,Barclays,2022-10-28,Overweight,0.2870
AMZN,Raymond James,2022-10-28,Outperform,0.2870
AMZN,Mizuho,2022-10-28,Buy,0.2870
AMZN,Citigroup,2022-10-28,Buy,0.2870
AMZN,Baird,2022-10-28,Outperform,0.2870
AMZN,RBC Capital,2022-10-28,Outperform,0.2870
AMZN,Deutsche Bank,2022-10-28,Buy,0.2870
AMZN,Wolfe Research,2022-10-28,Outperform,0.2870
AMZN,Wells Fargo,2022-10-28,Overweight,0.2870
AMZN,Cowen & Co.,2022-10-28,Outperform,0.2870
AMZN,Wedbush,2022-10-28,Outperform,0.2870
AMZN,Morgan Stanley,2022-10-28,Overweight,0.2870
AMZN,DA Davidson,2022-10-28,Buy,0.2870
AMZN,Benchmark,2022-10-28,Buy,0.2870
AMZN,Tigress Financial,2022-11-02,Buy,0.5046
AMZN,MoffettNathanson,2022-11-15,Outperform,0.4436
AMZN,Goldman Sachs,2022-11-18,Buy,0.5286
AMZN,Piper Sandler,2022-11-22,Overweight,0.5745
AMZN,Cowen & Co.,2022-12-01,Outperform,0.5166
AMZN,Jefferies,2022-12-05,Buy,0.5880
AMZN,JP Morgan,2022-12-16,Overweight,0.7504
AMZN,"Monness, Crespi, Hardt",2022-12-16,Buy,0.7504
AMZN,Evercore ISI Group,2022-12-19,Outperform,0.7913
AMZN,Baird,2022-12-22,Outperform,0.8309
AMZN,New Street Research,2023-01-04,Buy,0.7059
AMZN,UBS,2023-01-04,Buy,0.7059
AMZN,Cowen & Co.,2023-01-11,Outperform,0.6260
AMZN,Bernstein,2023-01-12,Outperform,0.6076
AMZN,UBS,2023-01-12,Buy,0.6076
AMZN,Goldman Sachs,2023-01-13,Buy,0.5462
AMZN,Telsey Advisory Group,2023-01-24,Outperform,0.6378
AMZN,UBS,2023-01-25,Buy,0.6374
AMZN,Bernstein,2023-01-26,Outperform,0.6253
AMZN,"Monness, Crespi, Hardt",2023-01-26,Buy,0.6253
AMZN,Barclays,2023-01-30,Overweight,0.5435
AMZN,Credit Suisse,2023-01-30,Outperform,0.5435
AMZN,Loop Capital,2023-02-02,Buy,0.5084
AMZN,Piper Sandler,2023-02-03,Overweight,0.6360
AMZN,Needham,2023-02-03,Buy,0.6360
AMZN,Barclays,2023-02-03,Overweight,0.6360
AMZN,Baird,2023-02-03,Outperform,0.6360
AMZN,Oppenheimer,2023-02-03,Outperform,0.6360
AMZN,Cowen & Co.,2023-02-03,Outperform,0.6360
AMZN,Benchmark,2023-02-03,Buy,0.6360
AMZN,JP Morgan,2023-02-03,Overweight,0.6360
AMZN,Morgan Stanley,2023-02-03,Overweight,0.6360
AMZN,Susquehanna,2023-02-03,Positive,0.6360
AMZN,Credit Suisse,2023-02-03,Outperform,0.6360
AMZN,Wedbush,2023-02-03,Outperform,0.6360
AMZN,DA Davidson,2023-02-03,Buy,0.6360
AMZN,Evercore ISI Group,2023-02-03,Outperform,0.6360
AMZN,Truist Securities,2023-02-03,Buy,0.6360
AMZN,JMP Securities,2023-02-03,Market Outperform,0.6360
AMZN,UBS,2023-02-03,Buy,0.6360
AMZN,Bernstein,2023-02-03,Outperform,0.6360
AMZN,Tigress Financial,2023-02-09,Buy,0.7543
AMZN,Loop Capital,2023-02-14,Buy,0.7031
AMZN,Bernstein,2023-03-10,Outperform,0.9331
AMZN,JMP Securities,2023-03-16,Market Outperform,0.7441
AMZN,JP Morgan,2023-03-16,Overweight,0.7441
AMZN,Needham,2023-03-20,Buy,0.8233
AMZN,Bernstein,2023-03-29,Outperform,0.8052
AMZN,Evercore ISI Group,2023-04-03,Outperform,0.7576
AMZN,Jefferies,2023-04-04,Buy,0.7804
AMZN,Piper Sandler,2023-04-04,Overweight,0.7804
AMZN,Needham,2023-04-05,Buy,0.8318
AMZN,Oppenheimer,2023-04-06,Outperform,0.8192
AMZN,Bernstein,2023-04-11,Outperform,0.8920
AMZN,Needham,2023-04-12,Buy,0.9026
AMZN,Truist Securities,2023-04-12,Buy,0.9026
AMZN,JMP Securities,2023-04-19,Market Outperform,0.6743
AMZN,Telsey Advisory Group,2023-04-20,Outperform,0.7073
AMZN,Piper Sandler,2023-04-21,Overweight,0.6786
AMZN,Evercore ISI Group,2023-04-21,Outperform,0.6786
AMZN,UBS,2023-04-24,Buy,0.6626
AMZN,Loop Capital,2023-04-24,Buy,0.6626
AMZN,MoffettNathanson,2023-04-24,Outperform,0.6626
AMZN,Wedbush,2023-04-24,Outperform,0.6626
AMZN,"Monness, Crespi, Hardt",2023-04-24,Buy,0.6626
AMZN,Credit Suisse,2023-04-25,Outperform,0.6932
AMZN,Piper Sandler,2023-04-25,Overweight,0.6932
AMZN,Telsey Advisory Group,2023-04-28,Outperform,0.6596
AMZN,JP Morgan,2023-04-28,Overweight,0.6596
AMZN,Wolfe Research,2023-04-28,Outperform,0.6596
AMZN,Needham,2023-04-28,Buy,0.6596
AMZN,Baird,2023-04-28,Outperform,0.6596
AMZN,Barclays,2023-04-28,Overweight,0.6596
AMZN,B of A Securities,2023-04-28,Buy,0.6596
AMZN,Loop Capital,2023-04-28,Buy,0.6596
AMZN,JMP Securities,2023-04-28,Market Outperform,0.6596
AMZN,Goldman Sachs,2023-04-28,Buy,0.6596
AMZN,Credit Suisse,2023-04-28,Outperform,0.6596
AMZN,UBS,2023-04-28,Buy,0.6596
AMZN,Roth MKM,2023-04-28,Buy,0.6596
AMZN,Wedbush,2023-04-28,Outperform,0.6596
AMZN,Mizuho,2023-04-28,Buy,0.6596
AMZN,"Monness, Crespi, Hardt",2023-04-28,Buy,0.6596
AMZN,New Street Research,2023-05-01,Buy,0.7540
AMZN,Barclays,2023-05-01,Overweight,0.7540
AMZN,Needham,2023-05-05,Buy,0.7865
AMZN,Jefferies,2023-05-18,Buy,0.5534
AMZN,Mizuho,2023-05-24,Buy,0.5482
AMZN,Bernstein,2023-05-31,Outperform,0.4633
AMZN,Piper Sandler,2023-06-07,Overweight,0.5203
AMZN,Wells Fargo,2023-06-08,Overweight,0.5055
AMZN,UBS,2023-06-08,Buy,0.5055
AMZN,B of A Securities,2023-06-12,Buy,0.4766
AMZN,JP Morgan,2023-06-20,Overweight,0.4796
AMZN,Morgan Stanley,2023-06-22,Overweight,0.4258
AMZN,JP Morgan,2023-06-22,Overweight,0.4258
AMZN,Roth MKM,2023-06-26,Buy,0.5205
AMZN,Needham,2023-06-28,Buy,0.4976
AMZN,DBS Bank,2023-07-03,Buy,0.5174
AMZN,"Monness, Crespi, Hardt",2023-07-03,Buy,0.5174
AMZN,Wolfe Research,2023-07-10,Outperform,0.5715
AMZN,JMP Securities,2023-07-11,Market Outperform,0.5146
AMZN,Evercore ISI Group,2023-07-11,Outperform,0.5146
AMZN,Telsey Advisory Group,2023-07-12,Outperform,0.4869
AMZN,Loop Capital,2023-07-12,Buy,0.4869
AMZN,Tigress Financial,2023-07-13,Buy,0.4350
AMZN,Jefferies,2023-07-13,Buy,0.4350
AMZN,Baird,2023-07-14,Outperform,0.4332
AMZN,Goldman Sachs,2023-07-17,Buy,0.4071
AMZN,JMP Securities,2023-07-18,Market Outperform,0.3833
AMZN,Credit Suisse,2023-07-31,Outperform,0.3987
AMZN,Wedbush,2023-07-31,Outperform,0.3987
AMZN,Evercore ISI Group,2023-07-31,Outperform,0.3987
AMZN,Telsey Advisory Group,2023-08-04,Outperform,0.1602
AMZN,JP Morgan,2023-08-04,Overweight,0.1602
AMZN,Rosenblatt,2023-08-04,Buy,0.1602
AMZN,JMP Securities,2023-08-04,Outperform,0.1602
AMZN,Evercore ISI Group,2023-08-04,Outperform,0.1602
AMZN,Morgan Stanley,2023-08-04,Overweight,0.1602
AMZN,Needham,2023-08-04,Buy,0.1602
AMZN,B of A Securities,2023-08-04,Buy,0.1602
AMZN,Citigroup,2023-08-04,Buy,0.1602
AMZN,Mizuho,2023-08-04,Buy,0.1602
AMZN,Wolfe Research,2023-08-04,Outperform,0.1602
AMZN,Goldman Sachs,2023-08-04,Buy,0.1602
AMZN,UBS,2023-08-04,Buy,0.1602
AMZN,Deutsche Bank,2023-08-04,Buy,0.1602
AMZN,Credit Suisse,2023-08-04,Outperform,0.1602
AMZN,Benchmark,2023-08-04,Buy,0.1602
AMZN,Wedbush,2023-08-04,Outperform,0.1602
AMZN,Wells Fargo,2023-08-04,Overweight,0.1602
AMZN,Baird,2023-08-04,Outperform,0.1602
AMZN,TD Cowen,2023-08-04,Outperform,0.1602
AMZN,Truist Securities,2023-08-04,Buy,0.1602
AMZN,Susquehanna,2023-08-04,Positive,0.1602
AMZN,Canaccord Genuity,2023-08-04,Buy,0.1602
AMZN,Jefferies,2023-08-04,Buy,0.1602
AMZN,"Monness, Crespi, Hardt",2023-08-04,Buy,0.1602
AMZN,Barclays,2023-08-07,Overweight,0.1445
AMZN,DA Davidson,2023-08-07,Buy,0.1445
AMZN,Redburn Partners,2023-08-11,Buy,0.2299
AMZN,DA Davidson,2023-08-11,Buy,0.2299
AMZN,Loop Capital,2023-08-23,Buy,0.3064
AMZN,DA Davidson,2023-09-06,Buy,0.2662
AMZN,Wedbush,2023-09-15,Outperform,0.3311
AMZN,Morgan Stanley,2023-09-20,Overweight,0.4162
AMZN,Wells Fargo,2023-09-21,Overweight,0.4991
AMZN,Telsey Advisory Group,2023-09-22,Outperform,0.5022
AMZN,Wedbush,2023-09-25,Outperform,0.4667
AMZN,Telsey Advisory Group,2023-09-25,Outperform,0.4667
AMZN,B of A Securities,2023-09-26,Buy,0.5174
AMZN,Telsey Advisory Group,2023-09-27,Outperform,0.4921
AMZN,Wedbush,2023-09-27,Outperform,0.4921
AMZN,Mizuho,2023-09-27,Buy,0.4921
AMZN,Argus Research,2023-09-27,Buy,0.4921
AMZN,Needham,2023-09-28,Buy,0.4790
AMZN,Wedbush,2023-09-28,Outperform,0.4790
AMZN,Morgan Stanley,2023-10-02,Overweight,0.4272
AMZN,Wells Fargo,2023-10-10,Overweight,0.4415
AMZN,Telsey Advisory Group,2023-10-11,Outperform,0.4323
AMZN,JMP Securities,2023-10-16,Market Outperform,0.4100
AMZN,Stifel,2023-10-17,Buy,0.4264
AMZN,Deutsche Bank,2023-10-17,Buy,0.4264
AMZN,Truist Securities,2023-10-17,Buy,0.4264
AMZN,UBS,2023-10-17,Buy,0.4264
AMZN,Wedbush,2023-10-18,Outperform,0.4750
AMZN,Oppenheimer,2023-10-19,Outperform,0.4725
AMZN,Seaport Global,2023-10-24,Buy,0.4498
AMZN,Telsey Advisory Group,2023-10-27,Outperform,0.4939
AMZN,Needham,2023-10-27,Buy,0.4939
AMZN,Rosenblatt,2023-10-27,Buy,0.4939
AMZN,Barclays,2023-10-27,Overweight,0.4939
AMZN,DA Davidson,2023-10-27,Buy,0.4939
AMZN,HSBC,2023-11-02,Buy,0.4180
AMZN,Tigress Financial,2023-11-10,Buy,0.4552
AMZN,JMP Securities,2023-11-29,Market Outperform,0.4208
AMZN,Truist Securities,2023-11-29,Buy,0.4208
AMZN,Wedbush,2023-12-01,Outperform,0.4517
AMZN,Oppenheimer,2023-12-01,Outperform,0.4517
AMZN,Wedbush,2023-12-21,Outperform,0.4629
AMZN,BMO Capital,2024-01-09,Outperform,0.4464
AMZN,Stifel,2024-01-09,Buy,0.4464
AMZN,Wedbush,2024-01-19,Outperform,0.5129
AMZN,Benchmark,2024-01-22,Buy,0.5210
AMZN,Telsey Advisory Group,2024-01-24,Outperform,0.5007
AMZN,Telsey Advisory Group,2024-02-02,Outperform,0.3746
AMZN,Needham,2024-02-02,Buy,0.3746
AMZN,JP Morgan,2024-02-02,Overweight,0.3746
AMZN,Barclays,2024-02-02,Overweight,0.3746
AMZN,Susquehanna,2024-02-02,Positive,0.3746
AMZN,Wedbush,2024-02-02,Outperform,0.3746
AMZN,Raymond James,2024-02-02,Strong Buy,0.3746
AMZN,RBC Capital,2024-02-02,Outperform,0.3746
AMZN,JMP Securities,2024-02-02,Market Outperform,0.3746
AMZN,Roth MKM,2024-02-02,Buy,0.3746
AMZN,Oppenheimer,2024-02-02,Outperform,0.3746
AMZN,UBS,2024-02-02,Buy,0.3746
AMZN,Truist Securities,2024-02-02,Buy,0.3746
AMZN,DA Davidson,2024-02-02,Buy,0.3746
AMZN,Evercore ISI Group,2024-02-02,Outperform,0.3746
AMZN,Wells Fargo,2024-02-02,Overweight,0.3746
AMZN,Truist Securities,2024-03-22,Buy,0.1244
AMZN,Telsey Advisory Group,2024-03-27,Outperform,0.0580
AMZN,Wells Fargo,2024-04-01,Overweight,0.0831
AMZN,DA Davidson,2024-04-10,Buy,-0.0058
AMZN,Wedbush,2024-04-10,Outperform,-0.0058
AMZN,MoffettNathanson,2024-04-11,Buy,-0.0367
AMZN,Stifel,2024-04-16,Buy,-0.0584
AMZN,Roth MKM,2024-04-16,Buy,-0.0584
AMZN,Truist Securities,2024-04-17,Buy,-0.0770
AMZN,Maxim Group,2024-04-17,Buy,-0.0770
AMZN,Needham,2024-04-18,Buy,-0.0337
AMZN,DA Davidson,2024-04-18,Buy,-0.0337
AMZN,BMO Capital,2024-04-23,Outperform,0.0526
AMZN,Wedbush,2024-04-24,Outperform,0.0629
AMZN,Citigroup,2024-04-24,Buy,0.0629
AMZN,Benchmark,2024-04-24,Buy,0.0629
AMZN,JMP Securities,2024-04-24,Market Outperform,0.0629
AMZN,Telsey Advisory Group,2024-04-25,Outperform,0.0790
AMZN,UBS,2024-04-25,Buy,0.0790
AMZN,Goldman Sachs,2024-05-01,Buy,0.0411
AMZN,Mizuho,2024-05-01,Buy,0.0411
AMZN,Raymond James,2024-05-01,Strong Buy,0.0411
AMZN,Needham,2024-05-01,Buy,0.0411
AMZN,Evercore ISI Group,2024-05-01,Outperform,0.0411
AMZN,Piper Sandler,2024-05-01,Overweight,0.0411
AMZN,Baird,2024-05-01,Outperform,0.0411
AMZN,Telsey Advisory Group,2024-05-01,Outperform,0.0411
AMZN,Morgan Stanley,2024-05-01,Overweight,0.0411
AMZN,Oppenheimer,2024-05-01,Outperform,0.0411
AMZN,Rosenblatt,2024-05-01,Buy,0.0411
AMZN,Truist Securities,2024-05-01,Buy,0.0411
AMZN,Stifel,2024-05-01,Buy,0.0411
AMZN,Barclays,2024-05-01,Overweight,0.0411
AMZN,Citigroup,2024-05-01,Buy,0.0411
AMZN,UBS,2024-05-01,Buy,0.0411
AMZN,Wedbush,2024-05-01,Outperform,0.0411
AMZN,JP Morgan,2024-05-01,Overweight,0.0411
AMZN,Benchmark,2024-05-01,Buy,0.0411
AMZN,JMP Securities,2024-05-01,Market Outperform,0.0411
AMZN,Roth MKM,2024-05-01,Buy,0.0411
AMZN,BMO Capital,2024-05-01,Outperform,0.0411
AMZN,Wells Fargo,2024-05-01,Overweight,0.0411
AMZN,Argus Research,2024-05-02,Buy,0.0016
AMZN,Loop Capital,2024-05-06,Buy,0.0179
AMZN,Needham,2024-05-15,Buy,0.1084
AMZN,Tigress Financial,2024-05-30,Buy,0.1472
AMZN,Baird,2024-06-21,Outperform,0.1212
AMZN,B of A Securities,2024-06-26,Buy,0.1332
AMZN,Wells Fargo,2024-06-28,Overweight,0.1380
AMZN,Needham,2024-07-01,Buy,0.1329
AMZN,Needham,2024-07-09,Buy,0.1288
AMZN,Roth MKM,2024-07-09,Buy,0.1288
AMZN,TD Cowen,2024-07-10,Buy,0.1296
AMZN,Wolfe Research,2024-07-16,Outperform,0.1715
AMZN,Benchmark,2024-07-16,Buy,0.1715
AMZN,Barclays,2024-07-16,Overweight,0.1715
AMZN,Needham,2024-07-17,Buy,0.2201
AMZN,Truist Securities,2024-07-22,Buy,0.2721
AMZN,Bernstein,2024-07-22,Outperform,0.2721
AMZN,JMP Securities,2024-07-23,Market Outperform,0.2416
AMZN,Morgan Stanley,2024-07-23,Overweight,0.2416
AMZN,BMO Capital,2024-07-25,Outperform,0.2845
AMZN,Wedbush,2024-07-26,Outperform,0.2613
AMZN,UBS,2024-07-30,Buy,0.1818
AMZN,JMP Securities,2024-07-31,Market Outperform,0.1319
AMZN,Goldman Sachs,2024-08-02,Buy,0.3241
AMZN,JP Morgan,2024-08-02,Overweight,0.3241
AMZN,Piper Sandler,2024-08-02,Overweight,0.3241
AMZN,Stifel,2024-08-02,Buy,0.3241
AMZN,Jefferies,2024-08-02,Buy,0.3241
AMZN,Wedbush,2024-08-02,Outperform,0.3241
AMZN,Barclays,2024-08-02,Overweight,0.3241
AMZN,Benchmark,2024-08-02,Buy,0.3241
AMZN,Roth MKM,2024-08-02,Buy,0.3241
AMZN,B of A Securities,2024-08-02,Buy,0.3241
AMZN,Maxim Group,2024-08-02,Buy,0.3241
AMZN,JMP Securities,2024-08-02,Market Outperform,0.3241
AMZN,RBC Capital,2024-08-02,Outperform,0.3241
AMZN,Rosenblatt,2024-08-02,Buy,0.3241
AMZN,Morgan Stanley,2024-08-06,Overweight,0.3752
AMZN,Wells Fargo,2024-08-26,Overweight,0.3197
AMZN,JMP Securities,2024-09-03,Market Outperform,0.3182
AMZN,Cantor Fitzgerald,2024-09-05,Overweight,0.3393
AMZN,Cantor Fitzgerald,2024-09-05,Overweight,0.3393
AMZN,Needham,2024-09-12,Buy,0.2516
AMZN,BMO Capital,2024-09-19,Outperform,0.1624
AMZN,Evercore ISI Group,2024-09-20,Outperform,0.1493
AMZN,Cantor Fitzgerald,2024-09-23,Overweight,0.1252
AMZN,Truist Securities,2024-09-30,Buy,0.1936
AMZN,Cantor Fitzgerald,2024-09-30,Overweight,0.1936
AMZN,Morgan Stanley,2024-10-03,Overweight,0.2188
AMZN,JMP Securities,2024-10-04,Market Outperform,0.2075
AMZN,Cantor Fitzgerald,2024-10-09,Overweight,0.1885
AMZN,Telsey Advisory Group,2024-10-10,Outperform,0.1593
AMZN,DA Davidson,2024-10-10,Buy,0.1593
AMZN,Pivotal Research,2024-10-11,Buy,0.1417
AMZN,Scotiabank,2024-10-11,Sector Outperform,0.1417
AMZN,Evercore ISI Group,2024-10-11,Outperform,0.1417
AMZN,JMP Securities,2024-10-15,Market Outperform,0.1351
AMZN,Needham,2024-10-24,Buy,0.2300
AMZN,UBS,2024-10-28,Buy,0.1830
AMZN,Goldman Sachs,2024-11-01,Buy,0.2641
AMZN,B of A Securities,2024-11-01,Buy,0.2641
AMZN,Evercore ISI Group,2024-11-01,Outperform,0.2641
AMZN,Needham,2024-11-01,Buy,0.2641
AMZN,Rosenblatt,2024-11-01,Buy,0.2641
AMZN,Telsey Advisory Group,2024-11-01,Outperform,0.2641
AMZN,Piper Sandler,2024-11-01,Overweight,0.2641
AMZN,TD Cowen,2024-11-01,Buy,0.2641
AMZN,JMP Securities,2024-11-01,Market Outperform,0.2641
AMZN,Stifel,2024-11-01,Buy,0.2641
AMZN,Baird,2024-11-01,Outperform,0.2641
AMZN,Jefferies,2024-11-01,Buy,0.2641
AMZN,JP Morgan,2024-11-01,Overweight,0.2641
AMZN,Oppenheimer,2024-11-01,Outperform,0.2641
AMZN,Benchmark,2024-11-01,Buy,0.2641
AMZN,Truist Securities,2024-11-01,Buy,0.2641
AMZN,Scotiabank,2024-11-01,Sector Outperform,0.2641
AMZN,Susquehanna,2024-11-01,Positive,0.2641
AMZN,BMO Capital,2024-11-01,Outperform,0.2641
AMZN,RBC Capital,2024-11-01,Outperform,0.2641
AMZN,Deutsche Bank,2024-11-01,Buy,0.2641
AMZN,Maxim Group,2024-11-01,Buy,0.2641
AMZN,UBS,2024-11-01,Buy,0.2641
AMZN,Bernstein,2024-11-01,Outperform,0.2641
AMZN,Wedbush,2024-11-01,Outperform,0.2641
AMZN,Morgan Stanley,2024-11-04,Overweight,0.2414
AMZN,Needham,2024-11-06,Buy,0.1995
AMZN,Loop Capital,2024-11-06,Buy,0.1995
AMZN,Needham,2024-11-14,Buy,0.0523
AMZN,Redburn Atlantic,2024-11-26,Buy,0.1252
AMZN,MoffettNathanson,2024-11-26,Buy,0.1252
AMZN,BMO Capital,2024-12-03,Outperform,0.0754
AMZN,Needham,2024-12-04,Buy,0.0400
AMZN,Roth MKM,2024-12-09,Buy,0.0185
AMZN,Needham,2024-12-10,Buy,0.0051
AMZN,Mizuho,2024-12-10,Outperform,0.0051
AMZN,TD Cowen,2024-12-12,Buy,-0.0280
AMZN,Baird,2024-12-13,Outperform,-0.0272
AMZN,UBS,2024-12-16,Buy,-0.0265
AMZN,Jefferies,2024-12-16,Buy,-0.0265
AMZN,JMP Securities,2024-12-16,Market Outperform,-0.0265
AMZN,JP Morgan,2024-12-18,Overweight,0.0359
AMZN,Bernstein,2024-12-18,Outperform,0.0359
AMZN,Tigress Financial,2024-12-20,Buy,0.0332
AMZN,Wolfe Research,2025-01-03,Outperform,0.0775
AMZN,Wedbush,2025-01-06,Outperform,0.0821
AMZN,Cantor Fitzgerald,2025-01-07,Overweight,0.1138
AMZN,JMP Securities,2025-01-10,Market Outperform,0.1081
AMZN,Morgan Stanley,2025-01-13,Overweight,0.0833
AMZN,HSBC,2025-01-13,Buy,0.0833
AMZN,BMO Capital,2025-01-17,Outperform,0.0238
AMZN,Needham,2025-01-21,Buy,0.0157
AMZN,Raymond James,2025-01-21,Strong Buy,0.0157
AMZN,Cantor Fitzgerald,2025-01-22,Overweight,0.0177
AMZN,Scotiabank,2025-01-24,Sector Outperform,0.0419
AMZN,Wedbush,2025-01-27,Outperform,0.0322
AMZN,UBS,2025-01-30,Buy,0.0355
AMZN,JMP Securities,2025-01-30,Market Outperform,0.0355
AMZN,Telsey Advisory Group,2025-01-31,Outperform,0.0040
AMZN,Benchmark,2025-02-04,Buy,-0.0800
AMZN,B of A Securities,2025-02-07,Buy,-0.0968
AMZN,UBS,2025-02-07,Buy,-0.0968
AMZN,BMO Capital,2025-02-07,Outperform,-0.0968
AMZN,Deutsche Bank,2025-02-07,Buy,-0.0968
AMZN,Goldman Sachs,2025-02-07,Buy,-0.0968
AMZN,JP Morgan,2025-02-07,Overweight,-0.0968
AMZN,Telsey Advisory Group,2025-02-07,Outperform,-0.0968
AMZN,Needham,2025-02-07,Buy,-0.0968
AMZN,Raymond James,2025-02-07,Strong Buy,-0.0968
AMZN,Rosenblatt,2025-02-07,Buy,-0.0968
AMZN,Truist Securities,2025-02-07,Buy,-0.0968
AMZN,Piper Sandler,2025-02-07,Overweight,-0.0968
AMZN,Stifel,2025-02-07,Buy,-0.0968
AMZN,JMP Securities,2025-02-07,Market Outperform,-0.0968
AMZN,Benchmark,2025-02-07,Buy,-0.0968
AMZN,Oppenheimer,2025-02-07,Outperform,-0.0968
AMZN,Cantor Fitzgerald,2025-02-07,Overweight,-0.0968
AMZN,Canaccord Genuity,2025-02-07,Buy,-0.0968
AMZN,Wedbush,2025-02-07,Outperform,-0.0968
AMZN,RBC Capital,2025-02-07,Outperform,-0.0968
AMZN,DA Davidson,2025-02-07,Buy,-0.0968
AMZN,Barclays,2025-02-07,Overweight,-0.0968
AMZN,Maxim Group,2025-02-07,Buy,-0.0968
AMZN,Citigroup,2025-02-07,Buy,-0.0968
AMZN,Bernstein,2025-02-10,Outperform,-0.1246
AMZN,Loop Capital,2025-02-12,Buy,-0.1317
AMZN,Citizens Capital Markets,2025-03-20,Market Outperform,0.0779
AMZN,Jefferies,2025-03-31,Buy,0.1067
AMZN,WestPark Capital,2025-04-01,Buy,0.0916
AMZN,JP Morgan,2025-04-08,Overweight,0.3968
AMZN,B of A Securities,2025-04-09,Buy,0.2553
AMZN,Mizuho,2025-04-09,Outperform,0.2553
AMZN,Piper Sandler,2025-04-10,Overweight,0.3741
AMZN,Truist Securities,2025-04-10,Buy,0.3741
AMZN,JMP Securities,2025-04-14,Market Outperform,0.3711
AMZN,Morgan Stanley,2025-04-14,Overweight,0.3711
AMZN,Deutsche Bank,2025-04-14,Buy,0.3711
AMZN,DA Davidson,2025-04-14,Buy,0.3711
AMZN,Citigroup,2025-04-14,Buy,0.3711
AMZN,Wedbush,2025-04-15,Outperform,0.3952
AMZN,BMO Capital,2025-04-16,Outperform,0.4242
AMZN,Cantor Fitzgerald,2025-04-16,Overweight,0.4242
AMZN,Raymond James,2025-04-21,Outperform,0.5262
AMZN,Scotiabank,2025-04-21,Sector Outperform,0.5262
AMZN,Goldman Sachs,2025-04-22,Buy,0.4729
AMZN,Telsey Advisory Group,2025-04-23,Outperform,0.4617
AMZN,Stifel,2025-04-23,Buy,0.4617
AMZN,Oppenheimer,2025-04-28,Outperform,0.4014
AMZN,UBS,2025-04-29,Buy,0.4145
AMZN,Bernstein,2025-04-29,Outperform,0.4145
AMZN,Benchmark,2025-05-01,Buy,0.4303
AMZN,JMP Securities,2025-05-01,Market Outperform,0.4303
AMZN,B of A Securities,2025-05-02,Buy,0.4399
AMZN,Oppenheimer,2025-05-02,Outperform,0.4399
AMZN,BMO Capital,2025-05-02,Outperform,0.4399
AMZN,Telsey Advisory Group,2025-05-02,Outperform,0.4399
AMZN,Needham,2025-05-02,Buy,0.4399
AMZN,JP Morgan,2025-05-02,Overweight,0.4399
AMZN,Rosenblatt,2025-05-02,Buy,0.4399
AMZN,WestPark Capital,2025-05-02,Buy,0.4399
AMZN,Susquehanna,2025-05-02,Positive,0.4399
AMZN,Stifel,2025-05-02,Buy,0.4399
AMZN,Truist Securities,2025-05-02,Buy,0.4399
AMZN,Evercore ISI Group,2025-05-02,Outperform,0.4399
AMZN,Cantor Fitzgerald,2025-05-02,Overweight,0.4399
AMZN,Barclays,2025-05-02,Overweight,0.4399
AMZN,JMP Securities,2025-05-02,Market Outperform,0.4399
AMZN,Benchmark,2025-05-02,Buy,0.4399
AMZN,Piper Sandler,2025-05-02,Overweight,0.4399
AMZN,Wedbush,2025-05-02,Outperform,0.4399
AMZN,RBC Capital,2025-05-02,Outperform,0.4399
AMZN,Bernstein,2025-05-02,Outperform,0.4399
AMZN,UBS,2025-05-02,Buy,0.4399
AMZN,Baird,2025-05-05,Outperform,0.4757
AMZN,Tigress Financial,2025-05-06,Buy,0.4657
AMZN,B of A Securities,2025-06-02,Buy,0.2099
AMZN,JP Morgan,2025-06-04,Overweight,0.1872
AMZN,Oppenheimer,2025-06-20,Outperform,0.1165
AMZN,Truist Securities,2025-07-02,Buy,0.1102
AMZN,Roth Capital,2025-07-08,Buy,0.1262
AMZN,Telsey Advisory Group,2025-07-10,Outperform,0.1127
AMZN,JMP Securities,2025-07-10,Market Outperform,0.1127
AMZN,Morgan Stanley,2025-07-10,Overweight,0.1127
AMZN,JP Morgan,2025-07-11,Overweight,0.0999
AMZN,Piper Sandler,2025-07-11,Overweight,0.0999
AMZN,Cantor Fitzgerald,2025-07-16,Overweight,0.1077
AMZN,Baird,2025-07-21,Outperform,0.0678
AMZN,Needham,2025-07-22,Buy,0.0272
AMZN,BMO Capital,2025-07-22,Outperform,0.0272
AMZN,Citigroup,2025-07-22,Buy,0.0272
AMZN,Scotiabank,2025-07-22,Sector Outperform,0.0272
AMZN,B of A Securities,2025-07-23,Buy,0.0167
AMZN,UBS,2025-07-28,Buy,-0.0264
AMZN,Stifel,2025-07-29,Buy,0.0194
AMZN,Wedbush,2025-07-30,Outperform,0.1798
AMZN,Needham,2025-08-01,Buy,0.2918
AMZN,Benchmark,2025-08-01,Buy,0.2918
AMZN,Goldman Sachs,2025-08-01,Buy,0.2918
AMZN,B of A Securities,2025-08-01,Buy,0.2918
AMZN,Telsey Advisory Group,2025-08-01,Outperform,0.2918
AMZN,WestPark Capital,2025-08-01,Buy,0.2918
AMZN,Piper Sandler,2025-08-01,Overweight,0.2918
AMZN,Rosenblatt,2025-08-01,Buy,0.2918
AMZN,Canaccord Genuity,2025-08-01,Buy,0.2918
AMZN,Barclays,2025-08-01,Overweight,0.2918
AMZN,Susquehanna,2025-08-01,Positive,0.2918
AMZN,JMP Securities,2025-08-01,Market Outperform,0.2918
AMZN,Wedbush,2025-08-01,Outperform,0.2918
AMZN,Cantor Fitzgerald,2025-08-01,Overweight,0.2918
AMZN,Stifel,2025-08-01,Buy,0.2918
AMZN,RBC Capital,2025-08-01,Outperform,0.2918
AMZN,JP Morgan,2025-08-01,Overweight,0.2918
AMZN,BMO Capital,2025-08-01,Outperform,0.2918
AMZN,Oppenheimer,2025-08-01,Outperform,0.2918
AMZN,Citigroup,2025-08-01,Buy,0.2918
AMZN,DA Davidson,2025-08-01,Buy,0.2918
AMZN,HSBC,2025-08-04,Buy,0.2882
AMZN,Evercore ISI Group,2025-08-13,Outperform,0.1696
AMZN,Telsey Advisory Group,2025-08-13,Outperform,0.1696
AMZN,Morgan Stanley,2025-08-14,Overweight,0.1313
AMZN,Truist Securities,2025-09-16,Buy,0.0732
AMZN,Wedbush,2025-09-19,Outperform,0.1015
AMZN,Wells Fargo,2025-09-24,Overweight,0.1338
AMZN,Telsey Advisory Group,2025-09-24,Outperform,0.1338
GOOGL,Stifel,2017-10-27,Buy,0.0010
GOOGL,Citigroup,2017-10-27,Buy,0.0010
GOOGL,Citigroup,2017-10-30,Buy,0.0159
GOOGL,Evercore ISI Group,2017-12-06,Outperform,0.0134
GOOGL,Morgan Stanley,2018-01-26,Overweight,-0.0989
GOOGL,Morgan Stanley,2018-02-02,Outperform,0.0292
GOOGL,B of A Securities,2018-02-02,Buy,0.0292
GOOGL,Barclays,2018-02-02,Overweight,0.0292
GOOGL,Morgan Stanley,2018-04-10,Overweight,0.1640
GOOGL,Credit Suisse,2018-04-20,Outperform,0.1794
GOOGL,Credit Suisse,2018-04-23,Outperform,0.1734
GOOGL,Keybanc,2018-04-24,Overweight,0.2393
GOOGL,Morgan Stanley,2018-04-24,Overweight,0.2393
GOOGL,Barclays,2018-04-24,Overweight,0.2393
GOOGL,Stifel,2018-04-25,Buy,0.2487
GOOGL,Morgan Stanley,2018-06-28,Overweight,-0.0238
GOOGL,Nomura,2018-07-11,Buy,-0.0223
GOOGL,Barclays,2018-07-13,Overweight,-0.0423
GOOGL,Credit Suisse,2018-07-16,Outperform,-0.0416
GOOGL,Stifel,2018-07-24,Buy,-0.0971
GOOGL,JMP Securities,2018-07-24,Market Outperform,-0.0971
GOOGL,Barclays,2018-07-24,Overweight,-0.0971
GOOGL,Morgan Stanley,2018-07-24,Overweight,-0.0971
GOOGL,B. Riley Securities,2018-07-24,Buy,-0.0971
GOOGL,Credit Suisse,2018-07-24,Outperform,-0.0971
GOOGL,B of A Securities,2018-07-24,Buy,-0.0971
GOOGL,Morgan Stanley,2018-08-29,Overweight,-0.0586
GOOGL,Wedbush,2018-10-18,Outperform,0.1333
GOOGL,Barclays,2018-10-26,Overweight,0.1632
GOOGL,B of A Securities,2018-10-26,Buy,0.1632
GOOGL,JMP Securities,2018-11-02,Market Outperform,0.2053
GOOGL,Morgan Stanley,2018-11-14,Overweight,0.2645
GOOGL,Guggenheim,2018-12-06,Buy,0.2424
GOOGL,Canaccord Genuity,2019-01-03,Buy,0.3277
GOOGL,Pivotal Research,2019-01-07,Buy,0.2967
GOOGL,Barclays,2019-02-05,Overweight,0.2554
GOOGL,Nomura,2019-02-05,Buy,0.2554
GOOGL,Citigroup,2019-02-05,Buy,0.2554
GOOGL,Needham,2019-03-05,Buy,0.1817
GOOGL,Morgan Stanley,2019-04-30,Overweight,0.1195
GOOGL,Nomura,2019-04-30,Buy,0.1195
GOOGL,Morgan Stanley,2019-07-15,Overweight,0.3219
GOOGL,Keybanc,2019-07-26,Overweight,0.2282
GOOGL,Nomura,2019-07-26,Buy,0.2282
GOOGL,Citigroup,2019-07-26,Buy,0.2282
GOOGL,Canaccord Genuity,2019-07-26,Buy,0.2282
GOOGL,Morgan Stanley,2019-07-26,Overweight,0.2282
GOOGL,Mizuho,2019-07-26,Buy,0.2282
GOOGL,Credit Suisse,2019-07-26,Outperform,0.2282
GOOGL,Wedbush,2019-07-26,Outperform,0.2282
GOOGL,Keybanc,2019-10-29,Overweight,0.1984
GOOGL,Canaccord Genuity,2019-10-29,Buy,0.1984
GOOGL,Barclays,2019-10-29,Overweight,0.1984
GOOGL,Piper Sandler,2019-12-03,Overweight,0.4095
GOOGL,Stifel,2019-12-05,Buy,0.3744
GOOGL,Pivotal Research,2020-01-06,Buy,0.2448
GOOGL,Bernstein,2020-01-10,Outperform,0.2291
GOOGL,Evercore ISI Group,2020-01-13,Outperform,0.2065
GOOGL,UBS,2020-01-17,Buy,0.2061
GOOGL,Morgan Stanley,2020-01-21,Overweight,0.2684
GOOGL,Keybanc,2020-01-24,Overweight,0.2920
GOOGL,Mizuho,2020-01-27,Buy,0.3326
GOOGL,Wedbush,2020-01-30,Outperform,0.2566
GOOGL,Pivotal Research,2020-02-04,Buy,0.4244
GOOGL,Nomura,2020-02-04,Buy,0.4244
GOOGL,Needham,2020-02-04,Buy,0.4244
GOOGL,B of A Securities,2020-02-04,Buy,0.4244
GOOGL,Piper Sandler,2020-02-04,Overweight,0.4244
GOOGL,Raymond James,2020-02-04,Outperform,0.4244
GOOGL,Deutsche Bank,2020-02-04,Buy,0.4244
GOOGL,Nomura Instinet,2020-02-04,Buy,0.4244
GOOGL,Oppenheimer,2020-02-04,Outperform,0.4244
GOOGL,Susquehanna,2020-02-04,Positive,0.4244
GOOGL,Baird,2020-02-04,Outperform,0.4244
GOOGL,JMP Securities,2020-02-04,Market Outperform,0.4244
GOOGL,SunTrust Robinson Humphrey,2020-02-04,Buy,0.4244
GOOGL,Argus Research,2020-02-05,Buy,0.4202
GOOGL,CFRA,2020-02-06,Strong Buy,0.4152
GOOGL,Citigroup,2020-02-07,Buy,0.4093
GOOGL,Morgan Stanley,2020-02-25,Overweight,0.5031
GOOGL,B of A Securities,2020-03-05,Buy,0.5950
GOOGL,JP Morgan,2020-03-18,Overweight,0.8524
GOOGL,SunTrust Robinson Humphrey,2020-03-26,Buy,0.7411
GOOGL,BMO Capital,2020-03-30,Outperform,0.7853
GOOGL,UBS,2020-03-30,Buy,0.7853
GOOGL,Morgan Stanley,2020-03-30,Overweight,0.7853
GOOGL,JMP Securities,2020-03-30,Market Outperform,0.7853
GOOGL,Barclays,2020-04-07,Overweight,0.9030
GOOGL,Oppenheimer,2020-04-17,Outperform,0.7903
GOOGL,Mizuho,2020-04-17,Buy,0.7903
GOOGL,Credit Suisse,2020-04-20,Outperform,0.8071
GOOGL,Raymond James,2020-04-21,Outperform,0.8796
GOOGL,Deutsche Bank,2020-04-21,Buy,0.8796
GOOGL,Wedbush,2020-04-22,Outperform,0.7900
GOOGL,Pivotal Research,2020-04-28,Buy,0.9139
GOOGL,JP Morgan,2020-04-29,Overweight,0.7827
GOOGL,Nomura,2020-04-29,Buy,0.7827
GOOGL,Credit Suisse,2020-04-29,Outperform,0.7827
GOOGL,Morgan Stanley,2020-04-29,Overweight,0.7827
GOOGL,MKM Partners,2020-04-29,Buy,0.7827
GOOGL,RBC Capital,2020-04-29,Outperform,0.7827
GOOGL,Stifel,2020-04-29,Buy,0.7827
GOOGL,BMO Capital,2020-04-29,Outperform,0.7827
GOOGL,Barclays,2020-04-29,Overweight,0.7827
GOOGL,Nomura Instinet,2020-04-29,Buy,0.7827
GOOGL,Mizuho,2020-04-29,Buy,0.7827
GOOGL,B of A Securities,2020-04-29,Buy,0.7827
GOOGL,SunTrust Robinson Humphrey,2020-04-29,Buy,0.7827
GOOGL,Deutsche Bank,2020-05-05,Buy,0.7159
GOOGL,Citigroup,2020-05-12,Buy,0.6000
GOOGL,B of A Securities,2020-06-10,Buy,0.6625
GOOGL,B of A Securities,2020-06-22,Buy,0.6865
GOOGL,Goldman Sachs,2020-06-24,Buy,0.7101
GOOGL,Morgan Stanley,2020-07-09,Overweight,0.6530
GOOGL,Mizuho,2020-07-13,Buy,0.6842
GOOGL,Jefferies,2020-07-13,Buy,0.6842
GOOGL,Barclays,2020-07-13,Overweight,0.6842
GOOGL,Bernstein,2020-07-16,Outperform,0.6763
GOOGL,SunTrust Robinson Humphrey,2020-07-16,Buy,0.6763
GOOGL,B of A Securities,2020-07-20,Buy,0.6141
GOOGL,Credit Suisse,2020-07-20,Outperform,0.6141
GOOGL,Mizuho,2020-07-21,Buy,0.6395
GOOGL,MKM Partners,2020-07-27,Buy,0.7248
GOOGL,Deutsche Bank,2020-07-28,Buy,0.8102
GOOGL,BMO Capital,2020-07-29,Outperform,0.7824
GOOGL,Morgan Stanley,2020-07-31,Overweight,0.8126
GOOGL,B of A Securities,2020-07-31,Buy,0.8126
GOOGL,Raymond James,2020-07-31,Outperform,0.8126
GOOGL,Canaccord Genuity,2020-07-31,Buy,0.8126
GOOGL,Susquehanna,2020-07-31,Positive,0.8126
GOOGL,Baird,2020-07-31,Outperform,0.8126
GOOGL,Wedbush,2020-07-31,Outperform,0.8126
GOOGL,JMP Securities,2020-08-03,Outperform,0.8294
GOOGL,UBS,2020-08-25,Buy,0.7695
GOOGL,Keybanc,2020-09-15,Overweight,0.8817
GOOGL,B of A Securities,2020-09-23,Buy,1.0039
GOOGL,Morgan Stanley,2020-09-24,Overweight,0.9990
GOOGL,Deutsche Bank,2020-10-12,Buy,0.7442
GOOGL,Bernstein,2020-10-16,Outperform,0.8215
GOOGL,Jefferies,2020-10-20,Buy,0.8280
GOOGL,BMO Capital,2020-10-23,Outperform,0.6834
GOOGL,Keybanc,2020-10-30,Overweight,0.7758
GOOGL,B of A Securities,2020-10-30,Buy,0.7758
GOOGL,Morgan Stanley,2020-10-30,Overweight,0.7758
GOOGL,Raymond James,2020-10-30,Outperform,0.7758
GOOGL,Mizuho,2020-10-30,Buy,0.7758
GOOGL,Credit Suisse,2020-10-30,Outperform,0.7758
GOOGL,Susquehanna,2020-10-30,Positive,0.7758
GOOGL,Deutsche Bank,2020-10-30,Buy,0.7758
GOOGL,BMO Capital,2020-10-30,Outperform,0.7758
GOOGL,Barclays,2020-10-30,Overweight,0.7758
GOOGL,MKM Partners,2020-10-30,Buy,0.7758
GOOGL,Wedbush,2020-10-30,Outperform,0.7758
GOOGL,Truist Securities,2020-10-30,Buy,0.7758
GOOGL,Argus Research,2020-11-02,Buy,0.7907
GOOGL,Canaccord Genuity,2020-11-02,Buy,0.7907
GOOGL,B of A Securities,2020-12-18,Buy,0.6407
GOOGL,Baird,2020-12-31,Outperform,0.6530
GOOGL,Morgan Stanley,2021-01-05,Overweight,0.6597
GOOGL,Jefferies,2021-01-11,Buy,0.5791
GOOGL,Keybanc,2021-01-19,Overweight,0.5242
GOOGL,Piper Sandler,2021-01-21,Overweight,0.4150
GOOGL,Credit Suisse,2021-01-22,Outperform,0.3775
GOOGL,Mizuho,2021-01-25,Buy,0.3810
GOOGL,Canaccord Genuity,2021-01-25,Buy,0.3810
GOOGL,Wells Fargo,2021-01-28,Overweight,0.3922
GOOGL,Wedbush,2021-01-28,Outperform,0.3922
GOOGL,Truist Securities,2021-02-01,Buy,0.4295
GOOGL,Keybanc,2021-02-03,Overweight,0.4377
GOOGL,Needham,2021-02-03,Buy,0.4377
GOOGL,JP Morgan,2021-02-03,Overweight,0.4377
GOOGL,Morgan Stanley,2021-02-03,Overweight,0.4377
GOOGL,Credit Suisse,2021-02-03,Outperform,0.4377
GOOGL,Raymond James,2021-02-03,Outperform,0.4377
GOOGL,Canaccord Genuity,2021-02-03,Buy,0.4377
GOOGL,Wedbush,2021-02-03,Outperform,0.4377
GOOGL,MKM Partners,2021-02-03,Buy,0.4377
GOOGL,Evercore ISI Group,2021-02-03,Outperform,0.4377
GOOGL,"Monness, Crespi, Hardt",2021-02-03,Buy,0.4377
GOOGL,Cowen & Co.,2021-02-03,Outperform,0.4377
GOOGL,Truist Securities,2021-02-03,Buy,0.4377
GOOGL,Deutsche Bank,2021-02-03,Buy,0.4377
GOOGL,Barclays,2021-02-03,Overweight,0.4377
GOOGL,UBS,2021-02-03,Buy,0.4377
GOOGL,Jefferies,2021-02-03,Buy,0.4377
GOOGL,Pivotal Research,2021-02-03,Buy,0.4377
GOOGL,Bernstein,2021-02-03,Outperform,0.4377
GOOGL,Citigroup,2021-02-12,Buy,0.2819
GOOGL,Loop Capital,2021-02-16,Buy,0.2842
GOOGL,B of A Securities,2021-03-19,Buy,0.3431
GOOGL,Morgan Stanley,2021-03-25,Overweight,0.3931
GOOGL,Stifel,2021-03-30,Buy,0.3927
GOOGL,Wolfe Research,2021-04-01,Outperform,0.3059
GOOGL,Argus Research,2021-04-09,Buy,0.1969
GOOGL,TD Cowen,2021-04-15,Outperform,0.1368
GOOGL,Oppenheimer,2021-04-19,Outperform,0.1152
GOOGL,Canaccord Genuity,2021-04-19,Buy,0.1152
GOOGL,Mizuho,2021-04-19,Buy,0.1152
GOOGL,Keybanc,2021-04-20,Overweight,0.1409
GOOGL,Jefferies,2021-04-22,Buy,0.1082
GOOGL,BMO Capital,2021-04-23,Outperform,0.0403
GOOGL,Credit Suisse,2021-04-23,Outperform,0.0403
GOOGL,Truist Securities,2021-04-26,Buy,0.0656
GOOGL,Keybanc,2021-04-28,Overweight,-0.0310
GOOGL,Needham,2021-04-28,Buy,-0.0310
GOOGL,Barclays,2021-04-28,Overweight,-0.0310
GOOGL,Wells Fargo,2021-04-28,Overweight,-0.0310
GOOGL,Oppenheimer,2021-04-28,Outperform,-0.0310
GOOGL,JMP Securities,2021-04-28,Market Outperform,-0.0310
GOOGL,B of A Securities,2021-04-28,Buy,-0.0310
GOOGL,Piper Sandler,2021-04-28,Overweight,-0.0310
GOOGL,Morgan Stanley,2021-04-28,Overweight,-0.0310
GOOGL,Mizuho,2021-04-28,Buy,-0.0310
GOOGL,Credit Suisse,2021-04-28,Outperform,-0.0310
GOOGL,Raymond James,2021-04-28,Outperform,-0.0310
GOOGL,Canaccord Genuity,2021-04-28,Buy,-0.0310
GOOGL,Jefferies,2021-04-28,Buy,-0.0310
GOOGL,Susquehanna,2021-04-28,Positive,-0.0310
GOOGL,BMO Capital,2021-04-28,Outperform,-0.0310
GOOGL,Evercore ISI Group,2021-04-28,Outperform,-0.0310
GOOGL,Stifel,2021-04-28,Buy,-0.0310
GOOGL,Argus Research,2021-04-29,Buy,-0.0093
GOOGL,China Renaissance,2021-05-03,Buy,-0.0049
GOOGL,KGI Securities,2021-06-02,Outperform,-0.0391
GOOGL,Tigress Financial,2021-06-11,Strong Buy,-0.0852
GOOGL,Jefferies,2021-07-20,Buy,-0.0975
GOOGL,Credit Suisse,2021-07-23,Outperform,-0.1917
GOOGL,Keybanc,2021-07-28,Overweight,-0.1607
GOOGL,Needham,2021-07-28,Buy,-0.1607
GOOGL,Barclays,2021-07-28,Overweight,-0.1607
GOOGL,Susquehanna,2021-07-28,Positive,-0.1607
GOOGL,BMO Capital,2021-07-28,Outperform,-0.1607
GOOGL,Oppenheimer,2021-07-28,Outperform,-0.1607
GOOGL,B of A Securities,2021-07-28,Buy,-0.1607
GOOGL,Truist Securities,2021-07-28,Buy,-0.1607
GOOGL,Morgan Stanley,2021-07-28,Overweight,-0.1607
GOOGL,Credit Suisse,2021-07-28,Outperform,-0.1607
GOOGL,Piper Sandler,2021-07-28,Overweight,-0.1607
GOOGL,Stifel,2021-07-28,Buy,-0.1607
GOOGL,Raymond James,2021-07-28,Outperform,-0.1607
GOOGL,Mizuho,2021-07-28,Buy,-0.1607
GOOGL,Jefferies,2021-07-28,Buy,-0.1607
GOOGL,JP Morgan,2021-07-28,Overweight,-0.1607
GOOGL,Canaccord Genuity,2021-07-28,Buy,-0.1607
GOOGL,JMP Securities,2021-07-28,Market Outperform,-0.1607
GOOGL,Bernstein,2021-07-28,Outperform,-0.1607
GOOGL,MKM Partners,2021-07-28,Buy,-0.1607
GOOGL,Wolfe Research,2021-07-28,Outperform,-0.1607
GOOGL,Argus Research,2021-07-29,Buy,-0.1433
GOOGL,Goldman Sachs,2021-09-13,Buy,-0.2671
GOOGL,RBC Capital,2021-10-01,Outperform,-0.2776
GOOGL,Mizuho,2021-10-21,Buy,-0.2872
GOOGL,Stifel,2021-10-25,Buy,-0.2399
GOOGL,Baird,2021-10-26,Outperform,-0.3186
GOOGL,Keybanc,2021-10-27,Overweight,-0.3693
GOOGL,Oppenheimer,2021-10-27,Outperform,-0.3693
GOOGL,Credit Suisse,2021-10-27,Outperform,-0.3693
GOOGL,B of A Securities,2021-10-27,Buy,-0.3693
GOOGL,Canaccord Genuity,2021-10-27,Buy,-0.3693
GOOGL,Barclays,2021-10-27,Overweight,-0.3693
GOOGL,Raymond James,2021-10-27,Outperform,-0.3693
GOOGL,Needham,2021-10-27,Buy,-0.3693
GOOGL,BMO Capital,2021-10-27,Outperform,-0.3693
GOOGL,Jefferies,2021-10-27,Buy,-0.3693
GOOGL,Wells Fargo,2021-10-27,Overweight,-0.3693
GOOGL,"Monness, Crespi, Hardt",2021-10-27,Buy,-0.3693
GOOGL,Piper Sandler,2021-10-27,Overweight,-0.3693
GOOGL,Goldman Sachs,2021-10-27,Buy,-0.3693
GOOGL,Truist Securities,2021-10-27,Buy,-0.3693
GOOGL,Bernstein,2021-10-27,Outperform,-0.3693
GOOGL,Morgan Stanley,2021-11-02,Overweight,-0.4020
GOOGL,Goldman Sachs,2021-11-17,Buy,-0.3356
GOOGL,Tigress Financial,2021-12-03,Strong Buy,-0.2994
GOOGL,B of A Securities,2022-01-19,Buy,-0.2746
GOOGL,Morgan Stanley,2022-01-19,Overweight,-0.2746
GOOGL,Goldman Sachs,2022-01-24,Buy,-0.2720
GOOGL,BMO Capital,2022-01-25,Outperform,-0.2317
GOOGL,Bernstein,2022-01-27,Outperform,-0.2486
GOOGL,Credit Suisse,2022-01-28,Outperform,-0.2588
GOOGL,Baird,2022-02-01,Outperform,-0.2173
GOOGL,RBC Capital,2022-02-01,Outperform,-0.2173
GOOGL,Stifel,2022-02-01,Buy,-0.2173
GOOGL,Keybanc,2022-02-02,Overweight,-0.2920
GOOGL,Jefferies,2022-02-02,Buy,-0.2920
GOOGL,JP Morgan,2022-02-02,Overweight,-0.2920
GOOGL,Morgan Stanley,2022-02-02,Overweight,-0.2920
GOOGL,B of A Securities,2022-02-02,Buy,-0.2920
GOOGL,Credit Suisse,2022-02-02,Outperform,-0.2920
GOOGL,Raymond James,2022-02-02,Outperform,-0.2920
GOOGL,Piper Sandler,2022-02-02,Overweight,-0.2920
GOOGL,Needham,2022-02-02,Buy,-0.2920
GOOGL,Mizuho,2022-02-02,Buy,-0.2920
GOOGL,Goldman Sachs,2022-02-02,Buy,-0.2920
GOOGL,BMO Capital,2022-02-02,Outperform,-0.2920
GOOGL,MKM Partners,2022-02-02,Buy,-0.2920
GOOGL,Bernstein,2022-02-02,Outperform,-0.2920
GOOGL,Wells Fargo,2022-02-02,Overweight,-0.2920
GOOGL,Wolfe Research,2022-02-02,Outperform,-0.2920
GOOGL,Truist Securities,2022-02-02,Buy,-0.2920
GOOGL,RBC Capital,2022-03-02,Outperform,-0.3041
GOOGL,Deutsche Bank,2022-03-11,Buy,-0.2764
GOOGL,Tigress Financial,2022-03-18,Strong Buy,-0.2292
GOOGL,MKM Partners,2022-04-14,Buy,-0.1754
GOOGL,Rosenblatt,2022-04-19,Buy,-0.1901
GOOGL,RBC Capital,2022-04-19,Outperform,-0.1901
GOOGL,Keybanc,2022-04-20,Overweight,-0.1767
GOOGL,Citigroup,2022-04-20,Buy,-0.1767
GOOGL,Credit Suisse,2022-04-21,Outperform,-0.1510
GOOGL,Baird,2022-04-26,Outperform,-0.0932
GOOGL,Mizuho,2022-04-27,Buy,-0.0608
GOOGL,Piper Sandler,2022-04-27,Overweight,-0.0608
GOOGL,Wolfe Research,2022-04-27,Outperform,-0.0608
GOOGL,Credit Suisse,2022-04-27,Outperform,-0.0608
GOOGL,BMO Capital,2022-04-27,Outperform,-0.0608
GOOGL,UBS,2022-04-27,Buy,-0.0608
GOOGL,Barclays,2022-04-27,Overweight,-0.0608
GOOGL,Rosenblatt,2022-04-27,Buy,-0.0608
GOOGL,Wells Fargo,2022-04-27,Overweight,-0.0608
GOOGL,Stifel,2022-04-27,Buy,-0.0608
GOOGL,Morgan Stanley,2022-04-27,Overweight,-0.0608
GOOGL,Truist Securities,2022-04-27,Buy,-0.0608
GOOGL,Jefferies,2022-04-27,Buy,-0.0608
GOOGL,Raymond James,2022-04-27,Outperform,-0.0608
GOOGL,Canaccord Genuity,2022-04-27,Buy,-0.0608
GOOGL,B of A Securities,2022-04-27,Buy,-0.0608
GOOGL,Deutsche Bank,2022-04-27,Buy,-0.0608
GOOGL,Needham,2022-04-27,Buy,-0.0608
GOOGL,Goldman Sachs,2022-04-27,Buy,-0.0608
GOOGL,JMP Securities,2022-04-27,Market Outperform,-0.0608
GOOGL,Citigroup,2022-04-27,Buy,-0.0608
GOOGL,Jefferies,2022-05-24,Buy,0.1652
GOOGL,Morgan Stanley,2022-06-01,Overweight,0.0946
GOOGL,Piper Sandler,2022-06-02,Overweight,0.0713
GOOGL,Wolfe Research,2022-06-02,Outperform,0.0713
GOOGL,Goldman Sachs,2022-06-10,Buy,0.1140
GOOGL,UBS,2022-06-16,Buy,0.1610
GOOGL,B of A Securities,2022-06-17,Buy,0.1251
GOOGL,RBC Capital,2022-06-23,Outperform,0.0543
GOOGL,JP Morgan,2022-06-29,Overweight,0.0716
GOOGL,JMP Securities,2022-06-30,Market Outperform,0.1004
GOOGL,Barclays,2022-07-05,Overweight,0.0605
GOOGL,Evercore ISI Group,2022-07-07,Outperform,-0.0196
GOOGL,TD Cowen,2022-07-13,Outperform,0.1263
GOOGL,Citigroup,2022-07-14,Buy,0.1294
GOOGL,Morgan Stanley,2022-07-18,Overweight,0.1192
GOOGL,Stifel,2022-07-18,Buy,0.1192
GOOGL,Credit Suisse,2022-07-19,Outperform,0.0474
GOOGL,Morgan Stanley,2022-07-19,Overweight,0.0474
GOOGL,Oppenheimer,2022-07-19,Outperform,0.0474
GOOGL,Truist Securities,2022-07-19,Buy,0.0474
GOOGL,RBC Capital,2022-07-19,Outperform,0.0474
GOOGL,Deutsche Bank,2022-07-21,Buy,0.0629
GOOGL,Mizuho,2022-07-22,Buy,0.1326
GOOGL,Stifel,2022-07-22,Buy,0.1326
GOOGL,Rosenblatt,2022-07-25,Buy,0.2024
GOOGL,Keybanc,2022-07-26,Overweight,0.2321
GOOGL,Citigroup,2022-07-27,Buy,0.1727
GOOGL,Credit Suisse,2022-07-27,Outperform,0.1727
GOOGL,Morgan Stanley,2022-07-27,Overweight,0.1727
GOOGL,Rosenblatt,2022-07-27,Buy,0.1727
GOOGL,Wells Fargo,2022-07-27,Overweight,0.1727
GOOGL,Evercore ISI Group,2022-07-27,Outperform,0.1727
GOOGL,Jefferies,2022-07-27,Buy,0.1727
GOOGL,UBS,2022-07-27,Buy,0.1727
GOOGL,Piper Sandler,2022-07-27,Overweight,0.1727
GOOGL,B of A Securities,2022-07-27,Buy,0.1727
GOOGL,Raymond James,2022-07-27,Outperform,0.1727
GOOGL,Needham,2022-07-27,Buy,0.1727
GOOGL,Goldman Sachs,2022-07-27,Buy,0.1727
GOOGL,Barclays,2022-07-27,Overweight,0.1727
GOOGL,Susquehanna,2022-07-27,Positive,0.1727
GOOGL,Wolfe Research,2022-07-27,Outperform,0.1727
GOOGL,Truist Securities,2022-08-02,Buy,0.1157
GOOGL,Tigress Financial,2022-08-03,Strong Buy,0.0849
GOOGL,Rosenblatt,2022-09-07,Buy,0.2460
GOOGL,Goldman Sachs,2022-09-14,Buy,0.3086
GOOGL,Truist Securities,2022-09-28,Buy,0.3079
GOOGL,B of A Securities,2022-10-04,Buy,0.3289
GOOGL,Goldman Sachs,2022-10-06,Buy,0.3648
GOOGL,Morgan Stanley,2022-10-10,Overweight,0.4362
GOOGL,Credit Suisse,2022-10-11,Outperform,0.4300
GOOGL,MKM Partners,2022-10-19,Buy,0.3610
GOOGL,JP Morgan,2022-10-21,Overweight,0.3726
GOOGL,Deutsche Bank,2022-10-21,Buy,0.3726
GOOGL,Keybanc,2022-10-25,Overweight,0.1704
GOOGL,Baird,2022-10-25,Outperform,0.1704
GOOGL,Keybanc,2022-10-26,Overweight,0.2869
GOOGL,Bernstein,2022-10-26,Outperform,0.2869
GOOGL,Credit Suisse,2022-10-26,Outperform,0.2869
GOOGL,Citigroup,2022-10-26,Buy,0.2869
GOOGL,RBC Capital,2022-10-26,Outperform,0.2869
GOOGL,Mizuho,2022-10-26,Buy,0.2869
GOOGL,JMP Securities,2022-10-26,Market Outperform,0.2869
GOOGL,Rosenblatt,2022-10-26,Buy,0.2869
GOOGL,JP Morgan,2022-10-26,Overweight,0.2869
GOOGL,Truist Securities,2022-10-26,Buy,0.2869
GOOGL,Wells Fargo,2022-10-26,Overweight,0.2869
GOOGL,Oppenheimer,2022-10-26,Outperform,0.2869
GOOGL,Piper Sandler,2022-10-26,Overweight,0.2869
GOOGL,Susquehanna,2022-10-26,Positive,0.2869
GOOGL,Evercore ISI Group,2022-10-26,Outperform,0.2869
GOOGL,TD Cowen,2022-10-26,Outperform,0.2869
GOOGL,Morgan Stanley,2022-10-26,Overweight,0.2869
GOOGL,Raymond James,2022-10-26,Outperform,0.2869
GOOGL,Deutsche Bank,2022-10-26,Buy,0.2869
GOOGL,Goldman Sachs,2022-10-26,Buy,0.2869
GOOGL,Jefferies,2022-10-26,Buy,0.2869
GOOGL,Morgan Stanley,2022-11-15,Overweight,0.3910
GOOGL,Goldman Sachs,2022-11-18,Buy,0.4058
GOOGL,JMP Securities,2022-11-23,Market Outperform,0.3854
GOOGL,Mizuho,2022-11-30,Buy,0.3057
GOOGL,Societe Generale,2022-11-30,Buy,0.3057
GOOGL,Evercore ISI Group,2022-12-21,Outperform,0.5795
GOOGL,Needham,2022-12-22,Buy,0.6126
GOOGL,Baird,2022-12-22,Outperform,0.6126
GOOGL,New Street Research,2023-01-04,Buy,0.5410
GOOGL,Wolfe Research,2023-01-05,Outperform,0.6107
GOOGL,Tigress Financial,2023-01-06,Strong Buy,0.6138
GOOGL,TD Cowen,2023-01-11,Outperform,0.5587
GOOGL,Morgan Stanley,2023-01-18,Overweight,0.6065
GOOGL,Raymond James,2023-01-24,Outperform,0.5545
GOOGL,Credit Suisse,2023-01-25,Outperform,0.5983
GOOGL,MKM Partners,2023-01-25,Buy,0.5983
GOOGL,Oppenheimer,2023-01-26,Outperform,0.5741
GOOGL,Keybanc,2023-01-30,Overweight,0.4452
GOOGL,B of A Securities,2023-01-31,Buy,0.4282
GOOGL,Needham,2023-02-03,Buy,0.3753
GOOGL,Barclays,2023-02-03,Overweight,0.3753
GOOGL,B of A Securities,2023-02-03,Buy,0.3753
GOOGL,JP Morgan,2023-02-03,Overweight,0.3753
GOOGL,Morgan Stanley,2023-02-03,Overweight,0.3753
GOOGL,Credit Suisse,2023-02-03,Outperform,0.3753
GOOGL,Rosenblatt,2023-02-03,Buy,0.3753
GOOGL,Oppenheimer,2023-02-03,Outperform,0.3753
GOOGL,Piper Sandler,2023-02-03,Overweight,0.3753
GOOGL,Truist Securities,2023-02-03,Buy,0.3753
GOOGL,JMP Securities,2023-02-03,Market Outperform,0.3753
GOOGL,Roth MKM,2023-02-03,Buy,0.3753
GOOGL,Raymond James,2023-02-03,Outperform,0.3753
GOOGL,Wells Fargo,2023-02-03,Overweight,0.3753
GOOGL,Goldman Sachs,2023-02-03,Buy,0.3753
GOOGL,Wolfe Research,2023-02-03,Outperform,0.3753
GOOGL,Bernstein,2023-02-06,Outperform,0.4144
GOOGL,New Street Research,2023-02-07,Buy,0.3555
GOOGL,Loop Capital,2023-02-08,Buy,0.4994
GOOGL,JP Morgan,2023-02-09,Overweight,0.5528
GOOGL,Jefferies,2023-02-10,Buy,0.5347
GOOGL,Needham,2023-03-08,Buy,0.4367
GOOGL,JMP Securities,2023-03-16,Market Outperform,0.4721
GOOGL,Exane BNP Paribas,2023-03-17,Outperform,0.4469
GOOGL,Piper Sandler,2023-03-31,Outperform,0.4935
GOOGL,Needham,2023-04-03,Buy,0.4424
GOOGL,UBS,2023-04-06,Buy,0.4444
GOOGL,Goldman Sachs,2023-04-06,Buy,0.4444
GOOGL,Bernstein,2023-04-20,Outperform,0.4843
GOOGL,Oppenheimer,2023-04-24,Outperform,0.5017
GOOGL,Keybanc,2023-04-26,Overweight,0.6580
GOOGL,Needham,2023-04-26,Buy,0.6580
GOOGL,Evercore ISI Group,2023-04-26,Outperform,0.6580
GOOGL,Credit Suisse,2023-04-26,Outperform,0.6580
GOOGL,Rosenblatt,2023-04-26,Buy,0.6580
GOOGL,Morgan Stanley,2023-04-26,Overweight,0.6580
GOOGL,Baird,2023-04-26,Outperform,0.6580
GOOGL,JMP Securities,2023-04-26,Market Outperform,0.6580
GOOGL,Oppenheimer,2023-04-26,Outperform,0.6580
GOOGL,RBC Capital,2023-04-26,Outperform,0.6580
GOOGL,Piper Sandler,2023-04-26,Overweight,0.6580
GOOGL,Roth MKM,2023-04-26,Buy,0.6580
GOOGL,Raymond James,2023-04-26,Outperform,0.6580
GOOGL,Truist Securities,2023-04-26,Buy,0.6580
GOOGL,Deutsche Bank,2023-04-26,Buy,0.6580
GOOGL,Citigroup,2023-04-26,Buy,0.6580
GOOGL,TD Cowen,2023-04-26,Outperform,0.6580
GOOGL,B of A Securities,2023-04-26,Buy,0.6580
GOOGL,JP Morgan,2023-04-26,Overweight,0.6580
GOOGL,Loop Capital,2023-04-26,Buy,0.6580
GOOGL,Wolfe Research,2023-04-26,Outperform,0.6580
GOOGL,Bernstein,2023-05-09,Outperform,0.5832
GOOGL,JMP Securities,2023-05-11,Market Outperform,0.4510
GOOGL,RBC Capital,2023-05-11,Outperform,0.4510
GOOGL,Goldman Sachs,2023-05-11,Buy,0.4510
GOOGL,Jefferies,2023-05-23,Buy,0.4160
GOOGL,JMP Securities,2023-05-24,Market Outperform,0.4474
GOOGL,JMP Securities,2023-06-05,Market Outperform,0.3920
GOOGL,B of A Securities,2023-06-15,Buy,0.4169
GOOGL,Piper Sandler,2023-07-05,Overweight,0.5655
GOOGL,B of A Securities,2023-07-05,Buy,0.5655
GOOGL,Morgan Stanley,2023-07-13,Overweight,0.4978
GOOGL,Tigress Financial,2023-07-14,Strong Buy,0.4664
GOOGL,Credit Suisse,2023-07-17,Outperform,0.4522
GOOGL,Keybanc,2023-07-18,Overweight,0.4358
GOOGL,B of A Securities,2023-07-20,Buy,0.5241
GOOGL,Stifel,2023-07-21,Buy,0.5147
GOOGL,Keybanc,2023-07-26,Overweight,0.2919
GOOGL,Needham,2023-07-26,Buy,0.2919
GOOGL,Rosenblatt,2023-07-26,Buy,0.2919
GOOGL,JMP Securities,2023-07-26,Market Outperform,0.2919
GOOGL,Credit Suisse,2023-07-26,Outperform,0.2919
GOOGL,RBC Capital,2023-07-26,Outperform,0.2919
GOOGL,Citigroup,2023-07-26,Buy,0.2919
GOOGL,Morgan Stanley,2023-07-26,Overweight,0.2919
GOOGL,Susquehanna,2023-07-26,Positive,0.2919
GOOGL,Evercore ISI Group,2023-07-26,Outperform,0.2919
GOOGL,Needham,2023-08-11,Buy,0.2671
GOOGL,Wedbush,2023-08-22,Outperform,0.2690
GOOGL,JMP Securities,2023-08-30,Market Outperform,0.2024
GOOGL,B of A Securities,2023-08-30,Buy,0.2024
GOOGL,Susquehanna,2023-08-31,Positive,0.1556
GOOGL,Needham,2023-09-13,Buy,0.1518
GOOGL,Piper Sandler,2023-10-03,Overweight,0.2524
GOOGL,B of A Securities,2023-10-04,Buy,0.2353
GOOGL,Keybanc,2023-10-13,Overweight,0.2046
GOOGL,Keybanc,2023-10-25,Overweight,0.3157
GOOGL,Needham,2023-10-25,Buy,0.3157
GOOGL,Rosenblatt,2023-10-25,Buy,0.3157
GOOGL,Morgan Stanley,2023-10-25,Overweight,0.3157
GOOGL,Barclays,2023-10-25,Overweight,0.3157
GOOGL,Wedbush,2023-10-25,Outperform,0.3157
GOOGL,JMP Securities,2023-10-25,Market Outperform,0.3157
GOOGL,Roth MKM,2023-10-25,Buy,0.3157
GOOGL,RBC Capital,2023-10-25,Outperform,0.3157
GOOGL,Piper Sandler,2023-10-25,Overweight,0.3157
GOOGL,Tigress Financial,2023-11-21,Strong Buy,0.2238
GOOGL,Roth MKM,2023-12-07,Buy,0.2807
GOOGL,BMO Capital,2024-01-09,Outperform,0.3625
GOOGL,Mizuho,2024-01-17,Buy,0.3855
GOOGL,JMP Securities,2024-01-19,Market Outperform,0.3552
GOOGL,Keybanc,2024-01-29,Overweight,0.3085
GOOGL,Barclays,2024-01-31,Overweight,0.4363
GOOGL,Needham,2024-01-31,Buy,0.4363
GOOGL,Wolfe Research,2024-01-31,Outperform,0.4363
GOOGL,Redburn Atlantic,2024-01-31,Buy,0.4363
GOOGL,Wedbush,2024-01-31,Outperform,0.4363
GOOGL,RBC Capital,2024-01-31,Outperform,0.4363
GOOGL,Susquehanna,2024-01-31,Positive,0.4363
GOOGL,Roth MKM,2024-01-31,Buy,0.4363
GOOGL,BMO Capital,2024-01-31,Outperform,0.4363
GOOGL,JMP Securities,2024-01-31,Market Outperform,0.4363
GOOGL,Truist Securities,2024-01-31,Buy,0.4363
GOOGL,Rosenblatt,2024-01-31,Buy,0.4363
GOOGL,Citigroup,2024-01-31,Buy,0.4363
GOOGL,Wedbush,2024-03-22,Outperform,0.0948
GOOGL,Wedbush,2024-04-10,Outperform,0.0064
GOOGL,BMO Capital,2024-04-10,Outperform,0.0064
GOOGL,JMP Securities,2024-04-10,Market Outperform,0.0064
GOOGL,Citigroup,2024-04-10,Buy,0.0064
GOOGL,Canaccord Genuity,2024-04-17,Buy,-0.0502
GOOGL,Truist Securities,2024-04-17,Buy,-0.0502
GOOGL,Jefferies,2024-04-19,Buy,0.0082
GOOGL,Keybanc,2024-04-22,Overweight,0.0192
GOOGL,Wolfe Research,2024-04-26,Outperform,-0.0765
GOOGL,Barclays,2024-04-26,Overweight,-0.0765
GOOGL,Citigroup,2024-04-26,Buy,-0.0765
GOOGL,Needham,2024-04-26,Buy,-0.0765
GOOGL,Mizuho,2024-04-26,Buy,-0.0765
GOOGL,Rosenblatt,2024-04-26,Buy,-0.0765
GOOGL,Canaccord Genuity,2024-04-26,Buy,-0.0765
GOOGL,Baird,2024-04-26,Outperform,-0.0765
GOOGL,Evercore ISI Group,2024-04-26,Outperform,-0.0765
GOOGL,JMP Securities,2024-04-26,Market Outperform,-0.0765
GOOGL,Morgan Stanley,2024-04-26,Overweight,-0.0765
GOOGL,Wedbush,2024-04-26,Outperform,-0.0765
GOOGL,Jefferies,2024-04-26,Buy,-0.0765
GOOGL,JP Morgan,2024-04-26,Overweight,-0.0765
GOOGL,Piper Sandler,2024-04-26,Overweight,-0.0765
GOOGL,Stifel,2024-04-26,Buy,-0.0765
GOOGL,Truist Securities,2024-04-26,Buy,-0.0765
GOOGL,RBC Capital,2024-04-26,Outperform,-0.0765
GOOGL,Roth MKM,2024-04-26,Buy,-0.0765
GOOGL,TD Cowen,2024-04-26,Buy,-0.0765
GOOGL,Raymond James,2024-04-26,Outperform,-0.0765
GOOGL,Oppenheimer,2024-04-26,Outperform,-0.0765
GOOGL,BMO Capital,2024-04-26,Outperform,-0.0765
GOOGL,Susquehanna,2024-04-29,Positive,-0.0292
GOOGL,Argus Research,2024-04-30,Buy,0.0077
GOOGL,JMP Securities,2024-04-30,Market Outperform,0.0077
GOOGL,Stifel,2024-05-15,Buy,-0.0346
GOOGL,JMP Securities,2024-05-15,Market Outperform,-0.0346
GOOGL,BMO Capital,2024-05-15,Outperform,-0.0346
GOOGL,Morgan Stanley,2024-05-15,Overweight,-0.0346
GOOGL,Tigress Financial,2024-05-24,Strong Buy,-0.0179
GOOGL,Evercore ISI Group,2024-06-11,Outperform,-0.0110
GOOGL,B of A Securities,2024-06-11,Buy,-0.0110
GOOGL,Jefferies,2024-06-26,Buy,-0.0416
GOOGL,Needham,2024-06-28,Buy,-0.0193
GOOGL,Needham,2024-07-03,Buy,-0.0617
GOOGL,Wolfe Research,2024-07-16,Outperform,0.0062
GOOGL,Argus Research,2024-07-16,Buy,0.0062
GOOGL,B of A Securities,2024-07-17,Buy,0.0502
GOOGL,BMO Capital,2024-07-17,Outperform,0.0502
GOOGL,Wedbush,2024-07-22,Outperform,0.0578
GOOGL,Needham,2024-07-23,Buy,0.0627
GOOGL,Morgan Stanley,2024-07-23,Overweight,0.0627
GOOGL,Needham,2024-07-24,Buy,0.1156
GOOGL,Morgan Stanley,2024-07-24,Overweight,0.1156
GOOGL,Piper Sandler,2024-07-24,Overweight,0.1156
GOOGL,JP Morgan,2024-07-24,Overweight,0.1156
GOOGL,Truist Securities,2024-07-24,Buy,0.1156
GOOGL,Roth MKM,2024-07-24,Buy,0.1156
GOOGL,RBC Capital,2024-07-24,Outperform,0.1156
GOOGL,Citigroup,2024-07-24,Buy,0.1156
GOOGL,Wedbush,2024-07-24,Outperform,0.1156
GOOGL,JMP Securities,2024-07-24,Market Outperform,0.1156
GOOGL,Guggenheim,2024-07-24,Buy,0.1156
GOOGL,JMP Securities,2024-07-30,Market Outperform,0.1106
GOOGL,Needham,2024-07-31,Buy,0.1370
GOOGL,Needham,2024-08-06,Buy,0.2725
GOOGL,BMO Capital,2024-08-06,Outperform,0.2725
GOOGL,Needham,2024-08-14,Buy,0.2689
GOOGL,Needham,2024-08-19,Buy,0.1985
GOOGL,Roth MKM,2024-08-29,Buy,0.4258
GOOGL,Needham,2024-08-30,Buy,0.4218
GOOGL,Morgan Stanley,2024-09-03,Overweight,0.4934
GOOGL,Wedbush,2024-09-05,Outperform,0.5240
GOOGL,Piper Sandler,2024-09-10,Overweight,0.6198
GOOGL,Evercore ISI Group,2024-09-16,Outperform,0.5945
GOOGL,BMO Capital,2024-09-16,Outperform,0.5945
GOOGL,JMP Securities,2024-09-16,Market Outperform,0.5945
GOOGL,Truist Securities,2024-09-16,Buy,0.5945
GOOGL,JMP Securities,2024-09-25,Market Outperform,0.5112
GOOGL,Tigress Financial,2024-09-26,Strong Buy,0.4939
GOOGL,Piper Sandler,2024-09-30,Overweight,0.4814
GOOGL,BMO Capital,2024-10-09,Outperform,0.5084
GOOGL,Needham,2024-10-15,Buy,0.5309
GOOGL,Truist Securities,2024-10-16,Buy,0.5533
GOOGL,Wedbush,2024-10-24,Outperform,0.6437
GOOGL,Needham,2024-10-30,Buy,0.6263
GOOGL,B of A Securities,2024-10-30,Buy,0.6263
GOOGL,Morgan Stanley,2024-10-30,Overweight,0.6263
GOOGL,BMO Capital,2024-10-30,Outperform,0.6263
GOOGL,Evercore ISI Group,2024-10-30,Outperform,0.6263
GOOGL,Truist Securities,2024-10-30,Buy,0.6263
GOOGL,RBC Capital,2024-10-30,Outperform,0.6263
GOOGL,Piper Sandler,2024-10-30,Overweight,0.6263
GOOGL,Keybanc,2024-10-30,Overweight,0.6263
GOOGL,Roth MKM,2024-10-30,Buy,0.6263
GOOGL,JMP Securities,2024-10-30,Market Outperform,0.6263
GOOGL,Pivotal Research,2024-10-30,Buy,0.6263
GOOGL,Baird,2024-12-10,Outperform,0.6703
GOOGL,Goldman Sachs,2024-12-12,Buy,0.5971
GOOGL,JP Morgan,2024-12-18,Overweight,0.6443
GOOGL,B of A Securities,2024-12-23,Buy,0.6108
GOOGL,Wolfe Research,2025-01-03,Outperform,0.6788
GOOGL,Wedbush,2025-01-06,Outperform,0.6531
GOOGL,Keybanc,2025-01-10,Overweight,0.7495
GOOGL,Stifel,2025-01-13,Buy,0.7582
GOOGL,Morgan Stanley,2025-01-13,Overweight,0.7582
GOOGL,BMO Capital,2025-01-17,Outperform,0.6754
GOOGL,Needham,2025-01-27,Buy,0.7518
GOOGL,Oppenheimer,2025-01-30,Outperform,0.7110
GOOGL,Needham,2025-02-05,Buy,0.6875
GOOGL,Keybanc,2025-02-05,Overweight,0.6875
GOOGL,Raymond James,2025-02-05,Outperform,0.6875
GOOGL,Morgan Stanley,2025-02-05,Overweight,0.6875
GOOGL,Truist Securities,2025-02-05,Buy,0.6875
GOOGL,Citigroup,2025-02-05,Buy,0.6875
GOOGL,JP Morgan,2025-02-05,Overweight,0.6875
GOOGL,Piper Sandler,2025-02-05,Overweight,0.6875
GOOGL,Keybanc,2025-03-18,Overweight,0.9116
GOOGL,Roth MKM,2025-03-19,Buy,0.8366
GOOGL,Jefferies,2025-03-31,Buy,0.9231
GOOGL,JP Morgan,2025-04-08,Overweight,1.1924
GOOGL,B of A Securities,2025-04-09,Buy,1.0245
GOOGL,Mizuho,2025-04-09,Outperform,1.0245
GOOGL,Piper Sandler,2025-04-10,Overweight,1.1784
GOOGL,Oppenheimer,2025-04-10,Outperform,1.1784
GOOGL,Citigroup,2025-04-10,Buy,1.1784
GOOGL,Needham,2025-04-11,Buy,1.1453
GOOGL,Wedbush,2025-04-15,Outperform,1.1859
GOOGL,Needham,2025-04-16,Buy,1.2006
GOOGL,Truist Securities,2025-04-17,Buy,1.1983
GOOGL,BMO Capital,2025-04-17,Outperform,1.1983
GOOGL,Morgan Stanley,2025-04-17,Overweight,1.1983
GOOGL,RBC Capital,2025-04-23,Outperform,1.2169
GOOGL,Stifel,2025-04-23,Buy,1.2169
GOOGL,B of A Securities,2025-04-25,Buy,1.1597
GOOGL,Needham,2025-04-25,Buy,1.1597
GOOGL,Oppenheimer,2025-04-25,Outperform,1.1597
GOOGL,Piper Sandler,2025-04-25,Overweight,1.1597
GOOGL,Citigroup,2025-04-25,Buy,1.1597
GOOGL,Keybanc,2025-04-25,Overweight,1.1597
GOOGL,Susquehanna,2025-04-25,Positive,1.1597
GOOGL,Tigress Financial,2025-04-30,Strong Buy,1.4288
GOOGL,WestPark Capital,2025-05-08,Buy,1.5191
GOOGL,Citigroup,2025-06-24,Buy,1.0610
GOOGL,JMP Securities,2025-06-27,Market Outperform,1.0017
GOOGL,Truist Securities,2025-07-02,Buy,1.0514
GOOGL,Roth Capital,2025-07-08,Buy,1.0583
GOOGL,BMO Capital,2025-07-15,Outperform,0.9476
GOOGL,Needham,2025-07-16,Buy,0.8952
GOOGL,Keybanc,2025-07-17,Overweight,0.9174
GOOGL,B of A Securities,2025-07-18,Buy,0.8759
GOOGL,Morgan Stanley,2025-07-21,Overweight,0.7995
GOOGL,Stifel,2025-07-22,Buy,0.6603
GOOGL,Guggenheim,2025-07-23,Buy,0.6808
GOOGL,Needham,2025-07-24,Buy,0.6993
GOOGL,JMP Securities,2025-07-24,Market Outperform,0.6993
GOOGL,WestPark Capital,2025-07-24,Buy,0.6993
GOOGL,Stifel,2025-07-24,Buy,0.6993
GOOGL,B of A Securities,2025-07-24,Buy,0.6993
GOOGL,Barclays,2025-07-24,Overweight,0.6993
GOOGL,Morgan Stanley,2025-07-24,Overweight,0.6993
GOOGL,Keybanc,2025-07-24,Overweight,0.6993
GOOGL,Susquehanna,2025-07-24,Positive,0.6993
GOOGL,Wedbush,2025-07-24,Outperform,0.6993
GOOGL,Roth Capital,2025-07-24,Buy,0.6993
GOOGL,JP Morgan,2025-07-24,Overweight,0.6993
GOOGL,BMO Capital,2025-07-24,Outperform,0.6993
GOOGL,Citigroup,2025-07-24,Buy,0.6993
GOOGL,Piper Sandler,2025-07-24,Overweight,0.6993
GOOGL,Needham,2025-08-21,Buy,0.7425
GOOGL,Wedbush,2025-09-03,Outperform,0.4848
GOOGL,Needham,2025-09-03,Buy,0.4848
GOOGL,JMP Securities,2025-09-03,Market Outperform,0.4848
GOOGL,Keybanc,2025-09-03,Overweight,0.4848
GOOGL,RBC Capital,2025-09-03,Outperform,0.4848
GOOGL,Barclays,2025-09-03,Overweight,0.4848
GOOGL,Oppenheimer,2025-09-03,Outperform,0.4848
GOOGL,Canaccord Genuity,2025-09-04,Buy,0.4570
GOOGL,Tigress Financial,2025-09-05,Strong Buy,0.4398
GOOGL,Evercore ISI Group,2025-09-08,Outperform,0.4128
GOOGL,Citigroup,2025-09-15,Buy,0.3627
GOOGL,Piper Sandler,2025-09-18,Overweight,0.4084
GOOGL,JMP Securities,2025-09-19,Market Outperform,0.3786
GOOGL,Truist Securities,2025-09-22,Buy,0.3378
GOOGL,Baird,2025-09-22,Outperform,0.3378
GOOGL,MoffettNathanson,2025-09-25,Buy,0.3945
META,Argus Research,2021-05-03,Buy,-0.3455
META,Morgan Stanley,2022-01-19,Overweight,-0.5639
META,RBC Capital,2022-01-26,Outperform,-0.4850
META,Keybanc,2022-02-03,Overweight,-0.2174
META,Raymond James,2022-02-03,Outperform,-0.2174
META,Mizuho,2022-02-03,Buy,-0.2174
META,JMP Securities,2022-02-03,Market Outperform,-0.2174
META,Barclays,2022-02-03,Overweight,-0.2174
META,Goldman Sachs,2022-02-03,Buy,-0.2174
META,Truist Securities,2022-02-03,Buy,-0.2174
META,UBS,2022-02-03,Buy,-0.2174
META,Morgan Stanley,2022-02-03,Overweight,-0.2174
META,Credit Suisse,2022-02-03,Outperform,-0.2174
META,Rosenblatt,2022-02-04,Buy,-0.1918
META,Morgan Stanley,2022-03-02,Overweight,-0.1098
META,Deutsche Bank,2022-03-11,Buy,0.0342
META,UBS,2022-04-05,Buy,-0.0679
META,RBC Capital,2022-04-13,Outperform,0.0180
META,JMP Securities,2022-04-19,Market Outperform,-0.0195
META,Citigroup,2022-04-20,Buy,0.0622
META,Credit Suisse,2022-04-21,Outperform,0.1314
META,Mizuho,2022-04-25,Buy,0.1198
META,Morgan Stanley,2022-04-28,Overweight,0.1820
META,Raymond James,2022-04-28,Outperform,0.1820
META,Susquehanna,2022-04-28,Positive,0.1820
META,Truist Securities,2022-04-28,Buy,0.1820
META,Credit Suisse,2022-04-28,Outperform,0.1820
META,Canaccord Genuity,2022-04-28,Buy,0.1820
META,Evercore ISI Group,2022-04-28,Outperform,0.1820
META,Guggenheim,2022-05-18,Buy,0.2778
META,Jefferies,2022-05-24,Buy,0.3939
META,Morgan Stanley,2022-06-01,Overweight,0.4451
META,Goldman Sachs,2022-06-10,Buy,0.5454
META,UBS,2022-06-16,Buy,0.7675
META,JMP Securities,2022-06-30,Market Outperform,0.7738
META,Barclays,2022-07-05,Overweight,0.7361
META,Evercore ISI Group,2022-07-07,Outperform,0.7080
META,Cowen & Co.,2022-07-13,Outperform,0.8892
META,Citigroup,2022-07-14,Buy,0.9653
META,Credit Suisse,2022-07-19,Outperform,0.7210
META,Morgan Stanley,2022-07-19,Overweight,0.7210
META,Deutsche Bank,2022-07-21,Buy,0.5920
META,Mizuho,2022-07-25,Buy,0.7916
META,Keybanc,2022-07-26,Overweight,0.9586
META,Keybanc,2022-07-28,Overweight,0.9823
META,Oppenheimer,2022-07-28,Outperform,0.9823
META,Citigroup,2022-07-28,Buy,0.9823
META,Raymond James,2022-07-28,Outperform,0.9823
META,JMP Securities,2022-07-28,Market Outperform,0.9823
META,Credit Suisse,2022-07-28,Outperform,0.9823
META,Mizuho,2022-07-28,Buy,0.9823
META,Wolfe Research,2022-07-28,Outperform,0.9823
META,Goldman Sachs,2022-07-28,Buy,0.9823
META,Barclays,2022-07-28,Overweight,0.9823
META,Wells Fargo,2022-07-28,Overweight,0.9823
META,Deutsche Bank,2022-07-28,Buy,0.9823
META,B of A Securities,2022-07-28,Buy,0.9823
META,Truist Securities,2022-07-28,Buy,0.9823
META,Stifel,2022-07-28,Buy,0.9823
META,MKM Partners,2022-07-28,Buy,0.9823
META,Evercore ISI Group,2022-07-28,Outperform,0.9823
META,UBS,2022-07-28,Buy,0.9823
META,RBC Capital,2022-07-28,Outperform,0.9823
META,Morgan Stanley,2022-08-19,Overweight,0.7123
META,Truist Securities,2022-09-28,Buy,1.1200
META,B of A Securities,2022-10-04,Buy,1.1727
META,Goldman Sachs,2022-10-06,Buy,1.2892
META,Morgan Stanley,2022-10-10,Overweight,1.4503
META,Credit Suisse,2022-10-11,Outperform,1.5219
META,Cowen & Co.,2022-10-13,Outperform,1.4649
META,MKM Partners,2022-10-19,Buy,1.3167
META,Deutsche Bank,2022-10-21,Buy,1.4040
META,Mizuho,2022-10-24,Buy,1.3091
META,Keybanc,2022-10-25,Overweight,1.0969
META,Jefferies,2022-10-25,Buy,1.0969
META,Barclays,2022-10-27,Overweight,2.0903
META,Mizuho,2022-10-27,Buy,2.0903
META,Wolfe Research,2022-10-27,Outperform,2.0903
META,Credit Suisse,2022-10-27,Outperform,2.0903
META,Bernstein,2022-10-27,Outperform,2.0903
META,Oppenheimer,2022-10-27,Outperform,2.0903
META,JMP Securities,2022-10-27,Market Outperform,2.0903
META,Citigroup,2022-10-27,Buy,2.0903
META,Raymond James,2022-10-27,Outperform,2.0903
META,Guggenheim,2022-10-27,Buy,2.0903
META,UBS,2022-10-27,Buy,2.0903
META,Truist Securities,2022-10-27,Buy,2.0903
META,Canaccord Genuity,2022-10-27,Buy,2.0903
META,Deutsche Bank,2022-10-27,Buy,2.0903
META,Stifel,2022-10-27,Buy,2.0903
META,MKM Partners,2022-10-27,Buy,2.0903
META,Goldman Sachs,2022-10-27,Buy,2.0903
META,Tigress Financial,2022-11-02,Strong Buy,2.4747
META,Itau BBA,2022-11-07,Outperform,2.3062
META,Oppenheimer,2022-11-14,Outperform,1.9129
META,JP Morgan,2022-12-16,Overweight,1.9336
META,New Street Research,2023-01-04,Buy,1.7632
META,Mizuho,2023-01-05,Buy,1.8254
META,MKM Partners,2023-01-20,Buy,1.7639
META,Credit Suisse,2023-01-25,Outperform,1.7854
META,LightShed Partners,2023-01-31,Buy,1.6501
META,Piper Sandler,2023-02-02,Overweight,1.4337
META,Wolfe Research,2023-02-02,Outperform,1.4337
META,Evercore ISI Group,2023-02-02,Outperform,1.4337
META,Stifel,2023-02-02,Buy,1.4337
META,Bernstein,2023-02-02,Outperform,1.4337
META,Raymond James,2023-02-02,Outperform,1.4337
META,B of A Securities,2023-02-02,Buy,1.4337
META,Barclays,2023-02-02,Overweight,1.4337
META,UBS,2023-02-02,Buy,1.4337
META,JP Morgan,2023-02-02,Overweight,1.4337
META,Mizuho,2023-02-02,Buy,1.4337
META,Rosenblatt,2023-02-02,Buy,1.4337
META,Credit Suisse,2023-02-02,Outperform,1.4337
META,Baird,2023-02-02,Outperform,1.4337
META,Oppenheimer,2023-02-02,Outperform,1.4337
META,JMP Securities,2023-02-02,Market Outperform,1.4337
META,Canaccord Genuity,2023-02-02,Buy,1.4337
META,Wells Fargo,2023-02-02,Overweight,1.4337
META,Truist Securities,2023-02-02,Buy,1.4337
META,Susquehanna,2023-02-02,Positive,1.4337
META,Jefferies,2023-02-02,Buy,1.4337
META,Guggenheim,2023-02-02,Buy,1.4337
META,RBC Capital,2023-02-02,Outperform,1.4337
META,Deutsche Bank,2023-02-02,Buy,1.4337
META,Citigroup,2023-02-03,Buy,1.4378
META,Tigress Financial,2023-02-10,Strong Buy,1.6421
META,Oppenheimer,2023-03-09,Outperform,1.6616
META,Evercore ISI Group,2023-03-14,Outperform,1.5349
META,Oppenheimer,2023-03-15,Outperform,1.4480
META,Citigroup,2023-03-15,Buy,1.4480
META,Raymond James,2023-03-15,Outperform,1.4480
META,Wolfe Research,2023-03-15,Outperform,1.4480
META,JMP Securities,2023-03-16,Market Outperform,1.4251
META,Edward Jones,2023-03-20,Buy,1.5556
META,Morgan Stanley,2023-03-21,Overweight,1.5117
META,Keybanc,2023-03-22,Overweight,1.5503
META,Barclays,2023-03-24,Overweight,1.4071
META,JP Morgan,2023-03-24,Overweight,1.4071
META,Guggenheim,2023-03-27,Buy,1.4347
META,Credit Suisse,2023-03-30,Outperform,1.3930
META,Jefferies,2023-04-05,Buy,1.4553
META,UBS,2023-04-06,Buy,1.3919
META,OTR Global,2023-04-11,Positive,1.4464
META,Goldman Sachs,2023-04-13,Buy,1.2702
META,Piper Sandler,2023-04-13,Overweight,1.2702
META,TD Cowen,2023-04-14,Outperform,1.2564
META,B of A Securities,2023-04-19,Buy,1.2303
META,Wolfe Research,2023-04-19,Outperform,1.2303
META,RBC Capital,2023-04-21,Outperform,1.3303
META,Keybanc,2023-04-27,Overweight,0.8135
META,Piper Sandler,2023-04-27,Overweight,0.8135
META,Goldman Sachs,2023-04-27,Buy,0.8135
META,Evercore ISI Group,2023-04-27,Outperform,0.8135
META,Wolfe Research,2023-04-27,Outperform,0.8135
META,Barclays,2023-04-27,Overweight,0.8135
META,Raymond James,2023-04-27,Outperform,0.8135
META,Stifel,2023-04-27,Buy,0.8135
META,JMP Securities,2023-04-27,Outperform,0.8135
META,Bernstein,2023-04-27,Outperform,0.8135
META,B of A Securities,2023-04-27,Buy,0.8135
META,Credit Suisse,2023-04-27,Outperform,0.8135
META,Mizuho,2023-04-27,Buy,0.8135
META,Rosenblatt,2023-04-27,Buy,0.8135
META,Morgan Stanley,2023-04-27,Overweight,0.8135
META,JP Morgan,2023-04-27,Overweight,0.8135
META,Baird,2023-04-27,Outperform,0.8135
META,TD Cowen,2023-04-27,Outperform,0.8135
META,Oppenheimer,2023-04-27,Outperform,0.8135
META,RBC Capital,2023-04-27,Outperform,0.8135
META,Huber Research,2023-04-27,Overweight,0.8135
META,Deutsche Bank,2023-04-27,Buy,0.8135
META,Guggenheim,2023-04-27,Buy,0.8135
META,Truist Securities,2023-04-27,Buy,0.8135
META,Roth Capital,2023-04-27,Buy,0.8135
META,Citigroup,2023-04-27,Buy,0.8135
META,Goldman Sachs,2023-04-28,Buy,0.7900
META,Loop Capital,2023-05-15,Buy,1.0160
META,Oppenheimer,2023-06-05,Outperform,0.8242
META,JMP Securities,2023-06-05,Market Outperform,0.8242
META,Roth MKM,2023-06-23,Buy,0.7684
META,UBS,2023-06-26,Buy,0.8426
META,Citigroup,2023-06-27,Buy,0.8100
META,Citigroup,2023-06-28,Buy,0.7674
META,Keybanc,2023-07-06,Overweight,0.8128
META,Tigress Financial,2023-07-06,Strong Buy,0.8128
META,Rosenblatt,2023-07-07,Buy,0.8243
META,Deutsche Bank,2023-07-12,Buy,0.6127
META,TD Cowen,2023-07-13,Outperform,0.5831
META,Morgan Stanley,2023-07-13,Overweight,0.5831
META,Credit Suisse,2023-07-17,Outperform,0.4873
META,Goldman Sachs,2023-07-17,Buy,0.4873
META,JMP Securities,2023-07-17,Market Outperform,0.4873
META,Goldman Sachs,2023-07-18,Buy,0.5249
META,Truist Securities,2023-07-19,Buy,0.5088
META,New Street Research,2023-07-25,Buy,0.5397
META,Mizuho,2023-07-25,Buy,0.5397
META,Wells Fargo,2023-07-27,Overweight,0.4940
META,Barclays,2023-07-27,Overweight,0.4940
META,Citigroup,2023-07-27,Buy,0.4940
META,JMP Securities,2023-07-27,Market Outperform,0.4940
META,Credit Suisse,2023-07-27,Outperform,0.4940
META,Goldman Sachs,2023-07-27,Buy,0.4940
META,Morgan Stanley,2023-07-27,Overweight,0.4940
META,UBS,2023-07-27,Buy,0.4940
META,Oppenheimer,2023-07-27,Outperform,0.4940
META,Guggenheim,2023-07-27,Buy,0.4940
META,RBC Capital,2023-07-27,Outperform,0.4940
META,Truist Securities,2023-07-27,Buy,0.4940
META,China Renaissance,2023-07-28,Buy,0.4231
META,JMP Securities,2023-08-01,Market Outperform,0.5424
META,Argus Research,2023-08-01,Buy,0.5424
META,RBC Capital,2023-08-18,Outperform,0.8596
META,Loop Capital,2023-08-18,Buy,0.8596
META,Wedbush,2023-08-22,Outperform,0.8495
META,Citigroup,2023-09-22,Buy,0.8835
META,Guggenheim,2023-09-27,Buy,0.9056
META,Keybanc,2023-09-28,Overweight,0.8833
META,JMP Securities,2023-09-28,Market Outperform,0.8833
META,Morgan Stanley,2023-09-28,Overweight,0.8833
META,Oppenheimer,2023-09-28,Outperform,0.8833
META,JP Morgan,2023-09-28,Overweight,0.8833
META,Truist Securities,2023-10-02,Buy,0.8669
META,JP Morgan,2023-10-04,Overweight,0.9502
META,Wells Fargo,2023-10-09,Overweight,0.8548
META,Seaport Global,2023-10-24,Buy,0.8166
META,Keybanc,2023-10-26,Overweight,1.0051
META,Rosenblatt,2023-10-26,Buy,1.0051
META,Barclays,2023-10-26,Overweight,1.0051
META,Wells Fargo,2023-10-26,Overweight,1.0051
META,Wedbush,2023-10-26,Outperform,1.0051
META,Roth MKM,2023-10-26,Buy,1.0051
META,Piper Sandler,2023-10-26,Overweight,1.0051
META,RBC Capital,2023-10-26,Outperform,1.0051
META,Truist Securities,2023-10-26,Buy,1.0051
META,Stifel,2023-11-14,Buy,0.7162
META,Tigress Financial,2023-11-22,Strong Buy,0.6374
META,Wedbush,2023-12-27,Outperform,0.6762
META,Mizuho,2024-01-10,Buy,0.6420
META,Mizuho,2024-01-11,Buy,0.6075
META,Piper Sandler,2024-01-17,Overweight,0.6635
META,JMP Securities,2024-01-19,Market Outperform,0.6260
META,RBC Capital,2024-01-22,Outperform,0.6671
META,Raymond James,2024-01-24,Strong Buy,0.6890
META,Jefferies,2024-01-29,Buy,0.7131
META,Keybanc,2024-01-30,Overweight,0.7227
META,Citigroup,2024-02-02,Buy,0.4840
META,Barclays,2024-02-02,Overweight,0.4840
META,Susquehanna,2024-02-02,Positive,0.4840
META,Wedbush,2024-02-02,Outperform,0.4840
META,Raymond James,2024-02-02,Strong Buy,0.4840
META,Keybanc,2024-02-02,Overweight,0.4840
META,Goldman Sachs,2024-02-02,Buy,0.4840
META,Roth MKM,2024-02-02,Buy,0.4840
META,RBC Capital,2024-02-02,Outperform,0.4840
META,JMP Securities,2024-02-02,Market Outperform,0.4840
META,Oppenheimer,2024-02-02,Outperform,0.4840
META,UBS,2024-02-02,Buy,0.4840
META,Stifel,2024-02-02,Buy,0.4840
META,Truist Securities,2024-02-02,Buy,0.4840
META,JP Morgan,2024-02-02,Overweight,0.4840
META,Goldman Sachs,2024-02-05,Buy,0.5498
META,Tigress Financial,2024-02-09,Strong Buy,0.5496
META,Wells Fargo,2024-03-18,Overweight,0.1791
META,Roth MKM,2024-03-18,Buy,0.1791
META,Wells Fargo,2024-04-03,Overweight,-0.0040
META,Jefferies,2024-04-04,Buy,0.0104
META,Oppenheimer,2024-04-08,Outperform,0.1281
META,Piper Sandler,2024-04-11,Overweight,0.0159
META,Goldman Sachs,2024-04-15,Buy,0.0042
META,Citigroup,2024-04-15,Buy,0.0042
META,Stifel,2024-04-16,Buy,0.0034
META,UBS,2024-04-16,Buy,0.0034
META,Canaccord Genuity,2024-04-17,Buy,-0.0192
META,Truist Securities,2024-04-17,Buy,-0.0192
META,Bernstein,2024-04-18,Outperform,-0.0030
META,Keybanc,2024-04-22,Overweight,0.1067
META,JMP Securities,2024-04-22,Market Outperform,0.1067
META,Goldman Sachs,2024-04-25,Buy,0.2562
META,Wolfe Research,2024-04-25,Outperform,0.2562
META,Baird,2024-04-25,Outperform,0.2562
META,Rosenblatt,2024-04-25,Buy,0.2562
META,Oppenheimer,2024-04-25,Outperform,0.2562
META,Canaccord Genuity,2024-04-25,Buy,0.2562
META,Piper Sandler,2024-04-25,Overweight,0.2562
META,Jefferies,2024-04-25,Buy,0.2562
META,JP Morgan,2024-04-25,Overweight,0.2562
META,UBS,2024-04-25,Buy,0.2562
META,Roth MKM,2024-04-25,Buy,0.2562
META,Raymond James,2024-04-25,Strong Buy,0.2562
META,RBC Capital,2024-04-25,Outperform,0.2562
META,Bernstein,2024-04-25,Outperform,0.2562
META,JMP Securities,2024-04-25,Market Outperform,0.2562
META,Deutsche Bank,2024-04-25,Buy,0.2562
META,Keybanc,2024-04-25,Overweight,0.2562
META,Truist Securities,2024-04-25,Buy,0.2562
META,TD Cowen,2024-04-25,Buy,0.2562
META,Guggenheim,2024-04-25,Buy,0.2562
META,Barclays,2024-04-25,Overweight,0.2562
META,Citigroup,2024-04-25,Buy,0.2562
META,Loop Capital,2024-05-01,Buy,0.3645
META,Raymond James,2024-06-05,Strong Buy,0.4020
META,Keybanc,2024-06-20,Overweight,0.4196
META,Loop Capital,2024-07-03,Buy,0.4132
META,Wells Fargo,2024-07-08,Overweight,0.3739
META,TD Cowen,2024-07-10,Buy,0.3483
META,Wolfe Research,2024-07-16,Outperform,0.4379
META,Oppenheimer,2024-07-19,Outperform,0.4966
META,Bernstein,2024-07-22,Outperform,0.4666
META,Wedbush,2024-07-24,Outperform,0.5558
META,JMP Securities,2024-07-30,Market Outperform,0.6192
META,Goldman Sachs,2024-08-01,Buy,0.5339
META,Oppenheimer,2024-08-01,Outperform,0.5339
META,B of A Securities,2024-08-01,Buy,0.5339
META,Morgan Stanley,2024-08-01,Overweight,0.5339
META,Rosenblatt,2024-08-01,Buy,0.5339
META,Jefferies,2024-08-01,Buy,0.5339
META,Citigroup,2024-08-01,Buy,0.5339
META,Baird,2024-08-01,Outperform,0.5339
META,UBS,2024-08-01,Buy,0.5339
META,Wells Fargo,2024-08-01,Overweight,0.5339
META,Evercore ISI Group,2024-08-01,Outperform,0.5339
META,JP Morgan,2024-08-01,Overweight,0.5339
META,Susquehanna,2024-08-01,Positive,0.5339
META,Truist Securities,2024-08-01,Buy,0.5339
META,Stifel,2024-08-01,Buy,0.5339
META,RBC Capital,2024-08-01,Outperform,0.5339
META,Barclays,2024-08-01,Overweight,0.5339
META,Roth MKM,2024-08-01,Buy,0.5339
META,Keybanc,2024-08-01,Overweight,0.5339
META,Deutsche Bank,2024-08-01,Buy,0.5339
META,Guggenheim,2024-08-01,Buy,0.5339
META,JMP Securities,2024-08-01,Market Outperform,0.5339
META,Loop Capital,2024-08-06,Buy,0.5570
META,Tigress Financial,2024-08-16,Strong Buy,0.4177
META,Cantor Fitzgerald,2024-09-05,Overweight,0.4814
META,DA Davidson,2024-09-10,Buy,0.4968
META,Citigroup,2024-09-23,Buy,0.3269
META,Cantor Fitzgerald,2024-09-23,Overweight,0.3269
META,JMP Securities,2024-09-26,Market Outperform,0.2933
META,Baird,2024-09-26,Outperform,0.2933
META,Wedbush,2024-09-26,Outperform,0.2933
META,JP Morgan,2024-09-26,Overweight,0.2933
META,B of A Securities,2024-09-26,Buy,0.2933
META,Rosenblatt,2024-09-26,Buy,0.2933
META,"Monness, Crespi, Hardt",2024-09-30,Buy,0.2701
META,Cantor Fitzgerald,2024-09-30,Overweight,0.2701
TSLA,Canaccord Genuity,2019-10-24,Buy,6.0180
TSLA,Jefferies,2019-11-11,Buy,4.9457
TSLA,Piper Sandler,2019-12-03,Overweight,7.4595
TSLA,Exane BNP Paribas,2019-12-10,Buy,7.6641
TSLA,Canaccord Genuity,2020-01-02,Buy,7.2005
TSLA,Argus Research,2020-01-07,Buy,7.0585
TSLA,Piper Sandler,2020-01-10,Overweight,7.4826
TSLA,Oppenheimer,2020-01-13,Outperform,7.0921
TSLA,Jefferies,2020-01-14,Buy,6.9418
TSLA,New Street Research,2020-01-21,Buy,6.7709
TSLA,Piper Sandler,2020-01-30,Overweight,5.1916
TSLA,Canaccord Genuity,2020-01-30,Buy,5.1916
TSLA,Oppenheimer,2020-01-30,Outperform,5.1916
TSLA,Argus Research,2020-02-03,Buy,4.5948
TSLA,JMP Securities,2020-03-03,Market Outperform,3.3809
TSLA,Piper Sandler,2020-03-27,Overweight,4.9422
TSLA,Jefferies,2020-04-06,Buy,5.4986
TSLA,Goldman Sachs,2020-04-15,Buy,4.0618
TSLA,Piper Sandler,2020-04-30,Overweight,3.5368
TSLA,JMP Securities,2020-04-30,Market Outperform,3.5368
TSLA,Oppenheimer,2020-04-30,Outperform,3.5368
TSLA,JMP Securities,2020-05-19,Market Outperform,2.4867
TSLA,Daiwa Capital,2020-05-29,Outperform,2.7438
TSLA,Jefferies,2020-06-18,Buy,2.1043
TSLA,Piper Sandler,2020-07-14,Overweight,1.1538
TSLA,Piper Sandler,2020-07-23,Overweight,1.1261
TSLA,Oppenheimer,2020-07-23,Outperform,1.1261
TSLA,Argus Research,2020-07-24,Buy,1.3205
TSLA,Jefferies,2020-08-26,Buy,0.6282
TSLA,Argus Research,2020-08-31,Buy,0.4764
TSLA,CFRA,2020-09-04,Buy,0.7999
TSLA,Oppenheimer,2020-09-04,Outperform,0.7999
TSLA,Piper Sandler,2020-09-18,Overweight,0.6514
TSLA,Deutsche Bank,2020-09-23,Buy,0.9814
TSLA,New Street Research,2020-10-08,Buy,0.8442
TSLA,JMP Securities,2020-10-22,Market Outperform,1.1365
TSLA,Baird,2020-10-22,Outperform,1.1365
TSLA,Oppenheimer,2020-10-22,Outperform,1.1365
TSLA,CFRA,2020-10-30,Strong Buy,2.1146
TSLA,Morgan Stanley,2020-11-18,Overweight,1.2530
TSLA,Goldman Sachs,2020-12-03,Buy,0.7105
TSLA,Morgan Stanley,2021-01-06,Overweight,0.4394
TSLA,Goldman Sachs,2021-01-14,Buy,0.2208
TSLA,Oppenheimer,2021-01-20,Outperform,0.1707
TSLA,Baird,2021-01-25,Outperform,0.0559
TSLA,Deutsche Bank,2021-01-28,Buy,-0.0076
TSLA,Piper Sandler,2021-02-01,Overweight,0.1154
TSLA,Morgan Stanley,2021-02-02,Overweight,0.0670
TSLA,New Street Research,2021-03-09,Buy,0.2239
TSLA,Mizuho,2021-03-11,Buy,0.1983
TSLA,Wedbush,2021-04-05,Outperform,0.5695
TSLA,Goldman Sachs,2021-04-05,Buy,0.5695
TSLA,Canaccord Genuity,2021-04-12,Buy,0.4609
TSLA,Mizuho,2021-04-20,Buy,0.4300
TSLA,Morgan Stanley,2021-04-23,Overweight,0.3779
TSLA,Goldman Sachs,2021-04-27,Buy,0.2436
TSLA,Canaccord Genuity,2021-04-27,Buy,0.2436
TSLA,Oppenheimer,2021-04-27,Outperform,0.2436
TSLA,Morgan Stanley,2021-05-28,Overweight,0.2150
TSLA,Canaccord Genuity,2021-06-14,Buy,0.0478
TSLA,Morgan Stanley,2021-06-23,Overweight,0.0741
TSLA,Mizuho,2021-07-27,Buy,0.2787
TSLA,Goldman Sachs,2021-07-27,Buy,0.2787
TSLA,Canaccord Genuity,2021-07-27,Buy,0.2787
TSLA,Baird,2021-07-27,Outperform,0.2787
TSLA,DZ Bank,2021-07-29,Buy,0.3161
TSLA,KGI Securities,2021-08-02,Outperform,0.2707
TSLA,Jefferies,2021-08-09,Buy,0.1909
TSLA,Morgan Stanley,2021-08-19,Overweight,0.3215
TSLA,Baird,2021-10-04,Outperform,-0.0425
TSLA,Canaccord Genuity,2021-10-08,Buy,-0.1485
TSLA,Jefferies,2021-10-15,Buy,-0.2194
TSLA,Morgan Stanley,2021-10-19,Overweight,-0.2293
TSLA,Wedbush,2021-10-21,Outperform,-0.2804
TSLA,Mizuho,2021-10-21,Buy,-0.2804
TSLA,Canaccord Genuity,2021-10-21,Buy,-0.2804
TSLA,Baird,2021-10-21,Outperform,-0.2804
TSLA,Goldman Sachs,2021-10-27,Buy,-0.3494
TSLA,Piper Sandler,2021-10-28,Overweight,-0.3635
TSLA,Jefferies,2021-11-08,Buy,-0.5065
TSLA,Wedbush,2021-11-19,Outperform,-0.5571
TSLA,New Street Research,2021-12-08,Buy,-0.5132
TSLA,Baird,2021-12-22,Outperform,-0.6273
TSLA,Argus Research,2021-12-28,Buy,-0.6894
TSLA,Deutsche Bank,2021-12-31,Buy,-0.6931
TSLA,Jefferies,2021-12-31,Buy,-0.6931
TSLA,Goldman Sachs,2021-12-31,Buy,-0.6931
TSLA,Deutsche Bank,2022-01-03,Buy,-0.7158
TSLA,CFRA,2022-01-03,Buy,-0.7158
TSLA,Morgan Stanley,2022-01-03,Overweight,-0.7158
TSLA,Mizuho,2022-01-05,Buy,-0.6883
TSLA,Jefferies,2022-01-26,Buy,-0.4307
TSLA,CFRA,2022-01-26,Buy,-0.4307
TSLA,Goldman Sachs,2022-01-26,Buy,-0.4307
TSLA,Oppenheimer,2022-01-27,Outperform,-0.3970
TSLA,Baird,2022-01-27,Outperform,-0.3970
TSLA,Credit Suisse,2022-01-31,Outperform,-0.4190
TSLA,Piper Sandler,2022-02-14,Overweight,-0.2661
TSLA,Daiwa Capital,2022-02-25,Outperform,-0.2380
TSLA,Jefferies,2022-03-18,Buy,-0.3453
TSLA,Piper Sandler,2022-04-18,Overweight,-0.4605
TSLA,Credit Suisse,2022-04-19,Outperform,-0.5244
TSLA,Oppenheimer,2022-04-21,Outperform,-0.5166
TSLA,CFRA,2022-04-21,Buy,-0.5166
TSLA,Deutsche Bank,2022-04-22,Buy,-0.5204
TSLA,CFRA,2022-04-25,Strong Buy,-0.5378
TSLA,Piper Sandler,2022-05-18,Overweight,-0.2386
TSLA,Wedbush,2022-05-19,Outperform,-0.2013
TSLA,Daiwa Capital,2022-05-24,Outperform,-0.1190
TSLA,Jefferies,2022-05-26,Buy,-0.1473
TSLA,Goldman Sachs,2022-06-01,Buy,-0.1330
TSLA,CFRA,2022-06-03,Strong Buy,-0.0563
TSLA,UBS,2022-06-09,Buy,0.0422
TSLA,RBC Capital,2022-06-13,Outperform,0.1903
TSLA,Credit Suisse,2022-06-24,Outperform,0.0183
TSLA,Mizuho,2022-06-27,Buy,0.0462
TSLA,Deutsche Bank,2022-06-28,Buy,0.1067
TSLA,Goldman Sachs,2022-07-01,Buy,0.2430
TSLA,CFRA,2022-07-05,Strong Buy,0.1865
TSLA,UBS,2022-07-06,Buy,0.1842
TSLA,CFRA,2022-07-11,Strong Buy,0.1606
TSLA,Piper Sandler,2022-07-13,Overweight,0.1871
TSLA,Truist Securities,2022-07-14,Buy,0.2185
TSLA,Morgan Stanley,2022-07-14,Overweight,0.2185
TSLA,Goldman Sachs,2022-07-20,Buy,0.0506
TSLA,UBS,2022-07-21,Buy,-0.0097
TSLA,Mizuho,2022-07-21,Buy,-0.0097
TSLA,Canaccord Genuity,2022-07-21,Buy,-0.0097
TSLA,Baird,2022-07-21,Outperform,-0.0097
TSLA,Argus Research,2022-07-22,Buy,-0.0256
TSLA,CFRA,2022-08-18,Strong Buy,-0.2364
TSLA,Morgan Stanley,2022-08-25,Overweight,-0.1934
TSLA,Wedbush,2022-08-25,Outperform,-0.1934
TSLA,Morgan Stanley,2022-08-26,Overweight,-0.1073
TSLA,Jefferies,2022-08-26,Buy,-0.1073
TSLA,Deutsche Bank,2022-08-29,Buy,-0.0980
TSLA,Piper Sandler,2022-09-01,Overweight,-0.0746
TSLA,Wolfe Research,2022-09-06,Outperform,-0.0836
TSLA,UBS,2022-09-07,Buy,-0.1241
TSLA,Deutsche Bank,2022-09-16,Buy,-0.1215
TSLA,Baird,2022-09-27,Outperform,-0.1292
TSLA,Piper Sandler,2022-09-29,Overweight,-0.0619
TSLA,CFRA,2022-09-30,Strong Buy,-0.0706
TSLA,UBS,2022-10-03,Buy,0.0774
TSLA,Truist Securities,2022-10-03,Buy,0.0774
TSLA,Goldman Sachs,2022-10-04,Buy,0.0425
TSLA,Mizuho,2022-10-06,Buy,0.0905
TSLA,Morgan Stanley,2022-10-10,Overweight,0.1795
TSLA,UBS,2022-10-20,Buy,0.0232
TSLA,RBC Capital,2022-10-20,Outperform,0.0232
TSLA,Wedbush,2022-10-20,Outperform,0.0232
TSLA,Deutsche Bank,2022-10-20,Buy,0.0232
TSLA,Mizuho,2022-10-20,Buy,0.0232
TSLA,Goldman Sachs,2022-10-20,Buy,0.0232
TSLA,Morgan Stanley,2022-10-25,Overweight,-0.0749
TSLA,CFRA,2022-12-02,Strong Buy,0.2251
TSLA,Goldman Sachs,2022-12-14,Buy,0.6167
TSLA,RBC Capital,2022-12-15,Outperform,0.5988
TSLA,Wedbush,2022-12-15,Outperform,0.5988
TSLA,CFRA,2022-12-15,Strong Buy,0.5988
TSLA,Mizuho,2022-12-20,Buy,0.8469
TSLA,Daiwa Capital,2022-12-20,Outperform,0.8469
TSLA,Deutsche Bank,2022-12-21,Buy,0.8357
TSLA,Canaccord Genuity,2022-12-22,Buy,1.0471
TSLA,Wedbush,2022-12-23,Outperform,1.1229
TSLA,Baird,2022-12-28,Outperform,1.2046
TSLA,Morgan Stanley,2022-12-29,Overweight,1.0392
TSLA,Goldman Sachs,2023-01-03,Buy,1.2010
TSLA,RBC Capital,2023-01-03,Outperform,1.2010
TSLA,Truist Securities,2023-01-03,Buy,1.2010
TSLA,Mizuho,2023-01-05,Buy,1.1792
TSLA,Deutsche Bank,2023-01-13,Buy,0.7610
TSLA,CFRA,2023-01-13,Strong Buy,0.7610
TSLA,Jefferies,2023-01-17,Buy,0.6114
TSLA,Piper Sandler,2023-01-19,Overweight,0.6419
TSLA,Deutsche Bank,2023-01-19,Buy,0.6419
TSLA,UBS,2023-01-23,Buy,0.4458
TSLA,Truist Securities,2023-01-23,Buy,0.4458
TSLA,Morgan Stanley,2023-01-25,Overweight,0.2688
TSLA,Wolfe Research,2023-01-26,Outperform,0.1913
TSLA,Wedbush,2023-01-26,Outperform,0.1913
TSLA,Baird,2023-01-26,Outperform,0.1913
TSLA,Goldman Sachs,2023-01-26,Buy,0.1913
TSLA,Berenberg,2023-01-30,Buy,0.1238
TSLA,Morgan Stanley,2023-02-02,Overweight,-0.0383
TSLA,Deutsche Bank,2023-02-03,Buy,-0.0257
TSLA,Wedbush,2023-02-06,Outperform,-0.0369
TSLA,RBC Capital,2023-02-06,Outperform,-0.0369
TSLA,CFRA,2023-02-09,Buy,-0.0926
TSLA,Barclays,2023-02-15,Overweight,-0.0667
TSLA,Deutsche Bank,2023-02-23,Buy,-0.0132
TSLA,Baird,2023-02-24,Outperform,0.0145
TSLA,Wedbush,2023-03-02,Outperform,-0.0145
TSLA,Daiwa Capital,2023-03-03,Outperform,-0.0862
TSLA,Jefferies,2023-03-06,Buy,-0.0891
TSLA,Barclays,2023-03-27,Overweight,-0.0625
TSLA,Morgan Stanley,2023-03-27,Overweight,-0.0625
TSLA,Wedbush,2023-03-29,Outperform,-0.0962
TSLA,Baird,2023-03-29,Outperform,-0.0962
TSLA,CFRA,2023-03-30,Strong Buy,-0.1467
TSLA,Goldman Sachs,2023-04-03,Buy,-0.1215
TSLA,Deutsche Bank,2023-04-03,Buy,-0.1215
TSLA,Morgan Stanley,2023-04-10,Overweight,-0.0691
TSLA,Baird,2023-04-11,Outperform,-0.0653
TSLA,Wedbush,2023-04-17,Outperform,-0.1689
TSLA,Barclays,2023-04-17,Overweight,-0.1689
TSLA,RBC Capital,2023-04-19,Outperform,-0.1857
TSLA,Mizuho,2023-04-20,Buy,-0.1285
TSLA,RBC Capital,2023-04-20,Outperform,-0.1285
TSLA,Canaccord Genuity,2023-04-20,Buy,-0.1285
TSLA,Wedbush,2023-04-20,Outperform,-0.1285
TSLA,Deutsche Bank,2023-04-20,Buy,-0.1285
TSLA,Barclays,2023-04-21,Overweight,-0.1236
TSLA,Goldman Sachs,2023-04-21,Buy,-0.1236
TSLA,Morgan Stanley,2023-04-28,Overweight,0.1155
TSLA,Piper Sandler,2023-05-02,Overweight,0.1229
TSLA,Wedbush,2023-05-12,Outperform,0.0570
TSLA,CFRA,2023-05-17,Strong Buy,0.0207
TSLA,Barclays,2023-06-06,Overweight,-0.1960
TSLA,Piper Sandler,2023-06-06,Overweight,-0.1960
TSLA,Wedbush,2023-06-09,Outperform,-0.3017
TSLA,RBC Capital,2023-06-09,Outperform,-0.3017
TSLA,CFRA,2023-06-09,Buy,-0.3017
TSLA,KGI Securities,2023-06-12,Outperform,-0.2904
TSLA,Wedbush,2023-06-15,Outperform,-0.2675
TSLA,RBC Capital,2023-06-15,Outperform,-0.2675
TSLA,Deutsche Bank,2023-06-26,Buy,-0.1854
TSLA,Wedbush,2023-07-03,Outperform,-0.1195
TSLA,Canaccord Genuity,2023-07-03,Buy,-0.1195
TSLA,Deutsche Bank,2023-07-03,Buy,-0.1195
TSLA,Piper Sandler,2023-07-03,Overweight,-0.1195
TSLA,CFRA,2023-07-06,Buy,-0.0853
TSLA,Mizuho,2023-07-07,Buy,-0.0441
TSLA,Wedbush,2023-07-17,Outperform,-0.1442
TSLA,CFRA,2023-07-19,Buy,-0.1787
TSLA,Wedbush,2023-07-20,Outperform,-0.0433
TSLA,Mizuho,2023-07-20,Buy,-0.0433
TSLA,Baird,2023-07-20,Outperform,-0.0433
TSLA,Baird,2023-07-24,Outperform,-0.1972
TSLA,Deutsche Bank,2023-09-06,Buy,-0.1635
TSLA,Morgan Stanley,2023-09-11,Overweight,-0.1661
TSLA,RBC Capital,2023-09-12,Outperform,-0.1408
TSLA,Piper Sandler,2023-09-15,Overweight,-0.1695
TSLA,RBC Capital,2023-09-26,Outperform,0.0414
TSLA,Deutsche Bank,2023-09-27,Buy,0.0830
TSLA,Morgan Stanley,2023-09-28,Overweight,0.0619
TSLA,Canaccord Genuity,2023-09-29,Buy,0.0312
TSLA,Piper Sandler,2023-09-29,Overweight,0.0312
TSLA,RBC Capital,2023-10-02,Outperform,-0.0103
TSLA,CFRA,2023-10-02,Buy,-0.0103
TSLA,Wedbush,2023-10-16,Outperform,-0.1283
TSLA,Piper Sandler,2023-10-16,Overweight,-0.1283
TSLA,Baird,2023-10-18,Outperform,-0.0906
TSLA,Deutsche Bank,2023-10-19,Buy,-0.0057
TSLA,Mizuho,2023-10-19,Buy,-0.0057
TSLA,Morgan Stanley,2023-10-19,Overweight,-0.0057
TSLA,Wedbush,2023-10-19,Outperform,-0.0057
TSLA,Deutsche Bank,2023-11-14,Buy,0.3107
TSLA,Morgan Stanley,2023-11-14,Overweight,0.3107
TSLA,Piper Sandler,2023-11-17,Overweight,0.4767
TSLA,Wedbush,2023-11-28,Outperform,0.3493
TSLA,Morgan Stanley,2023-11-30,Overweight,0.4874
TSLA,Wedbush,2023-12-01,Outperform,0.4714
TSLA,RBC Capital,2023-12-01,Outperform,0.4714
TSLA,CFRA,2023-12-01,Buy,0.4714
TSLA,Deutsche Bank,2023-12-14,Buy,0.8443
TSLA,RBC Capital,2023-12-18,Outperform,0.7460
TSLA,Wedbush,2023-12-22,Outperform,0.8305
TSLA,RBC Capital,2023-12-22,Outperform,0.8305
TSLA,Morgan Stanley,2023-12-27,Overweight,0.6511
TSLA,Wedbush,2024-01-16,Outperform,0.8818
TSLA,Morgan Stanley,2024-01-22,Overweight,0.9750
TSLA,Wedbush,2024-01-23,Outperform,0.9441
TSLA,RBC Capital,2024-01-25,Outperform,1.1798
TSLA,Mizuho,2024-01-25,Buy,1.1798
TSLA,Wedbush,2024-01-25,Outperform,1.1798
TSLA,Baird,2024-01-25,Outperform,1.1798
TSLA,Deutsche Bank,2024-01-26,Buy,1.1233
TSLA,Baird,2024-01-30,Outperform,1.1118
TSLA,Wedbush,2024-01-31,Outperform,1.0486
TSLA,Piper Sandler,2024-02-05,Overweight,1.0674
TSLA,RBC Capital,2024-02-29,Outperform,0.3475
TSLA,RBC Capital,2024-03-05,Outperform,0.4533
TSLA,Morgan Stanley,2024-03-06,Overweight,0.2584
TSLA,Deutsche Bank,2024-03-11,Buy,0.3539
TSLA,Wedbush,2024-03-13,Outperform,0.4044
TSLA,Morgan Stanley,2024-03-27,Overweight,0.4411
TSLA,RBC Capital,2024-03-27,Outperform,0.4411
TSLA,Wedbush,2024-03-28,Outperform,0.5272
TSLA,Deutsche Bank,2024-03-28,Buy,0.5272
TSLA,Baird,2024-04-02,Outperform,0.6040
TSLA,Deutsche Bank,2024-04-02,Buy,0.6040
TSLA,Baird,2024-04-03,Outperform,0.4220
TSLA,Deutsche Bank,2024-04-03,Buy,0.4220
TSLA,Morgan Stanley,2024-04-04,Overweight,0.3634
TSLA,Deutsche Bank,2024-04-08,Buy,0.5736
TSLA,Morgan Stanley,2024-04-09,Overweight,0.4270
TSLA,Piper Sandler,2024-04-10,Overweight,0.4690
TSLA,Baird,2024-04-17,Outperform,0.4635
TSLA,Wedbush,2024-04-19,Outperform,0.7051
TSLA,Piper Sandler,2024-04-22,Overweight,0.8269
TSLA,B of A Securities,2024-04-24,Buy,0.7633
TSLA,Wedbush,2024-04-24,Outperform,0.7633
TSLA,Canaccord Genuity,2024-04-24,Buy,0.7633
TSLA,RBC Capital,2024-04-24,Outperform,0.7633
TSLA,Wedbush,2024-04-29,Outperform,0.4456
TSLA,Cantor Fitzgerald,2024-05-02,Overweight,0.5296
TSLA,Morgan Stanley,2024-06-12,Overweight,0.8564
TSLA,Cantor Fitzgerald,2024-06-12,Overweight,0.8564
TSLA,Wedbush,2024-06-14,Outperform,0.8092
TSLA,Cantor Fitzgerald,2024-06-14,Overweight,0.8092
TSLA,Cantor Fitzgerald,2024-06-17,Overweight,0.7187
TSLA,RBC Capital,2024-06-20,Outperform,0.8751
TSLA,Morgan Stanley,2024-06-20,Overweight,0.8751
TSLA,Cantor Fitzgerald,2024-06-24,Overweight,0.7843
TSLA,RBC Capital,2024-06-25,Outperform,0.7274
TSLA,Morgan Stanley,2024-06-25,Overweight,0.7274
TSLA,New Street Research,2024-06-25,Buy,0.7274
TSLA,Stifel,2024-06-25,Buy,0.7274
TSLA,Stifel,2024-06-26,Buy,0.6177
TSLA,Cantor Fitzgerald,2024-07-01,Overweight,0.5027
TSLA,Wedbush,2024-07-03,Outperform,0.2087
TSLA,Canaccord Genuity,2024-07-03,Buy,0.2087
TSLA,Morgan Stanley,2024-07-10,Overweight,0.2038
TSLA,Wedbush,2024-07-11,Outperform,0.2894
TSLA,Cantor Fitzgerald,2024-07-15,Overweight,0.2643
TSLA,Baird,2024-07-16,Outperform,0.2849
TSLA,Cantor Fitzgerald,2024-07-17,Overweight,0.3219
TSLA,Morgan Stanley,2024-07-18,Overweight,0.3325
TSLA,Cantor Fitzgerald,2024-07-22,Overweight,0.2139
TSLA,Piper Sandler,2024-07-24,Overweight,0.5074
TSLA,Cantor Fitzgerald,2024-07-24,Overweight,0.5074
TSLA,Wedbush,2024-07-24,Outperform,0.5074
TSLA,Argus Research,2024-07-26,Buy,0.4515
TSLA,Morgan Stanley,2024-07-29,Overweight,0.3282
TSLA,RBC Capital,2024-08-08,Outperform,0.7141
TSLA,Piper Sandler,2024-08-19,Overweight,0.4373
TSLA,Baird,2024-08-20,Outperform,0.5378
TSLA,William Blair,2024-08-29,Outperform,0.6196
TSLA,Morgan Stanley,2024-09-05,Overweight,0.5075
TSLA,Canaccord Genuity,2024-09-13,Buy,0.8492
TSLA,Canaccord Genuity,2024-09-16,Buy,0.8381
TSLA,RBC Capital,2024-09-25,Outperform,0.7244
TSLA,Piper Sandler,2024-09-25,Overweight,0.7244
TSLA,Morgan Stanley,2024-10-03,Overweight,0.7996
TSLA,RBC Capital,2024-10-08,Outperform,0.6912
TSLA,B of A Securities,2024-10-24,Buy,0.7681
TSLA,Canaccord Genuity,2024-10-24,Buy,0.7681
TSLA,Wedbush,2024-10-24,Outperform,0.7681
TSLA,KGI Securities,2024-10-24,Outperform,0.7681
TSLA,RBC Capital,2024-10-24,Outperform,0.7681
TSLA,Piper Sandler,2024-10-25,Overweight,0.7144
TSLA,Stifel,2024-10-25,Buy,0.7144
TSLA,Canaccord Genuity,2024-10-28,Buy,0.6765
TSLA,Piper Sandler,2024-10-29,Overweight,0.7592
TSLA,B of A Securities,2024-11-07,Buy,0.4807
TSLA,Wedbush,2024-11-11,Outperform,0.1485
TSLA,RBC Capital,2024-11-15,Outperform,0.2596
TSLA,Wedbush,2024-11-18,Outperform,0.1668
TSLA,Stifel,2024-12-02,Buy,0.2729
TSLA,Roth MKM,2024-12-02,Buy,0.2729
TSLA,B of A Securities,2024-12-05,Buy,0.2048
TSLA,Deutsche Bank,2024-12-09,Buy,0.1465
TSLA,Morgan Stanley,2024-12-10,Overweight,0.1446
TSLA,Mizuho,2024-12-17,Outperform,0.0028
TSLA,Baird,2024-12-18,Outperform,0.1104
TSLA,Canaccord Genuity,2025-01-03,Buy,0.0511
TSLA,Stifel,2025-01-06,Buy,0.0602
TSLA,Morgan Stanley,2025-01-13,Overweight,0.0890
TSLA,Piper Sandler,2025-01-21,Overweight,0.0596
TSLA,Wedbush,2025-01-22,Outperform,0.0818
TSLA,Baird,2025-01-30,Outperform,0.0538
TSLA,RBC Capital,2025-01-30,Outperform,0.0538
TSLA,Mizuho,2025-01-30,Outperform,0.0538
TSLA,Stifel,2025-02-10,Buy,0.2211
TSLA,Benchmark,2025-02-12,Buy,0.2405
TSLA,Baird,2025-03-06,Outperform,0.5133
TSLA,Wedbush,2025-03-07,Outperform,0.5199
TSLA,Canaccord Genuity,2025-03-11,Buy,0.7131
TSLA,Wedbush,2025-03-11,Outperform,0.7131
TSLA,Mizuho,2025-03-17,Outperform,0.6503
TSLA,Canaccord Genuity,2025-03-17,Buy,0.6503
TSLA,RBC Capital,2025-03-18,Outperform,0.6879
TSLA,Cantor Fitzgerald,2025-03-19,Overweight,0.5601
TSLA,Piper Sandler,2025-03-20,Overweight,0.6120
TSLA,Wedbush,2025-03-20,Outperform,0.6120
TSLA,Morgan Stanley,2025-03-21,Overweight,0.5401
TSLA,Wedbush,2025-03-21,Outperform,0.5401
TSLA,Wedbush,2025-03-27,Outperform,0.3008
TSLA,Deutsche Bank,2025-03-28,Buy,0.4105
TSLA,Stifel,2025-03-31,Buy,0.4711
TSLA,Cantor Fitzgerald,2025-04-03,Overweight,0.2970
TSLA,Wedbush,2025-04-07,Outperform,0.4815
TSLA,Benchmark,2025-04-09,Buy,0.2947
TSLA,Mizuho,2025-04-10,Outperform,0.4429
TSLA,Piper Sandler,2025-04-16,Overweight,0.6249
TSLA,Baird,2025-04-23,Outperform,0.5008
TSLA,Canaccord Genuity,2025-04-23,Buy,0.5008
TSLA,Benchmark,2025-04-23,Buy,0.5008
TSLA,Wedbush,2025-04-23,Outperform,0.5008
TSLA,Cantor Fitzgerald,2025-04-23,Overweight,0.5008
TSLA,RBC Capital,2025-04-23,Outperform,0.5008
TSLA,Roth MKM,2025-04-23,Buy,0.5008
TSLA,Mizuho,2025-04-23,Outperform,0.5008
TSLA,Stifel,2025-04-24,Buy,0.4592
TSLA,Wedbush,2025-05-01,Outperform,0.3992
TSLA,Mizuho,2025-05-16,Outperform,0.1547
TSLA,Wedbush,2025-05-23,Outperform,0.2977
TSLA,Morgan Stanley,2025-06-09,Overweight,0.2366
TSLA,Piper Sandler,2025-06-11,Overweight,0.2451
TSLA,Wedbush,2025-06-20,Outperform,0.1845
TSLA,Wedbush,2025-06-23,Outperform,0.0770
TSLA,Benchmark,2025-06-26,Buy,0.2642
TSLA,Canaccord Genuity,2025-06-30,Buy,0.3389
TSLA,Wedbush,2025-07-01,Outperform,0.3084
TSLA,Wedbush,2025-07-08,Outperform,0.3651
TSLA,Mizuho,2025-07-08,Outperform,0.3651
TSLA,Wedbush,2025-07-22,Outperform,-0.0374
TSLA,Cantor Fitzgerald,2025-07-24,Overweight,0.0128
TSLA,Wedbush,2025-07-24,Outperform,0.0128
TSLA,RBC Capital,2025-07-29,Outperform,-0.0384
TSLA,Wedbush,2025-08-04,Outperform,0.0397
TSLA,Wedbush,2025-09-15,Outperform,-0.1267
TSLA,Baird,2025-09-19,Outperform,-0.1107
TSLA,Piper Sandler,2025-09-22,Overweight,-0.1246
TSLA,Mizuho,2025-09-23,Outperform,-0.1125
TSLA,Wedbush,2025-09-26,Outperform,-0.1988
TSLA,Deutsche Bank,2025-09-26,Buy,-0.1988
AVGO,Bernstein,2016-10-04,Outperform,0.4315
AVGO,Bernstein,2016-10-05,Outperform,0.4046
AVGO,Pacific Crest,2016-11-03,Overweight,0.5818
AVGO,Loop Capital,2016-12-06,Buy,0.6017
AVGO,Macquarie,2017-03-31,Outperform,0.0814
AVGO,Morgan Stanley,2017-07-17,Overweight,-0.1635
AVGO,Keybanc,2017-08-25,Overweight,-0.1328
AVGO,Jefferies,2017-08-25,Buy,-0.1328
AVGO,Barclays,2017-10-18,Overweight,-0.0655
AVGO,Nomura,2017-11-06,Buy,-0.1775
AVGO,BMO Capital,2017-11-20,Outperform,-0.1716
AVGO,Canaccord Genuity,2017-11-29,Buy,-0.1316
AVGO,Keybanc,2017-12-04,Overweight,-0.1198
AVGO,BMO Capital,2018-03-12,Outperform,0.0318
AVGO,Deutsche Bank,2018-03-15,Buy,0.0974
AVGO,UBS,2018-04-05,Buy,0.2876
AVGO,Piper Sandler,2018-04-25,Overweight,0.3555
AVGO,Morgan Stanley,2018-04-30,Overweight,0.3900
AVGO,Canaccord Genuity,2018-05-01,Buy,0.3709
AVGO,B. Riley Securities,2018-05-01,Buy,0.3709
AVGO,Deutsche Bank,2018-05-01,Buy,0.3709
AVGO,JP Morgan,2018-05-01,Overweight,0.3709
AVGO,Baird,2018-05-01,Outperform,0.3709
AVGO,Citigroup,2018-05-01,Buy,0.3709
AVGO,B of A Securities,2018-05-01,Buy,0.3709
AVGO,Evercore ISI Group,2018-05-24,Outperform,0.0450
AVGO,Canaccord Genuity,2018-06-08,Buy,0.0989
AVGO,Citigroup,2018-06-08,Buy,0.0989
AVGO,B of A Securities,2018-06-08,Buy,0.0989
AVGO,Jefferies,2018-06-08,Buy,0.0989
AVGO,B. Riley Securities,2018-06-08,Buy,0.0989
AVGO,Benchmark,2018-06-15,Buy,0.0289
AVGO,Loop Capital,2018-06-22,Buy,0.0647
AVGO,RBC Capital,2018-07-12,Outperform,0.3732
AVGO,UBS,2018-07-20,Buy,0.4300
AVGO,Keybanc,2018-07-25,Overweight,0.3317
AVGO,B of A Securities,2018-09-07,Buy,0.2660
AVGO,Nomura,2018-09-17,Buy,0.2253
AVGO,B. Riley Securities,2018-12-03,Buy,0.2795
AVGO,Deutsche Bank,2018-12-03,Buy,0.2795
AVGO,MKM Partners,2018-12-07,Buy,0.3755
AVGO,UBS,2018-12-07,Buy,0.3755
AVGO,Mizuho,2019-03-15,Buy,-0.3538
AVGO,Barclays,2019-03-15,Overweight,-0.3538
AVGO,Keybanc,2019-04-02,Overweight,-0.2621
AVGO,Keybanc,2019-04-26,Overweight,-0.1352
AVGO,UBS,2019-05-14,Buy,-0.1286
AVGO,Summit Insights Group,2019-06-14,Buy,0.1435
AVGO,Keybanc,2019-06-14,Overweight,0.1435
AVGO,UBS,2019-06-14,Buy,0.1435
AVGO,Barclays,2019-06-14,Overweight,0.1435
AVGO,JP Morgan,2019-06-14,Overweight,0.1435
AVGO,Deutsche Bank,2019-06-14,Buy,0.1435
AVGO,Citigroup,2019-06-14,Buy,0.1435
AVGO,Baird,2019-06-17,Outperform,0.1683
AVGO,RBC Capital,2019-07-23,Outperform,0.0433
AVGO,Keybanc,2019-08-09,Overweight,0.1872
AVGO,Keybanc,2019-09-13,Overweight,0.2476
AVGO,Mizuho,2019-09-13,Buy,0.2476
AVGO,SunTrust Robinson Humphrey,2019-09-13,Buy,0.2476
AVGO,Morgan Stanley,2019-11-19,Overweight,0.1980
AVGO,Cascend,2019-11-22,Buy,0.2289
AVGO,Piper Sandler,2019-12-10,Overweight,0.3211
AVGO,Oppenheimer,2019-12-11,Outperform,0.2825
AVGO,Keybanc,2019-12-13,Overweight,0.3056
AVGO,Mizuho,2019-12-13,Buy,0.3056
AVGO,Citigroup,2019-12-16,Buy,0.2938
AVGO,SunTrust Robinson Humphrey,2020-01-21,Buy,0.4993
AVGO,Morgan Stanley,2020-03-09,Overweight,0.7907
AVGO,B of A Securities,2020-03-09,Buy,0.7907
AVGO,Keybanc,2020-03-13,Overweight,1.0099
AVGO,Rosenblatt,2020-03-13,Buy,1.0099
AVGO,Citigroup,2020-03-13,Buy,1.0099
AVGO,UBS,2020-03-13,Buy,1.0099
AVGO,Baird,2020-03-13,Outperform,1.0099
AVGO,Morgan Stanley,2020-03-13,Overweight,1.0099
AVGO,BMO Capital,2020-03-16,Outperform,1.5492
AVGO,Citigroup,2020-03-30,Buy,0.8998
AVGO,Morgan Stanley,2020-03-30,Overweight,0.8998
AVGO,Keybanc,2020-03-31,Overweight,0.9555
AVGO,Charter Equity,2020-04-09,Market Outperform,0.9020
AVGO,B of A Securities,2020-06-03,Buy,0.5016
AVGO,Keybanc,2020-06-05,Overweight,0.4627
AVGO,Rosenblatt,2020-06-05,Buy,0.4627
AVGO,UBS,2020-06-05,Buy,0.4627
AVGO,Morgan Stanley,2020-06-05,Overweight,0.4627
AVGO,SunTrust Robinson Humphrey,2020-06-05,Buy,0.4627
AVGO,Piper Sandler,2020-06-05,Overweight,0.4627
AVGO,Mizuho,2020-06-22,Buy,0.4813
AVGO,Evercore ISI Group,2020-06-26,Outperform,0.5380
AVGO,Oppenheimer,2020-09-01,Outperform,0.3716
AVGO,Keybanc,2020-09-04,Overweight,0.3682
AVGO,Rosenblatt,2020-09-04,Buy,0.3682
AVGO,UBS,2020-09-04,Buy,0.3682
AVGO,Credit Suisse,2020-09-04,Outperform,0.3682
AVGO,Truist Securities,2020-09-04,Buy,0.3682
AVGO,Morgan Stanley,2020-09-04,Overweight,0.3682
AVGO,Citigroup,2020-09-04,Buy,0.3682
AVGO,JP Morgan,2020-09-04,Overweight,0.3682
AVGO,Mizuho,2020-09-04,Buy,0.3682
AVGO,Loop Capital,2020-09-04,Buy,0.3682
AVGO,Deutsche Bank,2020-09-04,Buy,0.3682
AVGO,Piper Sandler,2020-09-24,Overweight,0.4323
AVGO,Morgan Stanley,2020-12-07,Overweight,0.4027
AVGO,Credit Suisse,2020-12-09,Outperform,0.4017
AVGO,Keybanc,2020-12-11,Overweight,0.5319
AVGO,Rosenblatt,2020-12-11,Buy,0.5319
AVGO,Barclays,2021-01-26,Overweight,0.1515
AVGO,Oppenheimer,2021-02-26,Outperform,0.2514
AVGO,Morgan Stanley,2021-03-01,Overweight,0.1999
AVGO,Keybanc,2021-03-05,Overweight,0.3240
AVGO,Rosenblatt,2021-03-05,Buy,0.3240
AVGO,Morgan Stanley,2021-03-05,Overweight,0.3240
AVGO,Mizuho,2021-03-05,Buy,0.3240
AVGO,Deutsche Bank,2021-03-05,Buy,0.3240
AVGO,RBC Capital,2021-03-05,Outperform,0.3240
AVGO,JP Morgan,2021-03-05,Overweight,0.3240
AVGO,Piper Sandler,2021-06-02,Overweight,0.2109
AVGO,Keybanc,2021-06-04,Overweight,0.1859
AVGO,Barclays,2021-06-04,Overweight,0.1859
AVGO,Rosenblatt,2021-06-04,Buy,0.1859
AVGO,Morgan Stanley,2021-06-04,Overweight,0.1859
AVGO,Mizuho,2021-06-04,Buy,0.1859
AVGO,Deutsche Bank,2021-06-04,Buy,0.1859
AVGO,Citigroup,2021-06-04,Buy,0.1859
AVGO,Baird,2021-06-07,Outperform,0.2101
AVGO,Keybanc,2021-09-03,Overweight,0.0010
AVGO,Barclays,2021-09-03,Overweight,0.0010
AVGO,Mizuho,2021-09-03,Buy,0.0010
AVGO,Deutsche Bank,2021-09-03,Buy,0.0010
AVGO,Morgan Stanley,2021-09-03,Overweight,0.0010
AVGO,Rosenblatt,2021-09-03,Buy,0.0010
AVGO,Truist Securities,2021-09-03,Buy,0.0010
AVGO,Goldman Sachs,2021-10-15,Buy,-0.1349
AVGO,Susquehanna,2021-11-10,Positive,-0.0769
AVGO,Mizuho,2021-11-11,Buy,-0.0672
AVGO,Oppenheimer,2021-12-03,Outperform,-0.0492
AVGO,Credit Suisse,2021-12-07,Outperform,-0.1218
AVGO,Credit Suisse,2021-12-09,Outperform,-0.0663
AVGO,Keybanc,2021-12-10,Overweight,-0.1188
AVGO,Rosenblatt,2021-12-10,Buy,-0.1188
AVGO,Credit Suisse,2021-12-10,Outperform,-0.1188
AVGO,Morgan Stanley,2021-12-10,Overweight,-0.1188
AVGO,Piper Sandler,2021-12-10,Overweight,-0.1188
AVGO,BMO Capital,2021-12-10,Outperform,-0.1188
AVGO,Mizuho,2021-12-10,Buy,-0.1188
AVGO,Goldman Sachs,2021-12-13,Buy,-0.0814
AVGO,Barclays,2021-12-13,Overweight,-0.0814
AVGO,Citigroup,2021-12-13,Buy,-0.0814
AVGO,Barclays,2022-01-12,Overweight,-0.0691
AVGO,Keybanc,2022-03-04,Overweight,0.0489
AVGO,Mizuho,2022-03-04,Buy,0.0489
AVGO,Rosenblatt,2022-03-04,Buy,0.0489
AVGO,Morgan Stanley,2022-03-04,Overweight,0.0489
AVGO,JP Morgan,2022-03-04,Overweight,0.0489
AVGO,Truist Securities,2022-03-04,Buy,0.0489
AVGO,Truist Securities,2022-04-08,Buy,0.0506
AVGO,Keybanc,2022-05-27,Overweight,0.3852
AVGO,Mizuho,2022-05-27,Buy,0.3852
AVGO,B of A Securities,2022-06-29,Buy,0.7688
AVGO,Deutsche Bank,2022-07-20,Buy,0.7523
AVGO,Keybanc,2022-09-02,Overweight,0.7438
AVGO,BMO Capital,2022-09-02,Outperform,0.7438
AVGO,Truist Securities,2022-09-02,Buy,0.7438
AVGO,Deutsche Bank,2022-10-18,Buy,0.9958
AVGO,Piper Sandler,2022-12-05,Overweight,0.7029
AVGO,Susquehanna,2022-12-05,Positive,0.7029
AVGO,Mizuho,2022-12-09,Buy,0.9685
AVGO,Truist Securities,2023-01-23,Buy,1.1558
AVGO,Rosenblatt,2023-03-01,Buy,1.3572
AVGO,Susquehanna,2023-03-01,Positive,1.3572
AVGO,Keybanc,2023-03-03,Overweight,1.1221
AVGO,Deutsche Bank,2023-03-03,Buy,1.1221
AVGO,Truist Securities,2023-03-03,Buy,1.1221
AVGO,Susquehanna,2023-03-03,Positive,1.1221
AVGO,Rosenblatt,2023-03-03,Buy,1.1221
AVGO,Susquehanna,2023-03-09,Positive,1.0772
AVGO,Mizuho,2023-03-17,Buy,0.9621
AVGO,Benchmark,2023-04-13,Buy,1.0997
AVGO,B of A Securities,2023-05-23,Buy,1.0296
AVGO,Susquehanna,2023-05-25,Positive,0.9380
AVGO,Oppenheimer,2023-05-26,Outperform,0.7111
AVGO,Keybanc,2023-05-30,Overweight,0.6980
AVGO,Evercore ISI Group,2023-05-30,Outperform,0.6980
AVGO,BMO Capital,2023-05-30,Outperform,0.6980
AVGO,Rosenblatt,2023-05-31,Buy,0.6443
AVGO,Keybanc,2023-06-02,Overweight,0.6389
AVGO,Oppenheimer,2023-06-02,Outperform,0.6389
AVGO,B of A Securities,2023-06-02,Buy,0.6389
AVGO,Rosenblatt,2023-06-02,Buy,0.6389
AVGO,Baird,2023-06-02,Outperform,0.6389
AVGO,Mizuho,2023-06-02,Buy,0.6389
AVGO,Susquehanna,2023-06-02,Positive,0.6389
AVGO,Truist Securities,2023-06-02,Buy,0.6389
AVGO,Piper Sandler,2023-06-02,Overweight,0.6389
AVGO,Evercore ISI Group,2023-06-02,Outperform,0.6389
AVGO,Deutsche Bank,2023-06-02,Buy,0.6389
AVGO,Mizuho,2023-06-22,Buy,0.8900
AVGO,Deutsche Bank,2023-07-12,Buy,0.9110
AVGO,Truist Securities,2023-07-14,Buy,0.9062
AVGO,Susquehanna,2023-08-24,Positive,0.8681
AVGO,Rosenblatt,2023-08-29,Buy,0.7634
AVGO,Piper Sandler,2023-08-29,Overweight,0.7634
AVGO,Keybanc,2023-09-01,Overweight,0.7664
AVGO,Rosenblatt,2023-09-01,Buy,0.7664
AVGO,BMO Capital,2023-09-01,Outperform,0.7664
AVGO,Benchmark,2023-09-01,Buy,0.7664
AVGO,Oppenheimer,2023-09-01,Outperform,0.7664
AVGO,Evercore ISI Group,2023-09-01,Outperform,0.7664
AVGO,Piper Sandler,2023-09-01,Overweight,0.7664
AVGO,Baird,2023-09-05,Outperform,0.7522
AVGO,Truist Securities,2023-09-08,Buy,0.7283
AVGO,Keybanc,2023-09-14,Overweight,0.8817
AVGO,Susquehanna,2023-09-18,Positive,0.9020
AVGO,Truist Securities,2023-09-21,Buy,1.1394
AVGO,Truist Securities,2023-09-22,Buy,1.1088
AVGO,Keybanc,2023-11-24,Overweight,0.6838
AVGO,Susquehanna,2023-11-28,Positive,0.6872
AVGO,Oppenheimer,2023-12-04,Outperform,0.8459
AVGO,Rosenblatt,2023-12-04,Buy,0.8459
AVGO,Summit Insights Group,2023-12-08,Buy,0.8194
AVGO,Rosenblatt,2023-12-08,Buy,0.8194
AVGO,Truist Securities,2023-12-08,Buy,0.8194
AVGO,Cantor Fitzgerald,2024-01-23,Overweight,0.9954
AVGO,Cantor Fitzgerald,2024-01-29,Overweight,0.7709
AVGO,Cantor Fitzgerald,2024-02-12,Overweight,0.8640
AVGO,Mizuho,2024-02-13,Buy,0.8619
AVGO,Cantor Fitzgerald,2024-02-20,Overweight,0.7827
AVGO,UBS,2024-02-26,Buy,0.5109
AVGO,Susquehanna,2024-02-28,Positive,0.4531
AVGO,Oppenheimer,2024-03-01,Outperform,0.3692
AVGO,Rosenblatt,2024-03-04,Buy,0.2797
AVGO,Cantor Fitzgerald,2024-03-04,Overweight,0.2797
AVGO,Mizuho,2024-03-07,Buy,0.3510
AVGO,Bernstein,2024-03-08,Outperform,0.4841
AVGO,JP Morgan,2024-03-08,Overweight,0.4841
AVGO,Mizuho,2024-03-08,Buy,0.4841
AVGO,UBS,2024-03-08,Buy,0.4841
AVGO,B of A Securities,2024-03-08,Buy,0.4841
AVGO,Jefferies,2024-03-08,Buy,0.4841
AVGO,Piper Sandler,2024-03-08,Overweight,0.4841
AVGO,Susquehanna,2024-03-08,Positive,0.4841
AVGO,Oppenheimer,2024-03-08,Outperform,0.4841
AVGO,Truist Securities,2024-03-08,Buy,0.4841
AVGO,Cantor Fitzgerald,2024-03-08,Overweight,0.4841
AVGO,Rosenblatt,2024-03-08,Buy,0.4841
AVGO,Baird,2024-03-11,Outperform,0.4798
AVGO,Goldman Sachs,2024-03-11,Buy,0.4798
AVGO,Cantor Fitzgerald,2024-03-11,Overweight,0.4798
AVGO,Citigroup,2024-03-11,Buy,0.4798
AVGO,Barclays,2024-03-20,Overweight,0.4988
AVGO,TD Cowen,2024-03-21,Outperform,0.3966
AVGO,Rosenblatt,2024-03-21,Buy,0.3966
AVGO,JP Morgan,2024-03-21,Overweight,0.3966
AVGO,Benchmark,2024-03-21,Buy,0.3966
AVGO,Evercore ISI Group,2024-04-16,Outperform,0.2865
AVGO,Barclays,2024-04-17,Overweight,0.2959
AVGO,Melius Research,2024-06-03,Buy,0.9663
AVGO,Citigroup,2024-06-11,Buy,0.7022
AVGO,Rosenblatt,2024-06-12,Buy,0.6857
AVGO,Morgan Stanley,2024-06-13,Overweight,0.4852
AVGO,Mizuho,2024-06-13,Buy,0.4852
AVGO,Oppenheimer,2024-06-13,Outperform,0.4852
AVGO,Piper Sandler,2024-06-13,Overweight,0.4852
AVGO,Evercore ISI Group,2024-06-13,Outperform,0.4852
AVGO,Goldman Sachs,2024-06-13,Buy,0.4852
AVGO,Rosenblatt,2024-06-13,Buy,0.4852
AVGO,B of A Securities,2024-06-13,Buy,0.4852
AVGO,Jefferies,2024-06-13,Buy,0.4852
AVGO,Truist Securities,2024-06-13,Buy,0.4852
AVGO,JP Morgan,2024-06-13,Overweight,0.4852
AVGO,Bernstein,2024-06-13,Outperform,0.4852
AVGO,Barclays,2024-06-13,Overweight,0.4852
AVGO,UBS,2024-06-13,Buy,0.4852
AVGO,TD Cowen,2024-06-13,Buy,0.4852
AVGO,Citigroup,2024-06-14,Buy,0.4482
AVGO,B of A Securities,2024-06-24,Buy,0.6968
AVGO,Rosenblatt,2024-07-11,Buy,0.6468
AVGO,Cantor Fitzgerald,2024-07-16,Overweight,0.6728
AVGO,TD Cowen,2024-07-16,Buy,0.6728
AVGO,Oppenheimer,2024-07-16,Outperform,0.6728
AVGO,Cantor Fitzgerald,2024-07-17,Overweight,0.8477
AVGO,Benchmark,2024-09-06,Buy,1.6976
AVGO,Goldman Sachs,2024-09-06,Buy,1.6976
AVGO,Morgan Stanley,2024-09-06,Overweight,1.6976
AVGO,Cantor Fitzgerald,2024-09-06,Overweight,1.6976
AVGO,Rosenblatt,2024-09-06,Buy,1.6976
AVGO,JP Morgan,2024-09-06,Overweight,1.6976
AVGO,UBS,2024-09-09,Buy,1.5538
AVGO,William Blair,2024-09-18,Outperform,1.0956
AVGO,Truist Securities,2024-10-08,Buy,0.7962
AVGO,Cantor Fitzgerald,2024-10-08,Overweight,0.7962
AVGO,Mizuho,2024-10-14,Outperform,0.9426
AVGO,UBS,2024-11-04,Buy,1.1097
AVGO,Citigroup,2024-12-10,Buy,1.0949
AVGO,Rosenblatt,2024-12-11,Buy,0.8549
AVGO,Deutsche Bank,2024-12-13,Buy,0.4503
AVGO,UBS,2024-12-13,Buy,0.4503
AVGO,Keybanc,2024-12-13,Overweight,0.4503
AVGO,Mizuho,2024-12-13,Outperform,0.4503
AVGO,Piper Sandler,2024-12-13,Overweight,0.4503
AVGO,Baird,2024-12-13,Outperform,0.4503
AVGO,Evercore ISI Group,2024-12-13,Outperform,0.4503
AVGO,Susquehanna,2024-12-13,Positive,0.4503
AVGO,B of A Securities,2024-12-13,Buy,0.4503
AVGO,Rosenblatt,2024-12-13,Buy,0.4503
AVGO,Morgan Stanley,2024-12-13,Overweight,0.4503
AVGO,Truist Securities,2024-12-13,Buy,0.4503
AVGO,Citigroup,2024-12-13,Buy,0.4503
AVGO,TD Cowen,2024-12-13,Buy,0.4503
AVGO,Benchmark,2024-12-13,Buy,0.4503
AVGO,Jefferies,2024-12-13,Buy,0.4503
AVGO,JP Morgan,2024-12-13,Overweight,0.4503
AVGO,Barclays,2024-12-16,Overweight,0.3195
AVGO,Morgan Stanley,2024-12-20,Overweight,0.5862
AVGO,Mizuho,2025-01-10,Outperform,0.5809
AVGO,Barclays,2025-01-17,Overweight,0.3848
AVGO,Morgan Stanley,2025-01-28,Overweight,0.5950
AVGO,Susquehanna,2025-02-26,Positive,0.5007
AVGO,B of A Securities,2025-03-07,Buy,0.7572
AVGO,Rosenblatt,2025-03-07,Buy,0.7572
AVGO,Benchmark,2025-03-07,Buy,0.7572
AVGO,Keybanc,2025-03-07,Overweight,0.7572
AVGO,Mizuho,2025-03-07,Outperform,0.7572
AVGO,Cantor Fitzgerald,2025-03-07,Overweight,0.7572
AVGO,Truist Securities,2025-03-07,Buy,0.7572
AVGO,Morgan Stanley,2025-03-07,Overweight,0.7572
AVGO,Citigroup,2025-04-11,Buy,1.1805
AVGO,B of A Securities,2025-04-16,Buy,1.2887
AVGO,Barclays,2025-04-22,Overweight,1.4764
AVGO,Rosenblatt,2025-04-23,Buy,1.3897
AVGO,Seaport Global,2025-04-30,Buy,1.1888
AVGO,Redburn Atlantic,2025-05-28,Buy,0.8660
AVGO,Mizuho,2025-05-28,Outperform,0.8660
AVGO,Susquehanna,2025-05-29,Positive,0.9009
AVGO,Oppenheimer,2025-05-30,Outperform,0.9894
AVGO,Citigroup,2025-06-03,Buy,0.6310
AVGO,Benchmark,2025-06-06,Buy,0.5881
AVGO,Rosenblatt,2025-06-06,Buy,0.5881
AVGO,Cantor Fitzgerald,2025-06-06,Overweight,0.5881
AVGO,UBS,2025-06-06,Buy,0.5881
AVGO,Truist Securities,2025-06-06,Buy,0.5881
AVGO,JP Morgan,2025-06-06,Overweight,0.5881
AVGO,Evercore ISI Group,2025-06-06,Outperform,0.5881
AVGO,Morgan Stanley,2025-06-06,Overweight,0.5881
AVGO,B of A Securities,2025-06-06,Buy,0.5881
AVGO,Mizuho,2025-06-06,Outperform,0.5881
AVGO,Susquehanna,2025-06-06,Positive,0.5881
AVGO,Barclays,2025-06-09,Overweight,0.5233
AVGO,Citigroup,2025-06-09,Buy,0.5233
AVGO,Mizuho,2025-07-03,Outperform,0.3474
AVGO,Citigroup,2025-07-07,Buy,0.4176
AVGO,Keybanc,2025-07-08,Overweight,0.4758
AVGO,Goldman Sachs,2025-07-10,Buy,0.3945
AVGO,Oppenheimer,2025-07-15,Outperform,0.3328
AVGO,Mizuho,2025-07-16,Outperform,0.3206
AVGO,Morgan Stanley,2025-07-30,Overweight,0.2864
AVGO,Goldman Sachs,2025-08-13,Buy,0.2714
AVGO,Piper Sandler,2025-08-22,Overweight,0.2134
AVGO,UBS,2025-08-25,Buy,0.2085
AVGO,Oppenheimer,2025-08-28,Outperform,0.1999
AVGO,Morgan Stanley,2025-09-02,Overweight,0.2314
AVGO,Evercore ISI Group,2025-09-04,Outperform,0.1692
AVGO,Deutsche Bank,2025-09-05,Buy,0.1005
AVGO,JP Morgan,2025-09-05,Overweight,0.1005
AVGO,Morgan Stanley,2025-09-05,Overweight,0.1005
AVGO,B of A Securities,2025-09-05,Buy,0.1005
AVGO,Rosenblatt,2025-09-05,Buy,0.1005
AVGO,Benchmark,2025-09-05,Buy,0.1005
AVGO,Piper Sandler,2025-09-05,Overweight,0.1005
AVGO,Keybanc,2025-09-05,Overweight,0.1005
AVGO,Evercore ISI Group,2025-09-05,Outperform,0.1005
AVGO,Barclays,2025-09-05,Overweight,0.1005
AVGO,Mizuho,2025-09-05,Outperform,0.1005
AVGO,Oppenheimer,2025-09-05,Outperform,0.1005
AVGO,Bernstein,2025-09-05,Outperform,0.1005
AVGO,Truist Securities,2025-09-05,Buy,0.1005
AVGO,Citigroup,2025-09-05,Buy,0.1005
AVGO,Argus Research,2025-09-08,Buy,0.0542
AVGO,Mizuho,2025-09-12,Outperform,-0.0572
AVGO,Macquarie,2025-09-15,Outperform,-0.0675
AMD,MKM Partners,2016-11-22,Buy,0.3084
AMD,Loop Capital,2016-12-06,Buy,0.0582
AMD,B of A Securities,2016-12-08,Buy,-0.0387
AMD,BMO Capital,2016-12-12,Outperform,-0.0730
AMD,Mizuho,2016-12-20,Buy,-0.0460
AMD,Baird,2017-07-26,Outperform,0.2432
AMD,Argus Research,2018-02-01,Buy,0.8211
AMD,Stifel,2018-04-05,Buy,1.8922
AMD,Stifel,2018-04-26,Buy,1.5082
AMD,Cowen & Co.,2018-05-17,Outperform,1.0811
AMD,Stifel,2018-06-01,Buy,1.0535
AMD,Stifel,2018-07-16,Buy,1.0265
AMD,Cowen & Co.,2018-07-30,Outperform,0.5680
AMD,Wells Fargo,2018-09-10,Outperform,-0.0043
AMD,Rosenblatt,2018-09-11,Buy,0.0037
AMD,Argus Research,2018-09-14,Buy,-0.0529
AMD,Mizuho,2018-09-18,Buy,-0.0514
AMD,Stifel,2018-09-20,Buy,-0.0173
AMD,RBC Capital,2018-09-24,Outperform,-0.0941
AMD,Nomura,2019-04-03,Buy,0.5331
AMD,B of A Securities,2019-04-08,Buy,0.6670
AMD,Wells Fargo,2019-05-01,Outperform,0.9541
AMD,Mizuho,2019-05-01,Buy,0.9541
AMD,Wedbush,2019-06-27,Outperform,0.6298
AMD,Nomura,2019-07-09,Buy,0.6118
AMD,Wedbush,2019-07-24,Outperform,0.7464
AMD,Loop Capital,2019-10-30,Buy,1.3550
AMD,Nomura,2019-10-30,Buy,1.3550
AMD,Rosenblatt,2019-10-30,Buy,1.3550
AMD,CFRA,2019-10-30,Buy,1.3550
AMD,RBC Capital,2019-11-15,Outperform,1.1714
AMD,Cowen & Co.,2019-11-18,Outperform,1.0903
AMD,Wells Fargo,2019-11-19,Outperform,0.9990
AMD,Wedbush,2019-12-20,Outperform,1.1117
AMD,Nomura,2020-01-02,Buy,0.8678
AMD,Wells Fargo,2020-01-07,Overweight,0.8721
AMD,Mizuho,2020-01-09,Buy,0.9314
AMD,B of A Securities,2020-01-29,Buy,0.8421
AMD,Wedbush,2020-01-29,Outperform,0.8421
AMD,RBC Capital,2020-02-11,Outperform,0.7165
AMD,B of A Securities,2020-03-02,Buy,0.7727
AMD,Piper Sandler,2020-03-03,Overweight,0.7296
AMD,Atlantic Equities,2020-03-06,Overweight,0.5221
AMD,Craig-Hallum,2020-03-06,Buy,0.5221
AMD,Northland Capital Markets,2020-03-13,Outperform,0.8793
AMD,B of A Securities,2020-03-20,Buy,1.0273
AMD,B of A Securities,2020-04-15,Buy,0.5095
AMD,Rosenblatt,2020-04-29,Buy,0.5637
AMD,Piper Sandler,2020-04-29,Overweight,0.5637
AMD,Mizuho,2020-04-29,Buy,0.5637
AMD,Nomura,2020-04-29,Buy,0.5637
AMD,B of A Securities,2020-04-29,Buy,0.5637
AMD,CFRA,2020-04-29,Buy,0.5637
AMD,Argus Research,2020-04-30,Buy,0.5579
AMD,B of A Securities,2020-07-27,Buy,0.3198
AMD,Rosenblatt,2020-07-29,Buy,0.3530
AMD,Susquehanna,2020-07-29,Positive,0.3530
AMD,B of A Securities,2020-07-29,Buy,0.3530
AMD,Piper Sandler,2020-07-29,Overweight,0.3530
AMD,Piper Sandler,2020-08-25,Overweight,0.2542
AMD,Susquehanna,2020-10-26,Positive,0.4950
AMD,Barclays,2020-10-28,Overweight,0.5859
AMD,Craig-Hallum,2020-10-28,Buy,0.5859
AMD,Goldman Sachs,2020-11-04,Buy,0.6902
AMD,Wells Fargo,2020-11-06,Overweight,0.7485
AMD,Cowen & Co.,2021-01-14,Outperform,0.4621
AMD,RBC Capital,2021-01-25,Outperform,0.2380
AMD,Rosenblatt,2021-01-27,Buy,0.2462
AMD,Loop Capital,2021-01-27,Buy,0.2462
AMD,Mizuho,2021-01-27,Buy,0.2462
AMD,Northland Capital Markets,2021-03-25,Outperform,0.5813
AMD,Raymond James,2021-04-15,Outperform,0.1774
AMD,Raymond James,2021-04-28,Outperform,0.0106
AMD,Mizuho,2021-04-28,Buy,0.0106
AMD,Rosenblatt,2021-07-28,Buy,-0.0639
AMD,Susquehanna,2021-07-28,Positive,-0.0639
AMD,Benchmark,2021-07-28,Buy,-0.0639
AMD,Piper Sandler,2021-09-23,Overweight,-0.3598
AMD,Raymond James,2021-10-27,Outperform,-0.5208
AMD,Rosenblatt,2021-10-27,Buy,-0.5208
AMD,Mizuho,2021-10-27,Buy,-0.5208
AMD,Barclays,2021-10-27,Overweight,-0.5208
AMD,Keybanc,2022-01-11,Overweight,-0.4844
AMD,Barclays,2022-01-12,Overweight,-0.4835
AMD,Keybanc,2022-02-02,Overweight,-0.2987
AMD,Rosenblatt,2022-02-02,Buy,-0.2987
AMD,Raymond James,2022-02-02,Outperform,-0.2987
AMD,Mizuho,2022-02-02,Buy,-0.2987
AMD,Daiwa Capital,2022-02-09,Buy,-0.3867
AMD,Bernstein,2022-02-22,Outperform,-0.3104
AMD,Wells Fargo,2022-04-22,Overweight,-0.0492
AMD,Raymond James,2022-04-25,Strong Buy,-0.0524
AMD,Keybanc,2022-05-04,Overweight,-0.0964
AMD,Jefferies,2022-05-04,Buy,-0.0964
AMD,Benchmark,2022-05-04,Buy,-0.0964
AMD,Mizuho,2022-05-04,Buy,-0.0964
AMD,Piper Sandler,2022-05-17,Overweight,0.0533
AMD,Benchmark,2022-06-10,Buy,0.3133
AMD,B of A Securities,2022-06-29,Buy,0.4606
AMD,Northland Capital Markets,2022-06-30,Outperform,0.5146
AMD,Keybanc,2022-07-12,Overweight,0.5181
AMD,Cowen & Co.,2022-07-12,Outperform,0.5181
AMD,Susquehanna,2022-07-13,Positive,0.4956
AMD,BMO Capital,2022-07-14,Outperform,0.5053
AMD,Wells Fargo,2022-07-19,Overweight,0.2838
AMD,Morgan Stanley,2022-08-02,Overweight,0.1396
AMD,Raymond James,2022-08-03,Strong Buy,0.1808
AMD,Mizuho,2022-08-03,Buy,0.1808
AMD,Morgan Stanley,2022-08-03,Overweight,0.1808
AMD,Northland Capital Markets,2022-08-03,Outperform,0.1808
AMD,B of A Securities,2022-08-03,Buy,0.1808
AMD,KGI Securities,2022-08-03,Outperform,0.1808
AMD,Goldman Sachs,2022-08-04,Buy,0.1241
AMD,Stifel,2022-09-08,Buy,0.2723
AMD,Mizuho,2022-09-15,Buy,0.3354
AMD,B of A Securities,2022-09-22,Buy,0.4012
AMD,Morgan Stanley,2022-09-23,Overweight,0.4120
AMD,Goldman Sachs,2022-10-04,Buy,0.5156
AMD,Wells Fargo,2022-10-05,Overweight,0.5785
AMD,Keybanc,2022-10-07,Overweight,0.8653
AMD,Piper Sandler,2022-10-07,Overweight,0.8653
AMD,Raymond James,2022-10-07,Strong Buy,0.8653
AMD,Morgan Stanley,2022-10-07,Overweight,0.8653
AMD,Benchmark,2022-10-07,Buy,0.8653
AMD,Wells Fargo,2022-10-07,Overweight,0.8653
AMD,Mizuho,2022-10-07,Buy,0.8653
AMD,Stifel,2022-10-07,Buy,0.8653
AMD,B of A Securities,2022-10-07,Buy,0.8653
AMD,Craig-Hallum,2022-10-07,Buy,0.8653
AMD,Cowen & Co.,2022-10-10,Outperform,0.8736
AMD,Northland Capital Markets,2022-10-10,Outperform,0.8736
AMD,Morgan Stanley,2022-10-31,Overweight,0.7989
AMD,B of A Securities,2022-11-01,Buy,0.8074
AMD,Keybanc,2022-11-02,Overweight,0.9145
AMD,Raymond James,2022-11-02,Strong Buy,0.9145
AMD,Mizuho,2022-11-02,Buy,0.9145
AMD,Stifel,2022-11-02,Buy,0.9145
AMD,Goldman Sachs,2022-11-03,Buy,0.8591
AMD,Baird,2022-11-14,Outperform,0.6048
AMD,UBS,2022-11-14,Buy,0.6048
AMD,Keybanc,2023-01-11,Overweight,1.1222
AMD,Barclays,2023-01-23,Overweight,1.3297
AMD,Susquehanna,2023-01-30,Positive,1.3146
AMD,Keybanc,2023-02-01,Overweight,1.0990
AMD,Barclays,2023-02-01,Overweight,1.0990
AMD,Mizuho,2023-02-01,Buy,1.0990
AMD,Morgan Stanley,2023-02-01,Overweight,1.0990
AMD,Credit Suisse,2023-02-01,Outperform,1.0990
AMD,B of A Securities,2023-02-01,Buy,1.0990
AMD,Benchmark,2023-02-14,Buy,1.0565
AMD,Raymond James,2023-03-20,Strong Buy,0.8565
AMD,Wells Fargo,2023-03-30,Overweight,0.8257
AMD,Piper Sandler,2023-04-10,Overweight,0.7505
AMD,Keybanc,2023-04-11,Overweight,0.8133
AMD,Susquehanna,2023-04-24,Positive,0.7328
AMD,Stifel,2023-04-25,Buy,0.8348
AMD,Morgan Stanley,2023-05-01,Overweight,0.6085
AMD,Rosenblatt,2023-05-01,Buy,0.6085
AMD,Raymond James,2023-05-03,Strong Buy,0.8451
AMD,Rosenblatt,2023-05-03,Buy,0.8451
AMD,TD Cowen,2023-05-03,Outperform,0.8451
AMD,Susquehanna,2023-05-03,Positive,0.8451
AMD,Benchmark,2023-05-03,Buy,0.8451
AMD,Craig-Hallum,2023-05-03,Buy,0.8451
AMD,Wedbush,2023-05-03,Outperform,0.8451
AMD,Morgan Stanley,2023-05-03,Overweight,0.8451
AMD,Goldman Sachs,2023-05-03,Buy,0.8451
AMD,Piper Sandler,2023-06-06,Overweight,0.3425
AMD,Keybanc,2023-06-12,Overweight,0.2403
AMD,Rosenblatt,2023-06-12,Buy,0.2403
AMD,Wedbush,2023-06-12,Outperform,0.2403
AMD,Raymond James,2023-06-14,Strong Buy,0.2537
AMD,Wedbush,2023-06-14,Outperform,0.2537
AMD,Barclays,2023-06-14,Overweight,0.2537
AMD,Mizuho,2023-06-14,Buy,0.2537
AMD,Wells Fargo,2023-06-14,Overweight,0.2537
AMD,Jefferies,2023-06-14,Buy,0.2537
AMD,Susquehanna,2023-06-14,Positive,0.2537
AMD,Craig-Hallum,2023-06-14,Buy,0.2537
AMD,BMO Capital,2023-06-14,Outperform,0.2537
AMD,Goldman Sachs,2023-06-15,Buy,0.2750
AMD,Morgan Stanley,2023-06-16,Overweight,0.2877
AMD,Mizuho,2023-06-22,Buy,0.4476
AMD,Northland Capital Markets,2023-07-05,Outperform,0.5086
AMD,Keybanc,2023-07-11,Overweight,0.6344
AMD,TD Cowen,2023-07-12,Outperform,0.5850
AMD,Wolfe Research,2023-07-20,Outperform,0.4138
AMD,Rosenblatt,2023-07-27,Buy,0.2579
AMD,Citigroup,2023-08-02,Buy,0.2117
AMD,Rosenblatt,2023-08-02,Buy,0.2117
AMD,Susquehanna,2023-08-02,Positive,0.2117
AMD,Wedbush,2023-08-02,Outperform,0.2117
AMD,Benchmark,2023-08-03,Buy,0.1915
AMD,Keybanc,2023-11-01,Overweight,0.3130
AMD,Raymond James,2023-11-01,Strong Buy,0.3130
AMD,Morgan Stanley,2023-11-01,Overweight,0.3130
AMD,Wedbush,2023-11-01,Outperform,0.3130
AMD,Barclays,2023-11-01,Overweight,0.3130
AMD,Mizuho,2023-11-01,Buy,0.3130
AMD,UBS,2023-11-02,Buy,0.3049
AMD,Roth MKM,2023-11-14,Buy,0.1582
AMD,Raymond James,2023-12-07,Strong Buy,0.0195
AMD,Stifel,2023-12-07,Buy,0.0195
AMD,Rosenblatt,2023-12-07,Outperform,0.0195
AMD,B of A Securities,2023-12-15,Buy,-0.1015
AMD,Goldman Sachs,2023-12-18,Buy,-0.1259
AMD,Keybanc,2024-01-04,Overweight,-0.0475
AMD,Mizuho,2024-01-05,Buy,-0.0812
AMD,Melius Research,2024-01-08,Buy,-0.1665
AMD,Keybanc,2024-01-16,Overweight,-0.2539
AMD,Barclays,2024-01-16,Overweight,-0.2539
AMD,Raymond James,2024-01-19,Strong Buy,-0.2897
AMD,Cantor Fitzgerald,2024-01-23,Overweight,-0.2706
AMD,New Street Research,2024-01-24,Buy,-0.3549
AMD,UBS,2024-01-25,Buy,-0.3669
AMD,Susquehanna,2024-01-29,Positive,-0.3316
AMD,B of A Securities,2024-01-29,Buy,-0.3316
AMD,Morgan Stanley,2024-01-29,Overweight,-0.3316
AMD,Cantor Fitzgerald,2024-01-29,Overweight,-0.3316
AMD,Raymond James,2024-01-30,Outperform,-0.3261
AMD,Rosenblatt,2024-01-30,Buy,-0.3261
AMD,Keybanc,2024-01-31,Overweight,-0.3186
AMD,Citigroup,2024-01-31,Buy,-0.3186
AMD,Rosenblatt,2024-01-31,Buy,-0.3186
AMD,Susquehanna,2024-01-31,Positive,-0.3186
AMD,Raymond James,2024-01-31,Outperform,-0.3186
AMD,Wedbush,2024-01-31,Outperform,-0.3186
AMD,Northland Capital Markets,2024-01-31,Outperform,-0.3186
AMD,Wells Fargo,2024-01-31,Overweight,-0.3186
AMD,Roth MKM,2024-01-31,Buy,-0.3186
AMD,Cantor Fitzgerald,2024-01-31,Overweight,-0.3186
AMD,Goldman Sachs,2024-02-01,Buy,-0.2990
AMD,Cantor Fitzgerald,2024-02-12,Overweight,-0.3496
AMD,Mizuho,2024-02-13,Buy,-0.3407
AMD,Cantor Fitzgerald,2024-02-20,Overweight,-0.3310
AMD,Barclays,2024-03-04,Overweight,-0.5187
AMD,Cantor Fitzgerald,2024-03-04,Overweight,-0.5187
AMD,Mizuho,2024-03-07,Buy,-0.5422
AMD,Melius Research,2024-03-08,Buy,-0.5140
AMD,Cantor Fitzgerald,2024-03-11,Overweight,-0.5055
AMD,Susquehanna,2024-04-04,Positive,-0.4956
AMD,HSBC,2024-04-16,Buy,-0.4647
AMD,Evercore ISI Group,2024-04-16,Outperform,-0.4647
AMD,Wedbush,2024-04-17,Outperform,-0.4445
AMD,TD Cowen,2024-04-18,Buy,-0.4438
AMD,Susquehanna,2024-04-29,Positive,-0.3967
AMD,Morgan Stanley,2024-04-29,Overweight,-0.3967
AMD,Rosenblatt,2024-05-01,Buy,-0.3028
AMD,Wedbush,2024-05-01,Outperform,-0.3028
AMD,Piper Sandler,2024-05-01,Overweight,-0.3028
AMD,Mizuho,2024-05-01,Buy,-0.3028
AMD,Cantor Fitzgerald,2024-05-01,Overweight,-0.3028
AMD,Keybanc,2024-05-01,Overweight,-0.3028
AMD,Evercore ISI Group,2024-05-01,Outperform,-0.3028
AMD,UBS,2024-05-01,Buy,-0.3028
AMD,Roth MKM,2024-05-01,Buy,-0.3028
AMD,Citigroup,2024-05-01,Buy,-0.3028
AMD,Benchmark,2024-05-02,Buy,-0.3253
AMD,Jefferies,2024-05-13,Buy,-0.2363
AMD,Susquehanna,2024-06-10,Positive,-0.2609
AMD,Keybanc,2024-07-09,Overweight,-0.1732
AMD,Wells Fargo,2024-07-11,Overweight,-0.1447
AMD,Citigroup,2024-07-15,Buy,-0.1080
AMD,TD Cowen,2024-07-15,Buy,-0.1080
AMD,Cantor Fitzgerald,2024-07-16,Overweight,-0.1158
AMD,Susquehanna,2024-07-25,Positive,0.2828
AMD,Barclays,2024-07-29,Overweight,0.2616
AMD,Baird,2024-07-31,Outperform,0.2236
AMD,Rosenblatt,2024-07-31,Buy,0.2236
AMD,Cantor Fitzgerald,2024-07-31,Overweight,0.2236
AMD,Wedbush,2024-07-31,Outperform,0.2236
AMD,B of A Securities,2024-07-31,Buy,0.2236
AMD,Susquehanna,2024-07-31,Positive,0.2236
AMD,Edward Jones,2024-08-20,Buy,0.0726
AMD,B of A Securities,2024-10-03,Buy,0.2988
AMD,Cantor Fitzgerald,2024-10-07,Overweight,0.3622
AMD,Cantor Fitzgerald,2024-10-08,Overweight,0.2436
AMD,Piper Sandler,2024-10-11,Overweight,0.4212
AMD,Cantor Fitzgerald,2024-10-11,Overweight,0.4212
AMD,Roth MKM,2024-10-11,Buy,0.4212
AMD,Citigroup,2024-10-11,Buy,0.4212
AMD,Rosenblatt,2024-10-28,Buy,0.5935
AMD,Baird,2024-10-30,Outperform,0.7473
AMD,UBS,2024-10-30,Buy,0.7473
AMD,Evercore ISI Group,2024-10-30,Outperform,0.7473
AMD,Barclays,2024-10-30,Overweight,0.7473
AMD,Piper Sandler,2024-10-30,Overweight,0.7473
AMD,Cantor Fitzgerald,2024-10-30,Overweight,0.7473
AMD,Mizuho,2024-10-30,Outperform,0.7473
AMD,TD Cowen,2024-10-30,Buy,0.7473
AMD,Citigroup,2024-10-30,Buy,0.7473
AMD,Benchmark,2024-10-31,Buy,0.7356
AMD,Mizuho,2024-12-05,Outperform,0.5678
AMD,Mizuho,2025-01-10,Outperform,0.9043
AMD,Wells Fargo,2025-01-13,Overweight,0.9059
AMD,Loop Capital,2025-01-14,Buy,0.9633
AMD,Keybanc,2025-01-14,Overweight,0.9633
AMD,Barclays,2025-01-17,Overweight,1.0566
AMD,Citigroup,2025-01-21,Buy,1.0750
AMD,Wedbush,2025-01-27,Outperform,1.1975
AMD,Susquehanna,2025-01-29,Positive,1.0173
AMD,Rosenblatt,2025-02-04,Buy,0.6109
AMD,Keybanc,2025-02-05,Overweight,0.8609
AMD,Benchmark,2025-02-05,Buy,0.8609
AMD,Wells Fargo,2025-02-05,Overweight,0.8609
AMD,Piper Sandler,2025-02-05,Overweight,0.8609
AMD,Susquehanna,2025-02-05,Positive,0.8609
AMD,Stifel,2025-02-05,Buy,0.8609
AMD,Mizuho,2025-02-05,Outperform,0.8609
AMD,Argus Research,2025-02-06,Buy,0.9608
AMD,UBS,2025-02-06,Buy,0.9608
AMD,Daiwa Capital,2025-02-14,Outperform,0.7694
AMD,Benchmark,2025-02-18,Buy,0.7796
AMD,Mizuho,2025-03-14,Outperform,0.9442
AMD,Evercore ISI Group,2025-04-17,Outperform,2.2513
AMD,Wells Fargo,2025-04-17,Overweight,2.2513
AMD,UBS,2025-04-17,Buy,2.2513
AMD,Barclays,2025-04-22,Overweight,2.5396
AMD,Wedbush,2025-04-23,Outperform,2.8479
AMD,Susquehanna,2025-04-24,Positive,2.5422
AMD,Cantor Fitzgerald,2025-04-28,Overweight,2.4974
AMD,Stifel,2025-04-28,Buy,2.4974
AMD,Seaport Global,2025-04-30,Buy,2.7035
AMD,B of A Securities,2025-05-07,Buy,3.5356
AMD,Mizuho,2025-05-07,Outperform,3.5356
AMD,Rosenblatt,2025-05-07,Buy,3.5356
AMD,Loop Capital,2025-05-07,Buy,3.5356
AMD,Cantor Fitzgerald,2025-05-07,Overweight,3.5356
AMD,Piper Sandler,2025-05-07,Overweight,3.5356
AMD,UBS,2025-05-07,Buy,3.5356
AMD,Raymond James,2025-05-07,Outperform,3.5356
AMD,Wedbush,2025-05-07,Outperform,3.5356
AMD,Baird,2025-05-07,Outperform,3.5356
AMD,B of A Securities,2025-05-14,Buy,2.6026
AMD,Barclays,2025-05-16,Overweight,2.5338
AMD,Mizuho,2025-05-19,Outperform,2.9008
AMD,Rosenblatt,2025-06-13,Buy,3.3672
AMD,Benchmark,2025-06-13,Buy,3.3672
AMD,Evercore ISI Group,2025-06-13,Outperform,3.3672
AMD,Roth Capital,2025-06-13,Buy,3.3672
AMD,Stifel,2025-06-13,Buy,3.3672
AMD,Piper Sandler,2025-06-16,Overweight,3.0548
AMD,Melius Research,2025-06-23,Buy,3.0110
AMD,Melius Research,2025-06-24,Buy,2.8472
AMD,Mizuho,2025-07-03,Outperform,2.7424
AMD,HSBC,2025-07-10,Buy,2.7069
AMD,B of A Securities,2025-07-15,Buy,2.2192
AMD,Mizuho,2025-07-16,Outperform,2.0970
AMD,Wells Fargo,2025-07-16,Overweight,2.0970
AMD,UBS,2025-07-28,Buy,1.4736
AMD,B of A Securities,2025-07-29,Buy,1.7355
AMD,Susquehanna,2025-07-30,Positive,1.6525
AMD,Mizuho,2025-08-06,Outperform,1.9632
AMD,Raymond James,2025-08-06,Outperform,1.9632
AMD,Stifel,2025-08-06,Buy,1.9632
AMD,Benchmark,2025-08-06,Buy,1.9632
AMD,Evercore ISI Group,2025-08-06,Outperform,1.9632
AMD,Cantor Fitzgerald,2025-08-06,Overweight,1.9632
AMD,Piper Sandler,2025-08-06,Overweight,1.9632
AMD,Wedbush,2025-08-06,Outperform,1.9632
AMD,Barclays,2025-08-06,Overweight,1.9632
AMD,Mizuho,2025-08-14,Outperform,1.7964
AMD,Truist Securities,2025-08-26,Buy,1.8608
AMD,HSBC,2025-09-09,Buy,2.2319
JPM,Jefferies,2016-10-10,Buy,0.4151
JPM,Deutsche Bank,2016-11-30,Buy,0.3037
JPM,UBS,2017-01-11,Buy,0.2729
JPM,Guggenheim,2017-04-25,Buy,0.2462
JPM,Credit Suisse,2017-07-17,Outperform,0.2091
JPM,Morgan Stanley,2017-10-13,Overweight,0.1093
JPM,B of A Securities,2017-10-13,Buy,0.1093
JPM,Barclays,2017-10-13,Overweight,0.1093
JPM,Buckingham Research,2017-12-21,Buy,-0.1455
JPM,Morgan Stanley,2018-02-02,Overweight,-0.0918
JPM,"Keefe, Bruyette & Woods",2018-02-13,Outperform,-0.0890
JPM,Morgan Stanley,2018-02-21,Overweight,-0.0885
JPM,Credit Suisse,2018-03-19,Outperform,-0.0874
JPM,Morgan Stanley,2018-04-30,Overweight,0.0587
JPM,DZ Bank,2018-07-19,Buy,0.0399
JPM,B of A Securities,2018-09-17,Buy,0.0520
JPM,Credit Suisse,2018-12-07,Outperform,0.3013
JPM,Morgan Stanley,2019-01-08,Overweight,0.3616
JPM,Wells Fargo,2019-02-14,Outperform,0.3421
JPM,Credit Suisse,2019-04-15,Outperform,-0.1742
JPM,Morgan Stanley,2019-04-15,Overweight,-0.1742
JPM,UBS,2019-10-03,Buy,-0.1275
JPM,Morgan Stanley,2019-10-16,Overweight,-0.1501
JPM,UBS,2019-10-16,Buy,-0.1501
JPM,Morgan Stanley,2019-10-29,Overweight,-0.2364
JPM,Morgan Stanley,2019-11-18,Overweight,-0.1111
JPM,Credit Suisse,2019-11-26,Outperform,-0.0732
JPM,Wells Fargo,2019-12-20,Overweight,-0.0998
JPM,Morgan Stanley,2020-01-15,Overweight,0.0325
JPM,Credit Suisse,2020-01-15,Outperform,0.0325
JPM,B of A Securities,2020-01-15,Buy,0.0325
JPM,Credit Suisse,2020-01-16,Outperform,0.0101
JPM,Odeon Capital,2020-02-03,Buy,0.0018
JPM,Piper Sandler,2020-03-02,Overweight,0.2344
JPM,Morgan Stanley,2020-03-02,Overweight,0.2344
JPM,Morgan Stanley,2020-03-09,Overweight,0.6249
JPM,DZ Bank,2020-03-20,Buy,0.8080
JPM,Morgan Stanley,2020-03-27,Overweight,0.6754
JPM,Wells Fargo,2020-04-01,Overweight,0.8221
JPM,Piper Sandler,2020-04-03,Overweight,0.8149
JPM,Wells Fargo,2020-04-06,Overweight,0.7318
JPM,Morgan Stanley,2020-04-15,Overweight,0.6761
JPM,Morgan Stanley,2020-06-25,Overweight,0.5726
JPM,Seaport Global,2020-07-08,Buy,0.6178
JPM,DA Davidson,2020-07-09,Buy,0.7065
JPM,Wolfe Research,2020-07-09,Outperform,0.7065
JPM,Atlantic Equities,2020-07-22,Overweight,0.5293
JPM,Deutsche Bank,2020-09-03,Buy,0.5740
JPM,RBC Capital,2020-09-17,Outperform,0.5998
JPM,Independent Research,2020-09-29,Buy,0.7404
JPM,Credit Suisse,2020-10-14,Outperform,0.6311
JPM,Jefferies,2021-01-07,Buy,0.2182
JPM,B of A Securities,2021-01-07,Buy,0.2182
JPM,Credit Suisse,2021-01-19,Outperform,0.0958
JPM,Wells Fargo,2021-03-15,Overweight,-0.1622
JPM,Credit Suisse,2021-03-22,Outperform,-0.0750
JPM,Deutsche Bank,2021-04-01,Buy,-0.1131
JPM,Jefferies,2021-04-09,Buy,-0.1612
JPM,RBC Capital,2021-04-15,Outperform,-0.1634
JPM,Piper Sandler,2021-04-15,Overweight,-0.1634
JPM,DA Davidson,2021-04-15,Buy,-0.1634
JPM,Wells Fargo,2021-04-30,Overweight,-0.2240
JPM,Wells Fargo,2021-06-08,Overweight,-0.2117
JPM,Jefferies,2021-10-11,Buy,-0.3881
JPM,RBC Capital,2021-10-14,Outperform,-0.3198
JPM,Barclays,2021-10-15,Overweight,-0.3046
JPM,Wells Fargo,2021-10-25,Overweight,-0.2822
JPM,Barclays,2022-01-03,Overweight,-0.1566
JPM,Seaport Global,2022-01-05,Buy,-0.1578
JPM,Piper Sandler,2022-04-05,Overweight,-0.0440
JPM,Piper Sandler,2022-04-14,Overweight,0.1212
JPM,RBC Capital,2022-04-14,Outperform,0.1212
JPM,Goldman Sachs,2022-04-14,Buy,0.1212
JPM,Oppenheimer,2022-05-03,Outperform,0.0901
JPM,Piper Sandler,2022-07-01,Overweight,0.2682
JPM,Citigroup,2022-07-12,Buy,0.3178
JPM,Barclays,2022-07-15,Overweight,0.3604
JPM,Credit Suisse,2022-07-15,Outperform,0.3604
JPM,UBS,2022-07-15,Buy,0.3604
JPM,RBC Capital,2022-07-15,Outperform,0.3604
JPM,Oppenheimer,2022-07-15,Outperform,0.3604
JPM,Deutsche Bank,2022-09-12,Buy,0.2142
JPM,Goldman Sachs,2022-10-04,Buy,0.2672
JPM,Morgan Stanley,2022-12-06,Overweight,0.1915
JPM,Piper Sandler,2022-12-08,Overweight,0.1973
JPM,Citigroup,2022-12-12,Buy,0.2001
JPM,Oppenheimer,2022-12-28,Outperform,0.2842
JPM,Barclays,2023-01-03,Overweight,0.2686
JPM,Piper Sandler,2023-01-17,Overweight,0.1891
JPM,Morgan Stanley,2023-01-17,Overweight,0.1891
JPM,Oppenheimer,2023-01-17,Outperform,0.1891
JPM,Oppenheimer,2023-02-02,Outperform,0.2559
JPM,Morgan Stanley,2023-02-24,Overweight,0.3017
JPM,Wells Fargo,2023-03-13,Overweight,0.4581
JPM,Oppenheimer,2023-03-23,Outperform,0.5360
JPM,RBC Capital,2023-03-24,Outperform,0.5670
JPM,Morgan Stanley,2023-04-05,Overweight,0.5554
JPM,Evercore ISI Group,2023-04-05,Outperform,0.5554
JPM,Barclays,2023-04-12,Overweight,0.4225
JPM,Piper Sandler,2023-04-17,Overweight,0.2878
JPM,Wells Fargo,2023-04-17,Overweight,0.2878
JPM,B of A Securities,2023-04-17,Buy,0.2878
JPM,Morgan Stanley,2023-04-17,Overweight,0.2878
JPM,Credit Suisse,2023-05-02,Outperform,0.3796
JPM,Oppenheimer,2023-05-02,Outperform,0.3796
JPM,RBC Capital,2023-05-02,Outperform,0.3796
JPM,Evercore ISI Group,2023-05-12,Outperform,0.5027
JPM,Morgan Stanley,2023-05-23,Overweight,0.4417
JPM,Citigroup,2023-06-15,Buy,0.3626
JPM,Morgan Stanley,2023-06-20,Overweight,0.3939
JPM,Citigroup,2023-06-26,Buy,0.4184
JPM,Wolfe Research,2023-07-07,Outperform,0.4385
JPM,Morgan Stanley,2023-07-07,Overweight,0.4385
JPM,Jefferies,2023-07-11,Buy,0.4072
JPM,Credit Suisse,2023-07-17,Outperform,0.4139
JPM,Oppenheimer,2023-07-17,Outperform,0.4139
JPM,Piper Sandler,2023-07-17,Overweight,0.4139
JPM,Morgan Stanley,2023-07-18,Overweight,0.3665
JPM,Oppenheimer,2023-08-18,Outperform,0.4400
JPM,RBC Capital,2023-09-08,Outperform,0.4292
JPM,Morgan Stanley,2023-09-12,Overweight,0.4118
JPM,RBC Capital,2023-09-12,Outperform,0.4118
JPM,Oppenheimer,2023-09-26,Outperform,0.4475
JPM,Morgan Stanley,2023-10-03,Overweight,0.4381
JPM,Morgan Stanley,2023-10-16,Overweight,0.5126
JPM,Oppenheimer,2023-10-16,Outperform,0.5126
JPM,Piper Sandler,2023-10-16,Overweight,0.5126
JPM,Oppenheimer,2023-11-16,Outperform,0.6179
JPM,Daiwa Capital,2023-12-18,Buy,0.3859
JPM,Barclays,2024-01-02,Overweight,0.3947
JPM,B of A Securities,2024-01-04,Buy,0.4051
JPM,Deutsche Bank,2024-01-09,Buy,0.4055
JPM,Piper Sandler,2024-01-16,Overweight,0.5136
JPM,Oppenheimer,2024-01-16,Outperform,0.5136
JPM,Morgan Stanley,2024-01-30,Overweight,0.5164
JPM,Oppenheimer,2024-01-30,Outperform,0.5164
JPM,Goldman Sachs,2024-02-01,Buy,0.5423
JPM,Piper Sandler,2024-03-08,Overweight,0.2108
JPM,RBC Capital,2024-03-13,Outperform,0.2223
JPM,Oppenheimer,2024-03-19,Outperform,0.2469
JPM,Wells Fargo,2024-03-20,Overweight,0.2635
JPM,RBC Capital,2024-03-20,Outperform,0.2635
JPM,Evercore ISI Group,2024-04-04,Outperform,0.0960
JPM,Jefferies,2024-04-08,Buy,0.1807
JPM,Oppenheimer,2024-04-15,Outperform,0.2555
JPM,Piper Sandler,2024-04-15,Overweight,0.2555
JPM,Morgan Stanley,2024-04-15,Overweight,0.2555
JPM,UBS,2024-04-16,Buy,0.2830
JPM,Piper Sandler,2024-05-21,Overweight,0.3067
JPM,RBC Capital,2024-05-21,Outperform,0.3067
JPM,Morgan Stanley,2024-05-21,Overweight,0.3067
JPM,UBS,2024-05-21,Buy,0.3067
JPM,Evercore ISI Group,2024-07-03,Outperform,0.3550
JPM,Jefferies,2024-07-03,Buy,0.3550
JPM,Piper Sandler,2024-07-15,Overweight,0.3801
JPM,Morgan Stanley,2024-07-15,Overweight,0.3801
JPM,Oppenheimer,2024-07-15,Outperform,0.3801
JPM,Barclays,2024-07-15,Overweight,0.3801
JPM,Wells Fargo,2024-07-15,Overweight,0.3801
JPM,Evercore ISI Group,2024-07-15,Outperform,0.3801
JPM,Morgan Stanley,2024-07-30,Overweight,0.3447
JPM,Morgan Stanley,2024-09-12,Overweight,0.4966
JPM,Oppenheimer,2024-10-02,Outperform,0.4915
JPM,Evercore ISI Group,2024-10-14,Outperform,0.3479
JPM,RBC Capital,2024-10-14,Outperform,0.3479
JPM,Barclays,2024-10-14,Overweight,0.3479
JPM,Oppenheimer,2024-10-14,Outperform,0.3479
JPM,Oppenheimer,2024-11-05,Outperform,0.4186
JPM,Wells Fargo,2024-11-15,Overweight,0.2363
JPM,Piper Sandler,2024-12-03,Overweight,0.2868
JPM,Barclays,2025-01-06,Overweight,0.3693
JPM,B of A Securities,2025-01-07,Buy,0.3537
JPM,Barclays,2025-01-16,Overweight,0.1906
JPM,UBS,2025-01-16,Buy,0.1906
JPM,Evercore ISI Group,2025-04-01,Outperform,0.2091
JPM,B of A Securities,2025-04-02,Buy,0.2019
JPM,UBS,2025-04-17,Buy,0.3494
JPM,RBC Capital,2025-05-20,Outperform,0.1405
JPM,Piper Sandler,2025-05-20,Overweight,0.1405
JPM,TD Securities,2025-05-20,Buy,0.1405
JPM,Wells Fargo,2025-06-10,Overweight,0.1671
JPM,B of A Securities,2025-06-18,Buy,0.2100
JPM,Evercore ISI Group,2025-07-02,Outperform,0.1566
JPM,Piper Sandler,2025-07-15,Overweight,0.1975
JPM,B of A Securities,2025-07-16,Buy,0.1934
JPM,"Keefe, Bruyette & Woods",2025-07-16,Outperform,0.1934
JPM,Wells Fargo,2025-07-16,Overweight,0.1934
JPM,Wells Fargo,2025-09-16,Overweight,0.1298
