ticker,firm,date,price_at_call,target,price_at_horizon,bullish,hit,abs_err_pct
NVDA,Nomura,2017-08-11,3.8990,2.7500,6.4030,False,False,132.8364
NVDA,Citigroup,2017-08-11,3.8990,4.6250,6.4030,True,True,38.4432
NVDA,Canaccord Genuity,2017-08-14,4.2100,4.7500,6.5357,True,True,37.5947
NVDA,B of A Securities,2017-09-18,4.6887,5.2500,6.7755,True,True,29.0571
NVDA,Barclays,2017-10-04,4.5217,5.0000,6.9823,True,True,39.6450
NVDA,Deutsche Bank,2017-11-08,5.2290,4.7500,5.1498,False,False,8.4158
NVDA,Morgan Stanley,2017-11-10,5.4035,5.5500,4.7385,True,False,14.6216
NVDA,Loop Capital,2017-11-10,5.4035,5.8750,4.7385,True,False,19.3447
NVDA,BMO Capital,2017-11-10,5.4035,3.3750,4.7385,False,False,40.4000
NVDA,B of A Securities,2017-11-10,5.4035,6.2750,4.7385,True,False,24.4861
NVDA,Barclays,2017-11-10,5.4035,5.6250,4.7385,True,False,15.7600
NVDA,Canaccord Genuity,2017-11-17,5.2840,6.2500,3.6175,True,False,42.1200
NVDA,Citigroup,2018-02-09,5.8020,6.7500,3.7792,True,False,44.0111
NVDA,Deutsche Bank,2018-02-09,5.8020,5.7500,3.7792,False,True,34.2739
NVDA,Morgan Stanley,2018-02-09,5.8020,6.4500,3.7792,True,False,41.4070
NVDA,B. Riley Securities,2018-02-09,5.8020,7.2500,3.7792,True,False,47.8724
NVDA,BMO Capital,2018-02-09,5.8020,5.6250,3.7792,False,True,32.8133
NVDA,UBS,2018-04-05,5.5345,6.2500,4.7737,True,False,23.6200
NVDA,Morgan Stanley,2018-04-09,5.3853,6.4500,4.7315,True,False,26.6434
NVDA,Deutsche Bank,2018-05-08,6.2600,6.0000,4.2547,False,True,29.0875
NVDA,Barclays,2018-05-11,6.3632,7.5000,4.0510,True,False,45.9867
NVDA,B. Riley Securities,2018-05-11,6.3632,7.5000,4.0510,True,False,45.9867
NVDA,UBS,2018-05-11,6.3632,6.6500,4.0510,True,False,39.0827
NVDA,Cowen & Co.,2018-05-17,6.1927,8.1250,3.7938,True,False,53.3077
NVDA,Benchmark,2018-06-26,6.0497,7.0000,4.0807,True,False,41.7036
NVDA,FBN Securities,2018-06-26,6.0497,7.5000,4.0807,True,False,45.5900
NVDA,Wells Fargo,2018-08-15,6.4770,7.8750,3.9890,True,False,49.3460
NVDA,Stifel,2018-08-17,6.1205,6.2500,4.1968,True,False,32.8520
NVDA,JP Morgan,2018-10-30,5.0750,6.3750,5.0255,True,False,21.1686
NVDA,Morgan Stanley,2018-11-08,5.1498,6.5000,5.2045,True,False,19.9308
NVDA,Citigroup,2018-11-12,4.7385,6.7500,5.2143,True,False,22.7519
NVDA,B. Riley Securities,2018-11-13,4.9827,6.0000,5.2448,True,False,12.5875
NVDA,B. Riley Securities,2018-11-16,4.1108,4.7500,5.1997,True,True,9.4684
NVDA,Goldman Sachs,2018-11-16,4.1108,5.0000,5.1997,True,True,3.9950
NVDA,Deutsche Bank,2018-11-16,4.1108,4.7500,5.1997,True,True,9.4684
NVDA,Mizuho,2018-11-16,4.1108,6.1250,5.1997,True,False,15.1061
NVDA,Barclays,2018-11-16,4.1108,6.2500,5.1997,True,False,16.8040
NVDA,Wells Fargo,2018-11-16,4.1108,5.8750,5.1997,True,False,11.4936
NVDA,Nomura,2018-11-16,4.1108,5.0000,5.1997,True,True,3.9950
NVDA,BMO Capital,2018-11-16,4.1108,4.3750,5.1997,True,True,18.8514
NVDA,Raymond James,2018-11-16,4.1108,6.2500,5.1997,True,False,16.8040
NVDA,Jefferies,2018-11-16,4.1108,6.1500,5.1997,True,False,15.4512
NVDA,Credit Suisse,2018-11-26,3.8263,5.6250,5.4250,True,False,3.5556
NVDA,RBC Capital,2018-12-12,3.7225,5.7500,5.6017,True,False,2.5783
NVDA,RBC Capital,2018-12-27,3.2792,5.0000,5.9218,True,True,18.4350
NVDA,UBS,2019-01-29,3.2900,4.5000,6.1385,True,True,36.4111
NVDA,Morgan Stanley,2019-01-29,3.2900,3.7000,6.1385,True,True,65.9054
NVDA,Bernstein,2019-02-11,3.6613,4.3750,6.6972,True,True,53.0800
NVDA,Atlantic Equities,2019-02-22,3.9797,4.8750,6.8320,True,True,40.1436
NVDA,Piper Sandler,2019-03-26,4.4218,5.0000,6.1405,True,True,22.8100
NVDA,Nomura,2019-04-03,4.7155,3.6750,6.3868,False,False,73.7891
NVDA,DZ Bank,2019-04-12,4.7502,4.2500,7.0988,False,False,67.0294
NVDA,Morgan Stanley,2019-05-13,3.9613,4.2500,7.8025,True,True,83.5882
NVDA,Stifel,2019-05-14,4.0510,3.6250,7.7800,False,False,114.6207
NVDA,UBS,2019-05-17,3.9132,4.8750,8.7502,True,True,79.4923
NVDA,Barclays,2019-06-06,3.5945,4.5000,8.9200,True,True,98.2222
NVDA,Wedbush,2019-06-27,4.0807,4.6000,9.1550,True,True,99.0217
NVDA,Cascend,2019-07-11,4.1570,4.7500,10.4792,True,True,120.6158
NVDA,Morgan Stanley,2019-08-16,3.9890,4.5000,12.3370,True,True,174.1556
NVDA,SunTrust Robinson Humphrey,2019-09-23,4.3710,5.4000,12.6377,True,True,134.0324
NVDA,RBC Capital,2019-10-07,4.6083,5.4250,13.7365,True,True,153.2074
NVDA,Evercore ISI Group,2019-10-07,4.6083,5.6250,13.7365,True,True,144.2044
NVDA,B of A Securities,2019-10-15,4.9092,6.2500,14.0953,True,True,125.5240
NVDA,Cascend,2019-10-15,4.9092,5.5000,14.0953,True,True,156.2773
NVDA,Wells Fargo,2019-10-22,4.8903,5.5000,13.5247,True,True,145.9045
NVDA,UBS,2019-11-11,5.2045,6.0000,12.7700,True,True,112.8333
NVDA,Deutsche Bank,2019-11-11,5.2045,4.7500,12.7700,False,False,168.8421
NVDA,Oppenheimer,2019-11-12,5.2403,6.2500,13.4180,True,True,114.6880
NVDA,Cascend,2019-11-12,5.2403,6.0000,13.4180,True,True,123.6333
NVDA,Wells Fargo,2019-11-15,5.1048,6.0000,13.5153,True,True,125.2542
NVDA,Citigroup,2019-11-15,5.1048,6.1250,13.5153,True,True,120.6571
NVDA,B of A Securities,2019-11-15,5.1048,6.8750,13.5153,True,True,96.5855
NVDA,Mizuho,2019-11-15,5.1048,5.7500,13.5153,True,True,135.0478
NVDA,Benchmark,2019-11-15,5.1048,6.0000,13.5153,True,True,125.2542
NVDA,Raymond James,2019-11-15,5.1048,6.0000,13.5153,True,True,125.2542
NVDA,Morgan Stanley,2019-11-15,5.1048,5.4250,13.5153,True,True,149.1290
NVDA,Nomura,2019-11-15,5.1048,5.0000,13.5153,False,False,170.3050
NVDA,Barclays,2019-11-15,5.1048,5.6250,13.5153,True,True,140.2711
NVDA,JP Morgan,2019-11-15,5.1048,5.9250,13.5153,True,True,128.1055
NVDA,SunTrust Robinson Humphrey,2019-11-15,5.1048,6.0000,13.5153,True,True,125.2542
NVDA,Morgan Stanley,2019-11-25,5.5303,6.4750,12.9578,True,True,100.1197
NVDA,Cascend,2019-11-25,5.5303,6.2500,12.9578,True,True,107.3240
NVDA,Piper Sandler,2019-12-17,5.7073,6.2500,13.2425,True,True,111.8800
NVDA,Wells Fargo,2019-12-20,5.9843,6.7500,13.3322,True,True,97.5148
NVDA,Benchmark,2019-12-31,5.8825,6.8750,13.1458,True,True,91.2109
NVDA,B of A Securities,2020-01-10,6.1080,7.5000,13.6215,True,True,81.6200
NVDA,Argus Research,2020-01-13,6.2995,7.5000,13.4847,True,True,79.7967
NVDA,Craig-Hallum,2020-01-13,6.2995,7.5000,13.4847,True,True,79.7967
NVDA,Piper Sandler,2020-01-15,6.1392,6.8750,13.2002,True,True,92.0036
NVDA,UBS,2020-01-23,6.3215,7.5000,13.7125,True,True,82.8333
NVDA,RBC Capital,2020-02-10,6.5743,7.5250,14.2633,True,True,89.5449
NVDA,Wells Fargo,2020-02-11,6.6972,7.2500,14.7642,True,True,103.6448
NVDA,Oppenheimer,2020-02-11,6.6972,7.5000,14.7642,True,True,96.8567
NVDA,Wedbush,2020-02-12,6.8135,7.3750,15.2507,True,True,106.7898
NVDA,Susquehanna,2020-02-12,6.8135,7.7500,15.2507,True,True,96.7839
NVDA,Cascend,2020-02-13,6.7695,7.5000,14.9613,True,True,99.4833
NVDA,SunTrust Robinson Humphrey,2020-02-13,6.7695,7.8500,14.9613,True,True,90.5892
NVDA,Citigroup,2020-02-14,7.2448,7.8750,15.3302,True,True,94.6698
NVDA,UBS,2020-02-14,7.2448,8.0000,15.3302,True,True,91.6281
NVDA,Rosenblatt,2020-02-14,7.2448,7.8750,15.3302,True,True,94.6698
NVDA,Wedbush,2020-02-14,7.2448,7.7750,15.3302,True,True,97.1736
NVDA,Raymond James,2020-02-14,7.2448,7.5000,15.3302,True,True,104.4033
NVDA,Wells Fargo,2020-02-14,7.2448,8.0000,15.3302,True,True,91.6281
NVDA,Morgan Stanley,2020-02-14,7.2448,7.6000,15.3302,True,True,101.7138
NVDA,Oppenheimer,2020-02-14,7.2448,8.7500,15.3302,True,True,75.2029
NVDA,Cascend,2020-02-14,7.2448,8.2500,15.3302,True,True,85.8212
NVDA,Craig-Hallum,2020-02-14,7.2448,8.1250,15.3302,True,True,88.6800
NVDA,Argus Research,2020-02-18,7.4142,8.5000,14.9060,True,True,75.3647
NVDA,Bernstein,2020-02-19,7.8675,9.0000,14.8290,True,True,64.7667
NVDA,Nomura,2020-02-25,6.5512,5.7500,14.4990,False,False,152.1565
NVDA,Morgan Stanley,2020-03-18,5.0705,6.7000,12.7225,True,True,89.8881
NVDA,Wells Fargo,2020-03-20,5.1438,7.0000,13.1862,True,True,88.3750
NVDA,Needham,2020-03-24,6.2295,6.7500,12.6430,True,True,87.3037
NVDA,Susquehanna,2020-03-31,6.5900,8.2500,13.3483,True,True,61.7970
NVDA,UBS,2020-04-17,7.3080,8.2500,15.3617,True,True,86.2030
NVDA,Morgan Stanley,2020-04-28,7.2840,7.0500,15.2767,False,False,116.6915
NVDA,Susquehanna,2020-05-04,7.2822,8.8750,14.3512,True,True,61.7042
NVDA,SunTrust Robinson Humphrey,2020-05-07,7.6217,8.1750,14.8123,True,True,81.1896
NVDA,Needham,2020-05-11,8.0655,9.0000,14.3062,True,True,58.9583
NVDA,Wedbush,2020-05-13,7.7800,8.5000,13.6652,True,True,60.7676
NVDA,Raymond James,2020-05-15,8.4908,8.2500,14.1655,False,False,71.7030
NVDA,BMO Capital,2020-05-18,8.7502,10.6250,14.0157,True,True,31.9129
NVDA,RBC Capital,2020-05-19,8.8055,9.6250,14.0658,True,True,46.1377
NVDA,Susquehanna,2020-05-19,8.8055,10.2500,14.0658,True,True,37.2268
NVDA,Needham,2020-05-22,9.0262,10.0000,15.6120,True,True,56.1200
NVDA,Rosenblatt,2020-05-22,9.0262,10.0000,15.6120,True,True,56.1200
NVDA,SunTrust Robinson Humphrey,2020-05-22,9.0262,9.6000,15.6120,True,True,62.6250
NVDA,Mizuho,2020-05-22,9.0262,10.0000,15.6120,True,True,56.1200
NVDA,Nomura,2020-05-22,9.0262,6.5000,15.6120,False,False,140.1846
NVDA,Wells Fargo,2020-05-22,9.0262,10.7500,15.6120,True,True,45.2279
NVDA,Wedbush,2020-05-22,9.0262,10.5000,15.6120,True,True,48.6857
NVDA,Oppenheimer,2020-05-22,9.0262,10.0000,15.6120,True,True,56.1200
NVDA,Raymond James,2020-05-22,9.0262,9.2500,15.6120,True,True,68.7784
NVDA,Deutsche Bank,2020-05-22,9.0262,7.8750,15.6120,False,False,98.2476
NVDA,B of A Securities,2020-05-22,9.0262,10.5000,15.6120,True,True,48.6857
NVDA,UBS,2020-05-22,9.0262,10.0000,15.6120,True,True,56.1200
NVDA,Piper Sandler,2020-05-22,9.0262,9.7500,15.6120,True,True,60.1231
NVDA,Cascend,2020-05-22,9.0262,9.5000,15.6120,True,True,64.3368
NVDA,Morgan Stanley,2020-05-26,8.7177,9.0750,15.6477,True,True,72.4270
NVDA,Morgan Stanley,2020-06-16,9.0685,9.5000,17.8102,True,True,87.4763
NVDA,Jefferies,2020-06-17,9.2360,10.3750,18.6572,True,True,79.8289
NVDA,B of A Securities,2020-07-07,9.8717,11.5000,20.3717,True,True,77.1457
NVDA,Rosenblatt,2020-07-10,10.4792,12.5000,20.5125,True,True,64.1000
NVDA,Barclays,2020-07-20,10.5107,11.2500,18.6120,True,True,65.4400
NVDA,Raymond James,2020-08-13,11.4430,12.5000,20.1880,True,True,61.5040
NVDA,Wedbush,2020-08-14,11.5640,12.5000,19.9500,True,True,59.6000
NVDA,Wells Fargo,2020-08-17,12.3370,12.7500,19.4580,True,True,52.6118
NVDA,Needham,2020-08-20,12.1410,15.0000,20.8160,True,True,38.7733
NVDA,RBC Capital,2020-08-20,12.1410,13.2000,20.8160,True,True,57.6970
NVDA,Rosenblatt,2020-08-20,12.1410,15.0000,20.8160,True,True,38.7733
NVDA,Morgan Stanley,2020-08-20,12.1410,12.6750,20.8160,True,True,64.2288
NVDA,Mizuho,2020-08-20,12.1410,13.0000,20.8160,True,True,60.1231
NVDA,Raymond James,2020-08-20,12.1410,13.7500,20.8160,True,True,51.3891
NVDA,Credit Suisse,2020-08-20,12.1410,13.2500,20.8160,True,True,57.1019
NVDA,Barclays,2020-08-20,12.1410,13.1250,20.8160,True,True,58.5981
NVDA,Citigroup,2020-08-20,12.1410,13.5000,20.8160,True,True,54.1926
NVDA,Oppenheimer,2020-08-20,12.1410,13.7500,20.8160,True,True,51.3891
NVDA,Wells Fargo,2020-08-20,12.1410,13.3750,20.8160,True,True,55.6336
NVDA,Jefferies,2020-08-20,12.1410,14.2500,20.8160,True,True,46.0772
NVDA,Susquehanna,2020-08-20,12.1410,14.0000,20.8160,True,True,48.6857
NVDA,Mizuho,2020-09-02,14.3465,14.3750,22.3960,True,True,55.7983
NVDA,Credit Suisse,2020-09-02,14.3465,15.5000,22.3960,True,True,44.4903
NVDA,B of A Securities,2020-09-02,14.3465,16.2500,22.3960,True,True,37.8215
NVDA,Benchmark,2020-09-02,14.3465,15.0000,22.3960,True,True,49.3067
NVDA,Goldman Sachs,2020-09-02,14.3465,14.6250,22.3960,True,True,53.1350
NVDA,RBC Capital,2020-09-02,14.3465,15.2500,22.3960,True,True,46.8590
NVDA,Jefferies,2020-09-14,12.8722,17.0000,22.2420,True,True,30.8353
NVDA,Needham,2020-09-15,12.9910,17.5000,22.3410,True,True,27.6629
NVDA,Craig-Hallum,2020-09-15,12.9910,12.5000,22.3410,False,False,78.7280
NVDA,Oppenheimer,2020-10-06,13.7365,15.0000,20.7000,True,True,38.0000
NVDA,Cascend,2020-10-06,13.7365,14.7500,20.7000,True,True,40.3390
NVDA,BMO Capital,2020-10-06,13.7365,16.2500,20.7000,True,True,27.3846
NVDA,JP Morgan,2020-10-06,13.7365,15.1250,20.7000,True,True,36.8595
NVDA,Truist Securities,2020-10-12,14.2260,15.5750,20.6710,True,True,32.7191
NVDA,Rosenblatt,2020-11-19,13.4403,16.2500,32.9850,True,True,102.9846
NVDA,Raymond James,2020-11-19,13.4403,15.0000,32.9850,True,True,119.9000
NVDA,Mizuho,2020-11-19,13.4403,15.1250,32.9850,True,True,118.0826
NVDA,B of A Securities,2020-11-19,13.4403,16.6250,32.9850,True,True,98.4060
NVDA,Susquehanna,2021-01-15,12.8595,15.6250,26.9420,True,True,72.4288
NVDA,Truist Securities,2021-01-15,12.8595,16.8000,26.9420,True,True,60.3690
NVDA,Barclays,2021-01-26,13.4353,15.0000,22.3240,True,True,48.8267
NVDA,Oppenheimer,2021-02-18,14.8290,17.5000,26.5110,True,True,51.4914
NVDA,Deutsche Bank,2021-02-22,14.3558,13.7500,23.6420,False,False,71.9418
NVDA,Susquehanna,2021-02-22,14.3558,17.5000,23.6420,True,True,35.0971
NVDA,Cascend,2021-02-24,14.4990,16.0000,22.3870,True,True,39.9187
NVDA,Needham,2021-02-25,13.3075,20.0000,23.7480,True,True,18.7400
NVDA,Raymond James,2021-02-25,13.3075,17.5000,23.7480,True,True,35.7029
NVDA,Piper Sandler,2021-02-25,13.3075,15.6250,23.7480,True,True,51.9872
NVDA,Mizuho,2021-02-25,13.3075,16.2500,23.7480,True,True,46.1415
NVDA,Deutsche Bank,2021-02-25,13.3075,14.0000,23.7480,True,True,69.6286
NVDA,JP Morgan,2021-02-25,13.3075,16.5000,23.7480,True,True,43.9273
NVDA,Cowen & Co.,2021-02-25,13.3075,16.6250,23.7480,True,True,42.8451
NVDA,Barclays,2021-04-13,15.6795,16.2500,21.9170,True,True,34.8738
NVDA,Rosenblatt,2021-04-13,15.6795,20.0000,21.9170,True,True,9.5850
NVDA,Mizuho,2021-04-13,15.6795,16.8750,21.9170,True,True,29.8785
NVDA,Deutsche Bank,2021-04-13,15.6795,14.3750,21.9170,False,False,52.4661
NVDA,Cowen & Co.,2021-04-13,15.6795,16.8750,21.9170,True,True,29.8785
NVDA,Wells Fargo,2021-04-13,15.6795,17.8750,21.9170,True,True,22.6126
NVDA,Raymond James,2021-04-15,16.1373,18.7500,22.2030,True,True,18.4160
NVDA,Baird,2021-05-05,14.4585,20.0000,20.3340,True,True,1.6700
NVDA,Susquehanna,2021-05-25,15.6477,17.5000,16.1540,True,False,7.6914
NVDA,Keybanc,2021-05-27,15.4880,19.3750,17.8510,True,False,7.8658
NVDA,Mizuho,2021-05-27,15.4880,17.7500,17.8510,True,True,0.5690
NVDA,B of A Securities,2021-05-27,15.4880,18.7500,17.8510,True,False,4.7947
NVDA,Deutsche Bank,2021-05-27,15.4880,15.0000,17.8510,False,False,19.0067
NVDA,Jefferies,2021-05-27,15.4880,18.5000,17.8510,True,False,3.5081
NVDA,UBS,2021-05-27,15.4880,18.3750,17.8510,True,False,2.8517
NVDA,Craig-Hallum,2021-05-27,15.4880,18.7500,17.8510,True,False,4.7947
NVDA,Evercore ISI Group,2021-05-27,15.4880,18.7500,17.8510,True,False,4.7947
NVDA,Wedbush,2021-05-27,15.4880,17.5000,17.8510,True,True,2.0057
NVDA,BMO Capital,2021-05-27,15.4880,18.7500,17.8510,True,False,4.7947
NVDA,Piper Sandler,2021-05-27,15.4880,17.2500,17.8510,True,True,3.4841
NVDA,Truist Securities,2021-05-27,15.4880,19.2000,17.8510,True,False,7.0260
NVDA,Susquehanna,2021-05-27,15.4880,18.0000,17.8510,True,False,0.8278
NVDA,Jefferies,2021-06-17,18.6572,21.3500,15.6010,True,False,26.9274
NVDA,B of A Securities,2021-06-18,18.6388,22.5000,15.8800,True,False,29.4222
NVDA,Raymond James,2021-06-22,18.8867,22.5000,16.3600,True,False,27.2889
NVDA,BMO Capital,2021-07-01,20.2120,25.0000,14.5230,True,False,41.9080
NVDA,Keybanc,2021-07-06,20.6985,23.7500,15.1300,True,False,36.2947
NVDA,Truist Securities,2021-07-08,19.9028,22.7500,15.8380,True,False,30.3824
NVDA,Mizuho,2021-07-15,18.9662,22.5000,15.7620,True,False,29.9467
NVDA,Rosenblatt,2021-08-04,20.2740,25.0000,19.2150,True,False,23.1400
NVDA,Wells Fargo,2021-08-12,19.9050,24.5000,18.7090,True,False,23.6367
NVDA,UBS,2021-08-12,19.9050,23.0000,18.7090,True,False,18.6565
NVDA,Evercore ISI Group,2021-08-12,19.9050,25.0000,18.7090,True,False,25.1640
NVDA,Keybanc,2021-08-19,19.7980,24.5000,17.8490,True,False,27.1469
NVDA,Needham,2021-08-19,19.7980,24.5000,17.8490,True,False,27.1469
NVDA,Barclays,2021-08-19,19.7980,22.5000,17.8490,True,False,20.6711
NVDA,Mizuho,2021-08-19,19.7980,23.5000,17.8490,True,False,24.0468
NVDA,Rosenblatt,2021-08-19,19.7980,30.0000,17.8490,True,False,40.5033
NVDA,Credit Suisse,2021-08-19,19.7980,22.5000,17.8490,True,False,20.6711
NVDA,Deutsche Bank,2021-08-19,19.7980,18.5000,17.8490,False,True,3.5189
NVDA,B of A Securities,2021-09-17,21.9000,27.5000,13.3820,True,False,51.3382
NVDA,Susquehanna,2021-09-28,20.6990,25.0000,12.7360,True,False,49.0560
NVDA,Keybanc,2021-10-05,20.4510,26.0000,13.2090,True,False,49.1962
NVDA,Piper Sandler,2021-10-25,23.1660,26.0000,13.2610,True,False,48.9962
NVDA,Wells Fargo,2021-11-04,29.8010,32.0000,14.1560,True,False,55.7625
NVDA,B of A Securities,2021-11-10,29.4590,34.0000,15.7500,True,False,53.6765
NVDA,Oppenheimer,2021-11-11,30.3900,35.0000,16.3270,True,False,53.3514
NVDA,Susquehanna,2021-11-11,30.3900,36.0000,16.3270,True,False,54.6472
NVDA,Wedbush,2021-11-12,30.3900,30.0000,16.2950,False,True,45.6833
NVDA,Credit Suisse,2021-11-16,30.2030,40.0000,15.9100,True,False,60.2250
NVDA,Keybanc,2021-11-18,31.6750,35.0000,15.4090,True,False,55.9743
NVDA,Piper Sandler,2021-11-18,31.6750,35.0000,15.4090,True,False,55.9743
NVDA,Mizuho,2021-11-18,31.6750,33.5000,15.4090,True,False,54.0030
NVDA,Raymond James,2021-11-18,31.6750,36.5000,15.4090,True,False,57.7836
NVDA,Needham,2021-11-18,31.6750,40.0000,15.4090,True,False,61.4775
NVDA,Truist Securities,2021-11-18,31.6750,38.9000,15.4090,True,False,60.3882
NVDA,Deutsche Bank,2021-11-18,31.6750,28.5000,15.4090,False,True,45.9333
NVDA,Susquehanna,2022-02-09,26.7050,36.0000,21.2650,True,False,40.9306
NVDA,Truist Securities,2022-02-14,24.2670,35.0000,22.7640,True,False,34.9600
NVDA,Mizuho,2022-02-17,24.5070,34.5000,20.6550,True,False,40.1304
NVDA,TD Cowen,2022-03-15,22.9730,35.0000,25.5410,True,False,27.0257
NVDA,Tigress Financial,2022-03-29,28.6560,41.0000,27.3830,True,False,33.2122
NVDA,Truist Securities,2022-04-08,23.1190,29.8000,26.4950,True,False,11.0906
NVDA,Baird,2022-04-11,21.9170,22.5000,26.4630,True,True,17.6133
NVDA,Keybanc,2022-04-12,21.5040,31.0000,26.7580,True,False,13.6839
NVDA,Susquehanna,2022-04-12,21.5040,32.0000,26.7580,True,False,16.3813
NVDA,New Street Research,2022-04-13,22.2030,28.0000,27.0020,True,False,3.5643
NVDA,Deutsche Bank,2022-04-20,21.4820,25.5000,27.1190,True,True,6.3490
NVDA,Barclays,2022-04-25,19.9020,29.5000,26.9560,True,False,8.6237
NVDA,Susquehanna,2022-05-18,16.9380,28.0000,31.2640,True,True,11.6571
NVDA,Oppenheimer,2022-05-19,17.1240,30.0000,31.1760,True,True,3.9200
NVDA,Wedbush,2022-05-19,17.1240,19.0000,31.1760,True,True,64.0842
NVDA,Wells Fargo,2022-05-20,16.6940,25.0000,30.6880,True,True,22.7520
NVDA,UBS,2022-05-23,16.8980,28.0000,30.5380,True,True,9.0643
NVDA,Bernstein,2022-05-23,16.8980,22.5000,30.5380,True,True,35.7244
NVDA,Truist Securities,2022-05-24,16.1540,28.5000,37.9800,True,True,33.2632
NVDA,Keybanc,2022-05-26,17.8510,25.0000,40.1110,True,True,60.4440
NVDA,Truist Securities,2022-05-26,17.8510,28.3000,40.1110,True,True,41.7350
NVDA,Piper Sandler,2022-05-26,17.8510,25.0000,40.1110,True,True,60.4440
NVDA,Citigroup,2022-05-26,17.8510,31.5000,40.1110,True,True,27.3365
NVDA,Susquehanna,2022-05-26,17.8510,26.0000,40.1110,True,True,54.2731
NVDA,Morgan Stanley,2022-05-26,17.8510,18.2000,40.1110,True,True,120.3901
NVDA,Deutsche Bank,2022-05-26,17.8510,19.0000,40.1110,True,True,111.1105
NVDA,JP Morgan,2022-05-26,17.8510,28.5000,40.1110,True,True,40.7404
NVDA,Raymond James,2022-05-26,17.8510,25.0000,40.1110,True,True,60.4440
NVDA,Mizuho,2022-05-26,17.8510,29.0000,40.1110,True,True,38.3138
NVDA,Cowen & Co.,2022-05-26,17.8510,26.5000,40.1110,True,True,51.3623
NVDA,Needham,2022-05-26,17.8510,24.0000,40.1110,True,True,67.1292
NVDA,BMO Capital,2022-05-26,17.8510,30.0000,40.1110,True,True,33.7033
NVDA,Baird,2022-05-27,18.8110,16.5000,37.8340,False,False,129.2970
NVDA,B of A Securities,2022-06-29,15.5420,22.0000,42.3020,True,True,92.2818
NVDA,Piper Sandler,2022-07-11,15.1520,23.5000,43.9020,True,True,86.8170
NVDA,Keybanc,2022-07-12,15.0820,23.0000,45.9770,True,True,99.9000
NVDA,Citigroup,2022-07-12,15.0820,28.5000,45.9770,True,True,61.3228
NVDA,Susquehanna,2022-07-13,15.1640,22.0000,45.4690,True,True,106.6773
NVDA,Baird,2022-07-14,15.3720,15.0000,46.4610,False,False,209.7400
NVDA,Deutsche Bank,2022-07-20,17.8070,17.5000,44.3090,False,False,153.1943
NVDA,Barclays,2022-07-25,17.0240,20.0000,45.4520,True,True,127.2600
NVDA,Craig-Hallum,2022-08-08,17.7930,18.0000,42.5540,True,True,136.4111
NVDA,Raymond James,2022-08-09,17.0860,24.0000,42.3880,True,True,76.6167
NVDA,Mizuho,2022-08-09,17.0860,25.0000,42.3880,True,True,69.5520
NVDA,Susquehanna,2022-08-09,17.0860,21.0000,42.3880,True,True,101.8476
NVDA,Truist Securities,2022-08-09,17.0860,21.6000,42.3880,True,True,96.2407
NVDA,JP Morgan,2022-08-25,17.9130,22.0000,46.8350,True,True,112.8864
NVDA,Citigroup,2022-08-25,17.9130,24.8000,46.8350,True,True,88.8508
NVDA,Raymond James,2022-08-25,17.9130,21.0000,46.8350,True,True,123.0238
NVDA,Barclays,2022-08-25,17.9130,19.0000,46.8350,True,True,146.5000
NVDA,Benchmark,2022-08-25,17.9130,21.5000,46.8350,True,True,117.8372
NVDA,BMO Capital,2022-08-25,17.9130,23.0000,46.8350,True,True,103.6304
NVDA,Mizuho,2022-08-25,17.9130,22.5000,46.8350,True,True,108.1556
NVDA,Baird,2022-08-25,17.9130,13.5000,46.8350,False,False,246.9259
NVDA,Wedbush,2022-08-25,17.9130,16.0000,46.8350,False,False,192.7187
NVDA,Truist Securities,2022-08-25,17.9130,19.8000,46.8350,True,True,136.5404
NVDA,Deutsche Bank,2022-08-25,17.9130,16.5000,46.8350,False,False,183.8485
NVDA,Craig-Hallum,2022-08-25,17.9130,16.5000,46.8350,False,False,183.8485
NVDA,Susquehanna,2022-08-25,17.9130,20.0000,46.8350,True,True,134.1750
NVDA,Piper Sandler,2022-09-01,13.9370,20.0000,48.5480,True,True,142.7400
NVDA,Needham,2022-09-02,13.6470,17.0000,47.0610,True,True,176.8294
NVDA,Stifel,2022-09-08,13.9900,16.5000,45.1780,True,True,173.8061
NVDA,Mizuho,2022-09-15,12.9290,20.5000,43.9660,True,True,114.4683
NVDA,BMO Capital,2022-09-21,13.2610,21.0000,41.6100,True,True,98.1429
NVDA,Susquehanna,2022-09-21,13.2610,19.0000,41.6100,True,True,119.0000
NVDA,Susquehanna,2022-09-29,12.2200,18.0000,44.7820,True,True,148.7889
NVDA,Citigroup,2022-10-11,11.5860,21.0000,46.9450,True,True,123.5476
NVDA,Deutsche Bank,2022-10-18,11.9670,14.0000,42.1010,True,True,200.7214
NVDA,Barclays,2022-10-24,12.5990,14.0000,41.7790,True,True,198.4214
NVDA,Oppenheimer,2022-11-11,16.3270,22.5000,49.6560,True,True,120.6933
NVDA,Deutsche Bank,2022-11-17,15.6770,15.0000,50.4090,False,False,236.0600
NVDA,Mizuho,2022-11-17,15.6770,20.0000,50.4090,True,True,152.0450
NVDA,Needham,2022-11-17,15.6770,20.0000,50.4090,True,True,152.0450
NVDA,Raymond James,2022-11-17,15.6770,19.0000,50.4090,True,True,165.3105
NVDA,Susquehanna,2022-11-17,15.6770,18.5000,50.4090,True,True,172.4811
NVDA,Morgan Stanley,2022-11-17,15.6770,17.5000,50.4090,True,True,188.0514
NVDA,Wedbush,2022-11-17,15.6770,17.5000,50.4090,True,True,188.0514
NVDA,Stifel,2022-11-17,15.6770,17.5000,50.4090,True,True,188.0514
NVDA,Tigress Financial,2022-12-09,17.0010,25.0000,47.6570,True,True,90.6280
NVDA,TD Cowen,2022-12-12,17.5350,22.0000,48.0880,True,True,118.5818
NVDA,Evercore ISI Group,2022-12-15,16.9520,24.5000,50.0770,True,True,104.3959
NVDA,HSBC,2022-12-15,16.9520,13.6000,50.0770,False,False,268.2132
NVDA,Needham,2022-12-19,16.2540,23.0000,48.1110,True,True,109.1783
NVDA,Keybanc,2023-01-11,16.0010,22.0000,54.7100,True,True,148.6818
NVDA,Barclays,2023-01-23,19.1930,25.0000,61.3620,True,True,145.4480
NVDA,Truist Securities,2023-01-23,19.1930,23.8000,61.3620,True,True,157.8235
NVDA,B of A Securities,2023-02-14,22.9710,25.5000,72.6580,True,True,184.9333
NVDA,DZ Bank,2023-02-16,22.0020,19.5000,69.4520,False,False,256.1641
NVDA,Susquehanna,2023-02-16,22.0020,26.5000,69.4520,True,True,162.0830
NVDA,Keybanc,2023-02-17,21.3880,28.0000,67.4720,True,True,140.9714
NVDA,Oppenheimer,2023-02-17,21.3880,25.0000,67.4720,True,True,169.8880
NVDA,BMO Capital,2023-02-21,20.6550,24.0000,78.5380,True,True,227.2417
NVDA,Stifel,2023-02-21,20.6550,20.7000,78.5380,True,True,279.4106
NVDA,Morgan Stanley,2023-02-21,20.6550,24.6000,78.5380,True,True,219.2602
NVDA,Oppenheimer,2023-02-21,20.6550,25.0000,78.5380,True,True,214.1520
NVDA,Piper Sandler,2023-02-22,20.7540,22.5000,78.8170,True,True,250.2978
NVDA,TD Cowen,2023-02-23,23.6640,26.0000,79.0920,True,True,204.2000
NVDA,Needham,2023-02-23,23.6640,27.0000,79.0920,True,True,192.9333
NVDA,Evercore ISI Group,2023-02-23,23.6640,30.0000,79.0920,True,True,163.6400
NVDA,Citigroup,2023-02-23,23.6640,24.5000,79.0920,True,True,222.8245
NVDA,Deutsche Bank,2023-02-23,23.6640,20.0000,79.0920,False,False,295.4600
NVDA,Piper Sandler,2023-02-23,23.6640,27.5000,79.0920,True,True,187.6073
NVDA,Barclays,2023-02-23,23.6640,27.5000,79.0920,True,True,187.6073
NVDA,Mizuho,2023-02-23,23.6640,23.0000,79.0920,False,False,243.8783
NVDA,JP Morgan,2023-02-23,23.6640,25.0000,79.0920,True,True,216.3680
NVDA,Oppenheimer,2023-02-23,23.6640,27.5000,79.0920,True,True,187.6073
NVDA,Baird,2023-02-23,23.6640,23.0000,79.0920,False,False,243.8783
NVDA,Rosenblatt,2023-02-23,23.6640,32.0000,79.0920,True,True,147.1625
NVDA,Wells Fargo,2023-02-23,23.6640,27.5000,79.0920,True,True,187.6073
NVDA,BMO Capital,2023-02-23,23.6640,25.5000,79.0920,True,True,210.1647
NVDA,Morgan Stanley,2023-02-23,23.6640,25.5000,79.0920,True,True,210.1647
NVDA,B of A Securities,2023-02-23,23.6640,27.5000,79.0920,True,True,187.6073
NVDA,Truist Securities,2023-02-23,23.6640,26.6000,79.0920,True,True,197.3384
NVDA,Goldman Sachs,2023-02-23,23.6640,27.5000,79.0920,True,True,187.6073
NVDA,Stifel,2023-02-23,23.6640,22.5000,79.0920,False,False,251.5200
NVDA,Jefferies,2023-02-23,23.6640,30.0000,79.0920,True,True,163.6400
NVDA,Craig-Hallum,2023-02-23,23.6640,19.0000,79.0920,False,False,316.2737
NVDA,Susquehanna,2023-03-09,23.4360,26.5000,85.7740,True,True,223.6755
NVDA,Wedbush,2023-03-16,25.5410,21.6000,88.4550,False,False,309.5139
NVDA,Morgan Stanley,2023-03-17,25.7250,30.4000,89.3980,True,True,194.0724
NVDA,Citigroup,2023-03-17,25.7250,30.5000,89.3980,True,True,193.1082
NVDA,Exane BNP Paribas,2023-03-21,26.1990,23.0000,91.4350,False,False,297.5435
NVDA,Deutsche Bank,2023-03-22,26.4680,22.0000,94.2890,False,False,328.5864
NVDA,Needham,2023-03-22,26.4680,27.0000,94.2890,True,True,249.2185
NVDA,Oppenheimer,2023-03-22,26.4680,30.0000,94.2890,True,True,214.2967
NVDA,Wells Fargo,2023-03-22,26.4680,32.0000,94.2890,True,True,194.6531
NVDA,Mizuho,2023-03-22,26.4680,29.0000,94.2890,True,True,225.1345
NVDA,Rosenblatt,2023-03-22,26.4680,32.0000,94.2890,True,True,194.6531
NVDA,TD Cowen,2023-03-22,26.4680,30.0000,94.2890,True,True,214.2967
NVDA,BMO Capital,2023-03-22,26.4680,30.5000,94.2890,True,True,209.1443
NVDA,Truist Securities,2023-03-22,26.4680,28.9000,94.2890,True,True,226.2595
NVDA,Needham,2023-03-23,27.1910,30.0000,95.0020,True,True,216.6733
NVDA,UBS,2023-03-27,26.5310,31.5000,90.2500,True,True,186.5079
NVDA,Bernstein,2023-03-28,26.4100,30.0000,90.3560,True,True,201.1867
NVDA,Piper Sandler,2023-03-29,26.9840,30.0000,90.3630,True,True,201.2100
NVDA,Susquehanna,2023-03-30,27.3830,31.0000,89.4520,True,True,188.5548
NVDA,Tigress Financial,2023-03-31,27.7770,32.0000,88.9640,True,True,178.0125
NVDA,Keybanc,2023-04-11,27.1690,32.0000,90.6160,True,True,183.1750
NVDA,Evercore ISI Group,2023-04-11,27.1690,32.0000,90.6160,True,True,183.1750
NVDA,Piper Sandler,2023-04-11,27.1690,32.0000,90.6160,True,True,183.1750
NVDA,HSBC,2023-04-18,27.6670,35.5000,84.6710,True,True,138.5099
NVDA,B of A Securities,2023-04-19,27.9310,34.0000,76.2000,True,True,124.1176
NVDA,Evercore ISI Group,2023-04-24,27.0420,32.0000,79.6770,True,True,148.9906
NVDA,Truist Securities,2023-05-10,28.8850,32.2000,89.8780,True,True,179.1242
NVDA,Rosenblatt,2023-05-11,28.5780,32.0000,90.3990,True,True,182.4969
NVDA,Oppenheimer,2023-05-18,31.6780,35.0000,94.7800,True,True,170.8000
NVDA,Susquehanna,2023-05-18,31.6780,35.0000,94.7800,True,True,170.8000
NVDA,Keybanc,2023-05-22,31.1760,37.5000,94.9500,True,True,153.2000
NVDA,Wedbush,2023-05-22,31.1760,29.0000,94.9500,False,False,227.4138
NVDA,Stifel,2023-05-23,30.6880,30.0000,103.7990,False,False,245.9967
NVDA,Citigroup,2023-05-24,30.5380,36.3000,106.4690,True,True,193.3030
NVDA,Keybanc,2023-05-25,37.9800,50.0000,113.9010,True,True,127.8020
NVDA,Bernstein,2023-05-25,37.9800,47.5000,113.9010,True,True,139.7916
NVDA,Barclays,2023-05-25,37.9800,50.0000,113.9010,True,True,127.8020
NVDA,Goldman Sachs,2023-05-25,37.9800,44.0000,113.9010,True,True,158.8659
NVDA,Citigroup,2023-05-25,37.9800,42.0000,113.9010,True,True,171.1929
NVDA,Needham,2023-05-25,37.9800,46.0000,113.9010,True,True,147.6109
NVDA,Oppenheimer,2023-05-25,37.9800,42.0000,113.9010,True,True,171.1929
NVDA,Susquehanna,2023-05-25,37.9800,45.0000,113.9010,True,True,153.1133
NVDA,Wells Fargo,2023-05-25,37.9800,45.0000,113.9010,True,True,153.1133
NVDA,JP Morgan,2023-05-25,37.9800,50.0000,113.9010,True,True,127.8020
NVDA,Raymond James,2023-05-25,37.9800,45.0000,113.9010,True,True,153.1133
NVDA,Mizuho,2023-05-25,37.9800,40.0000,113.9010,True,True,184.7525
NVDA,Truist Securities,2023-05-25,37.9800,47.0000,113.9010,True,True,142.3426
NVDA,TD Cowen,2023-05-25,37.9800,50.0000,113.9010,True,True,127.8020
NVDA,Rosenblatt,2023-05-25,37.9800,60.0000,113.9010,True,True,89.8350
NVDA,Wedbush,2023-05-25,37.9800,49.0000,113.9010,True,True,132.4510
NVDA,Morgan Stanley,2023-05-25,37.9800,45.0000,113.9010,True,True,153.1133
NVDA,Evercore ISI Group,2023-05-25,37.9800,50.0000,113.9010,True,True,127.8020
NVDA,Craig-Hallum,2023-05-25,37.9800,50.0000,113.9010,True,True,127.8020
NVDA,Jefferies,2023-05-25,37.9800,47.2000,113.9010,True,True,141.3157
NVDA,Baird,2023-05-25,37.9800,47.5000,113.9010,True,True,139.7916
NVDA,B of A Securities,2023-05-25,37.9800,45.0000,113.9010,True,True,153.1133
NVDA,Stifel,2023-05-25,37.9800,37.0000,113.9010,False,False,207.8405
NVDA,BMO Capital,2023-05-25,37.9800,45.0000,113.9010,True,True,153.1133
NVDA,UBS,2023-05-25,37.9800,47.5000,113.9010,True,True,139.7916
NVDA,Piper Sandler,2023-05-25,37.9800,44.0000,113.9010,True,True,158.8659
NVDA,Deutsche Bank,2023-05-25,37.9800,39.0000,113.9010,True,True,192.0538
NVDA,Goldman Sachs,2023-05-26,38.9460,44.0000,114.8250,True,True,160.9659
NVDA,B of A Securities,2023-05-31,37.8340,50.0000,109.6330,True,True,119.2660
NVDA,Morgan Stanley,2023-06-16,42.6920,50.0000,135.5800,True,True,171.1600
NVDA,Mizuho,2023-06-22,43.0250,40.0000,118.1100,False,False,195.2750
NVDA,Rosenblatt,2023-06-29,40.8220,60.0000,124.3000,True,True,107.1667
NVDA,Daiwa Capital,2023-06-30,42.3020,47.5000,122.6700,True,True,158.2526
NVDA,Tigress Financial,2023-07-07,42.5030,56.0000,131.3800,True,True,134.6072
NVDA,Goldman Sachs,2023-07-10,42.1800,49.5000,134.9100,True,True,172.5455
NVDA,Keybanc,2023-07-11,42.4050,55.0000,127.4000,True,True,131.6364
NVDA,Truist Securities,2023-07-14,45.4690,54.5000,126.3600,True,True,131.8532
NVDA,Wolfe Research,2023-07-20,45.5200,57.0000,123.5400,True,True,116.7368
NVDA,Barclays,2023-07-20,45.5200,60.0000,123.5400,True,True,105.9000
NVDA,Susquehanna,2023-07-20,45.5200,57.5000,123.5400,True,True,114.8522
NVDA,Mizuho,2023-07-24,44.6120,53.0000,114.2500,True,True,115.5660
NVDA,UBS,2023-08-15,43.9400,54.0000,122.8600,True,True,127.5185
NVDA,Wells Fargo,2023-08-15,43.9400,50.0000,122.8600,True,True,145.7200
NVDA,Baird,2023-08-15,43.9400,57.0000,122.8600,True,True,115.5439
NVDA,Piper Sandler,2023-08-16,43.4860,50.0000,124.5800,True,True,149.1600
NVDA,Raymond James,2023-08-16,43.4860,50.0000,124.5800,True,True,149.1600
NVDA,Oppenheimer,2023-08-17,43.3440,50.0000,130.0000,True,True,160.0000
NVDA,Rosenblatt,2023-08-17,43.3440,80.0000,130.0000,True,True,62.5000
NVDA,Wedbush,2023-08-18,43.2990,49.0000,127.2500,True,True,159.6939
NVDA,Keybanc,2023-08-21,46.9670,62.0000,128.5000,True,True,107.2581
NVDA,HSBC,2023-08-21,46.9670,78.0000,128.5000,True,True,64.7436
NVDA,BMO Capital,2023-08-21,46.9670,55.0000,128.5000,True,True,133.6364
NVDA,Keybanc,2023-08-24,47.1630,67.0000,126.4600,True,True,88.7463
NVDA,Exane BNP Paribas,2023-08-24,47.1630,74.5000,126.4600,True,True,69.7450
NVDA,Stifel,2023-08-24,47.1630,60.0000,126.4600,True,True,110.7667
NVDA,WestPark Capital,2023-08-24,47.1630,69.0000,126.4600,True,True,83.2754
NVDA,Deutsche Bank,2023-08-24,47.1630,56.0000,126.4600,True,True,125.8214
NVDA,Rosenblatt,2023-08-24,47.1630,110.0000,126.4600,True,True,14.9636
NVDA,Barclays,2023-08-24,47.1630,65.0000,126.4600,True,True,94.5538
NVDA,Raymond James,2023-08-24,47.1630,60.0000,126.4600,True,True,110.7667
NVDA,Oppenheimer,2023-08-24,47.1630,65.0000,126.4600,True,True,94.5538
NVDA,Citigroup,2023-08-24,47.1630,63.0000,126.4600,True,True,100.7302
NVDA,JP Morgan,2023-08-24,47.1630,60.0000,126.4600,True,True,110.7667
NVDA,Mizuho,2023-08-24,47.1630,59.0000,126.4600,True,True,114.3390
NVDA,Piper Sandler,2023-08-24,47.1630,62.0000,126.4600,True,True,103.9677
NVDA,Wolfe Research,2023-08-24,47.1630,63.0000,126.4600,True,True,100.7302
NVDA,B of A Securities,2023-08-24,47.1630,65.0000,126.4600,True,True,94.5538
NVDA,Morgan Stanley,2023-08-24,47.1630,63.0000,126.4600,True,True,100.7302
NVDA,BMO Capital,2023-08-24,47.1630,60.0000,126.4600,True,True,110.7667
NVDA,Benchmark,2023-08-24,47.1630,62.5000,126.4600,True,True,102.3360
NVDA,Wedbush,2023-08-24,47.1630,60.0000,126.4600,True,True,110.7667
NVDA,UBS,2023-08-24,47.1630,56.0000,126.4600,True,True,125.8214
NVDA,Baird,2023-08-24,47.1630,75.0000,126.4600,True,True,68.6133
NVDA,Wells Fargo,2023-08-24,47.1630,60.0000,126.4600,True,True,110.7667
NVDA,Susquehanna,2023-08-24,47.1630,60.0000,126.4600,True,True,110.7667
NVDA,TD Cowen,2023-08-24,47.1630,60.0000,126.4600,True,True,110.7667
NVDA,Jefferies,2023-08-24,47.1630,61.0000,126.4600,True,True,107.3115
NVDA,Argus Research,2023-08-24,47.1630,60.0000,126.4600,True,True,110.7667
NVDA,Craig-Hallum,2023-08-24,47.1630,70.0000,126.4600,True,True,80.6571
NVDA,Truist Securities,2023-08-24,47.1630,66.8000,126.4600,True,True,89.3114
NVDA,Keybanc,2023-10-03,43.5170,75.0000,122.8500,True,True,63.8000
NVDA,Citigroup,2023-10-18,42.1960,57.5000,138.0000,True,True,140.0000
NVDA,Morgan Stanley,2023-10-18,42.1960,60.0000,138.0000,True,True,130.0000
NVDA,Keybanc,2023-10-20,41.3870,65.0000,143.5900,True,True,120.9077
NVDA,Bernstein,2023-11-09,46.9500,67.5000,145.2600,True,True,115.2000
NVDA,Wedbush,2023-11-17,49.2980,60.0000,147.0100,True,True,145.0167
NVDA,Piper Sandler,2023-11-17,49.2980,62.0000,147.0100,True,True,137.1129
NVDA,Stifel,2023-11-17,49.2980,60.0000,147.0100,True,True,145.0167
NVDA,Needham,2023-11-22,48.7160,60.0000,141.9500,True,True,136.5833
NVDA,Morgan Stanley,2023-11-22,48.7160,60.3000,141.9500,True,True,135.4063
NVDA,Wells Fargo,2023-11-22,48.7160,67.5000,141.9500,True,True,110.2963
NVDA,Wedbush,2023-11-22,48.7160,60.0000,141.9500,True,True,136.5833
NVDA,BMO Capital,2023-11-22,48.7160,65.0000,141.9500,True,True,118.3846
NVDA,Benchmark,2023-11-22,48.7160,62.5000,141.9500,True,True,127.1200
NVDA,Mizuho,2023-11-22,48.7160,62.5000,141.9500,True,True,127.1200
NVDA,UBS,2023-11-22,48.7160,58.0000,141.9500,True,True,144.7414
NVDA,Susquehanna,2023-11-22,48.7160,62.5000,141.9500,True,True,127.1200
NVDA,Stifel,2023-11-22,48.7160,66.5000,141.9500,True,True,113.4586
NVDA,Oppenheimer,2023-11-22,48.7160,65.0000,141.9500,True,True,118.3846
NVDA,DA Davidson,2024-01-03,47.5690,41.0000,144.4700,False,False,252.3659
NVDA,Keybanc,2024-01-16,56.3820,74.0000,133.5700,True,True,80.5000
NVDA,Tigress Financial,2024-01-18,57.1070,79.0000,140.8300,True,True,78.2658
NVDA,Raymond James,2024-01-19,59.4910,70.0000,147.0700,True,True,110.1000
NVDA,Cantor Fitzgerald,2024-01-23,59.8730,77.5000,142.6200,True,True,84.0258
NVDA,Cantor Fitzgerald,2024-01-29,62.4650,77.5000,124.6500,True,True,60.8387
NVDA,Goldman Sachs,2024-02-05,69.3320,80.0000,128.6800,True,True,60.8500
NVDA,Morgan Stanley,2024-02-07,70.0990,75.0000,133.5700,True,True,78.0933
NVDA,Cantor Fitzgerald,2024-02-12,72.2480,77.5000,135.2900,True,True,74.5677
NVDA,Mizuho,2024-02-13,72.1280,82.5000,138.8500,True,True,68.3030
NVDA,Susquehanna,2024-02-14,73.9000,85.0000,139.4000,True,True,64.0000
NVDA,Loop Capital,2024-02-16,72.6130,120.0000,140.1100,True,True,16.7583
NVDA,Wedbush,2024-02-16,72.6130,80.0000,140.1100,True,True,75.1375
NVDA,Oppenheimer,2024-02-16,72.6130,85.0000,140.1100,True,True,64.8353
NVDA,Wells Fargo,2024-02-16,72.6130,84.0000,140.1100,True,True,66.7976
NVDA,Baird,2024-02-20,69.4520,105.0000,134.4300,True,True,28.0286
NVDA,Rosenblatt,2024-02-20,69.4520,110.0000,134.4300,True,True,22.2091
NVDA,Cantor Fitzgerald,2024-02-20,69.4520,77.5000,134.4300,True,True,73.4581
NVDA,Wedbush,2024-02-22,78.5380,85.0000,126.6300,True,True,48.9765
NVDA,Jefferies,2024-02-22,78.5380,78.0000,126.6300,False,False,62.3462
NVDA,JP Morgan,2024-02-22,78.5380,85.0000,126.6300,True,True,48.9765
NVDA,Morgan Stanley,2024-02-22,78.5380,79.5000,126.6300,True,True,59.2830
NVDA,Stifel,2024-02-22,78.5380,91.0000,126.6300,True,True,39.1538
NVDA,Mizuho,2024-02-22,78.5380,85.0000,126.6300,True,True,48.9765
NVDA,Benchmark,2024-02-22,78.5380,100.0000,126.6300,True,True,26.6300
NVDA,B of A Securities,2024-02-22,78.5380,92.5000,126.6300,True,True,36.8973
NVDA,Truist Securities,2024-02-22,78.5380,91.1000,126.6300,True,True,39.0011
NVDA,UBS,2024-02-22,78.5380,80.0000,126.6300,True,True,58.2875
NVDA,Oppenheimer,2024-02-22,78.5380,85.0000,126.6300,True,True,48.9765
NVDA,Deutsche Bank,2024-02-22,78.5380,72.0000,126.6300,False,False,75.8750
NVDA,HSBC,2024-02-22,78.5380,88.0000,126.6300,True,True,43.8977
NVDA,Wolfe Research,2024-02-22,78.5380,90.0000,126.6300,True,True,40.7000
NVDA,Bernstein,2024-02-22,78.5380,100.0000,126.6300,True,True,26.6300
NVDA,Cantor Fitzgerald,2024-02-22,78.5380,90.0000,126.6300,True,True,40.7000
NVDA,Needham,2024-02-22,78.5380,85.0000,126.6300,True,True,48.9765
NVDA,DA Davidson,2024-02-22,78.5380,62.0000,126.6300,False,False,104.2419
NVDA,Craig-Hallum,2024-02-22,78.5380,85.0000,126.6300,True,True,48.9765
NVDA,Argus Research,2024-02-22,78.5380,85.0000,126.6300,True,True,48.9765
NVDA,Keybanc,2024-02-22,78.5380,110.0000,126.6300,True,True,15.1182
NVDA,Tigress Financial,2024-02-29,79.1120,98.5000,115.9900,True,True,17.7563
NVDA,Cantor Fitzgerald,2024-03-04,85.2370,90.0000,110.5700,True,True,22.8556
NVDA,CICC,2024-03-06,88.7000,87.0000,106.9800,False,False,22.9655
NVDA,Mizuho,2024-03-07,92.6690,100.0000,108.7600,True,True,8.7600
NVDA,Cantor Fitzgerald,2024-03-11,85.7740,120.0000,115.5800,True,False,3.6833
NVDA,B of A Securities,2024-03-13,90.8880,110.0000,119.5300,True,True,8.6636
NVDA,HSBC,2024-03-18,88.4550,105.0000,118.5300,True,True,12.8857
NVDA,Truist Securities,2024-03-18,88.4550,117.7000,118.5300,True,True,0.7052
NVDA,Wells Fargo,2024-03-19,89.3980,97.0000,117.7000,True,True,21.3402
NVDA,Susquehanna,2024-03-19,89.3980,105.0000,117.7000,True,True,12.0952
NVDA,Wedbush,2024-03-19,89.3980,100.0000,117.7000,True,True,17.7000
NVDA,Keybanc,2024-03-19,89.3980,110.0000,117.7000,True,True,7.0000
NVDA,Oppenheimer,2024-03-20,90.3720,110.0000,121.4100,True,True,10.3727
NVDA,Piper Sandler,2024-03-20,90.3720,105.0000,121.4100,True,True,15.6286
NVDA,Citigroup,2024-03-20,90.3720,103.0000,121.4100,True,True,17.8738
NVDA,Benchmark,2024-03-20,90.3720,100.0000,121.4100,True,True,21.4100
NVDA,Goldman Sachs,2024-03-20,90.3720,100.0000,121.4100,True,True,21.4100
NVDA,Deutsche Bank,2024-03-20,90.3720,85.0000,121.4100,False,False,42.8353
NVDA,Stifel,2024-03-20,90.3720,91.0000,121.4100,True,True,33.4176
NVDA,Argus Research,2024-03-20,90.3720,95.0000,121.4100,True,True,27.8000
NVDA,TD Cowen,2024-03-21,91.4350,110.0000,120.6900,True,True,9.7182
NVDA,UBS,2024-03-22,94.2890,110.0000,113.7600,True,True,3.4182
NVDA,Susquehanna,2024-04-04,85.9050,105.0000,97.6400,True,False,7.0095
NVDA,Keybanc,2024-04-08,87.1330,120.0000,114.3300,True,False,4.7250
NVDA,Raymond James,2024-04-11,90.6160,110.0000,110.7100,True,True,0.6455
NVDA,Evercore ISI Group,2024-04-16,87.4150,116.0000,101.4900,True,False,12.5086
NVDA,UBS,2024-04-30,86.4020,115.0000,114.5000,True,False,0.4348
NVDA,Goldman Sachs,2024-05-07,90.5540,110.0000,116.6500,True,True,6.0455
NVDA,HSBC,2024-05-10,89.8780,135.0000,135.3400,True,True,0.2518
NVDA,Wells Fargo,2024-05-14,91.3560,115.0000,135.4000,True,True,17.7391
NVDA,Wedbush,2024-05-16,94.3590,100.0000,134.3800,True,True,34.3800
NVDA,Oppenheimer,2024-05-17,92.4790,110.0000,131.8000,True,True,19.8182
NVDA,Baird,2024-05-20,94.7800,120.0000,132.8300,True,True,10.6917
NVDA,Stifel,2024-05-20,94.7800,108.5000,132.8300,True,True,22.4240
NVDA,Rosenblatt,2024-05-20,94.7800,140.0000,132.8300,True,False,5.1214
NVDA,Susquehanna,2024-05-20,94.7800,110.0000,132.8300,True,True,20.7545
NVDA,Barclays,2024-05-20,94.7800,110.0000,132.8300,True,True,20.7545
NVDA,Wolfe Research,2024-05-23,103.7990,125.0000,134.8100,True,True,7.8480
NVDA,Goldman Sachs,2024-05-23,103.7990,120.0000,134.8100,True,True,12.3417
NVDA,Needham,2024-05-23,103.7990,120.0000,134.8100,True,True,12.3417
NVDA,B of A Securities,2024-05-23,103.7990,132.0000,134.8100,True,True,2.1288
NVDA,Evercore ISI Group,2024-05-23,103.7990,131.0000,134.8100,True,True,2.9084
NVDA,Mizuho,2024-05-23,103.7990,118.0000,134.8100,True,True,14.2458
NVDA,Piper Sandler,2024-05-23,103.7990,120.0000,134.8100,True,True,12.3417
NVDA,Stifel,2024-05-23,103.7990,114.0000,134.8100,True,True,18.2544
NVDA,Keybanc,2024-05-23,103.7990,130.0000,134.8100,True,True,3.7000
NVDA,Rosenblatt,2024-05-23,103.7990,140.0000,134.8100,True,False,3.7071
NVDA,Bernstein,2024-05-23,103.7990,130.0000,134.8100,True,True,3.7000
NVDA,Susquehanna,2024-05-23,103.7990,120.0000,134.8100,True,True,12.3417
NVDA,JP Morgan,2024-05-23,103.7990,115.0000,134.8100,True,True,17.2261
NVDA,Barclays,2024-05-23,103.7990,120.0000,134.8100,True,True,12.3417
NVDA,Truist Securities,2024-05-23,103.7990,128.8000,134.8100,True,True,4.6661
NVDA,Oppenheimer,2024-05-23,103.7990,110.0000,134.8100,True,True,22.5545
NVDA,Benchmark,2024-05-23,103.7990,135.0000,134.8100,True,False,0.1407
NVDA,UBS,2024-05-23,103.7990,120.0000,134.8100,True,True,12.3417
NVDA,Wells Fargo,2024-05-23,103.7990,125.0000,134.8100,True,True,7.8480
NVDA,Raymond James,2024-05-23,103.7990,120.0000,134.8100,True,True,12.3417
NVDA,Jefferies,2024-05-23,103.7990,135.0000,134.8100,True,False,0.1407
NVDA,Morgan Stanley,2024-05-23,103.7990,116.0000,134.8100,True,True,16.2155
NVDA,Argus Research,2024-05-23,103.7990,110.0000,134.8100,True,True,22.5545
NVDA,Cantor Fitzgerald,2024-05-23,103.7990,140.0000,134.8100,True,False,3.7071
NVDA,TD Cowen,2024-05-23,103.7990,120.0000,134.8100,True,True,12.3417
NVDA,Wedbush,2024-05-23,103.7990,120.0000,134.8100,True,True,12.3417
NVDA,Craig-Hallum,2024-05-23,103.7990,125.0000,134.8100,True,True,7.8480
NVDA,Deutsche Bank,2024-05-23,103.7990,100.0000,134.8100,False,False,34.8100
NVDA,Citigroup,2024-05-23,103.7990,126.0000,134.8100,True,True,6.9921
NVDA,Mizuho,2024-06-04,116.4370,127.5000,141.7200,True,True,11.1529
NVDA,Susquehanna,2024-06-10,121.7900,14.5000,145.0000,False,False,900.0000
NVDA,Barclays,2024-06-10,121.7900,14.5000,145.0000,False,False,900.0000
NVDA,TD Cowen,2024-06-10,121.7900,14.0000,145.0000,False,False,935.7143
NVDA,Goldman Sachs,2024-06-11,120.9100,135.0000,141.9700,True,True,5.1630
NVDA,Evercore ISI Group,2024-06-11,120.9100,145.0000,141.9700,True,False,2.0897
NVDA,Argus Research,2024-06-11,120.9100,150.0000,141.9700,True,False,5.3533
NVDA,Rosenblatt,2024-06-18,135.5800,200.0000,144.1700,True,False,27.9150
NVDA,Wells Fargo,2024-06-18,135.5800,155.0000,144.1700,True,False,6.9871
NVDA,Tigress Financial,2024-06-18,135.5800,170.0000,144.1700,True,False,15.1941
NVDA,Melius Research,2024-06-21,126.5700,160.0000,154.3100,True,False,3.5563
NVDA,Jefferies,2024-06-24,118.1100,150.0000,155.0200,True,True,3.3467
NVDA,Citigroup,2024-06-26,126.4000,150.0000,157.9900,True,True,5.3267
NVDA,Cantor Fitzgerald,2024-06-26,126.4000,175.0000,157.9900,True,False,9.7200
NVDA,Truist Securities,2024-06-27,123.9900,140.0000,153.3000,True,True,9.5000
NVDA,Morgan Stanley,2024-07-01,124.3000,144.0000,159.3400,True,True,10.6528
NVDA,UBS,2024-07-08,128.2000,150.0000,164.1000,True,True,9.4000
NVDA,Keybanc,2024-07-09,131.3800,180.0000,164.9200,True,False,8.3778
NVDA,Benchmark,2024-07-12,129.2400,170.0000,171.3700,True,True,0.8059
NVDA,TD Cowen,2024-07-15,128.4400,165.0000,173.0000,True,True,4.8485
NVDA,Piper Sandler,2024-07-22,123.5400,140.0000,173.7400,True,True,24.1000
NVDA,Loop Capital,2024-07-22,123.5400,175.0000,173.7400,True,False,0.7200
NVDA,Deutsche Bank,2024-08-05,100.4500,100.0000,180.7700,False,False,80.7700
NVDA,Goldman Sachs,2024-08-05,100.4500,135.0000,180.7700,True,True,33.9037
NVDA,New Street Research,2024-08-06,104.2500,120.0000,182.7000,True,True,52.2500
NVDA,Goldman Sachs,2024-08-19,130.0000,135.0000,174.9800,True,True,29.6148
NVDA,HSBC,2024-08-21,128.5000,145.0000,179.8100,True,True,24.0069
NVDA,Rosenblatt,2024-08-22,123.7400,200.0000,181.7700,True,False,9.1150
NVDA,Evercore ISI Group,2024-08-23,129.3700,150.0000,181.6000,True,True,21.0667
NVDA,Wedbush,2024-08-23,129.3700,138.0000,181.6000,True,True,31.5942
NVDA,Loop Capital,2024-08-26,126.4600,175.0000,180.1700,True,True,2.9543
NVDA,Truist Securities,2024-08-27,128.3000,145.0000,174.1800,True,True,20.1241
NVDA,Mizuho,2024-08-29,117.5900,140.0000,170.6200,True,True,21.8714
NVDA,Raymond James,2024-08-29,117.5900,140.0000,170.6200,True,True,21.8714
NVDA,Needham,2024-08-29,117.5900,145.0000,170.6200,True,True,17.6690
NVDA,Baird,2024-08-29,117.5900,150.0000,170.6200,True,True,13.7467
NVDA,Rosenblatt,2024-08-29,117.5900,200.0000,170.6200,True,False,14.6900
NVDA,B of A Securities,2024-08-29,117.5900,165.0000,170.6200,True,True,3.4061
NVDA,Wells Fargo,2024-08-29,117.5900,165.0000,170.6200,True,True,3.4061
NVDA,Craig-Hallum,2024-08-29,117.5900,165.0000,170.6200,True,True,3.4061
NVDA,WestPark Capital,2024-08-29,117.5900,165.0000,170.6200,True,True,3.4061
NVDA,Morgan Stanley,2024-08-29,117.5900,150.0000,170.6200,True,True,13.7467
NVDA,JP Morgan,2024-08-29,117.5900,155.0000,170.6200,True,True,10.0774
NVDA,Truist Securities,2024-08-29,117.5900,148.0000,170.6200,True,True,15.2838
NVDA,Benchmark,2024-08-29,117.5900,170.0000,170.6200,True,True,0.3647
NVDA,DA Davidson,2024-08-29,117.5900,90.0000,170.6200,False,False,89.5778
NVDA,Cantor Fitzgerald,2024-08-29,117.5900,175.0000,170.6200,True,False,2.5029
NVDA,Wedbush,2024-08-29,117.5900,138.0000,170.6200,True,True,23.6377
NVDA,Piper Sandler,2024-08-29,117.5900,140.0000,170.6200,True,True,21.8714
NVDA,Bernstein,2024-08-29,117.5900,155.0000,170.6200,True,True,10.0774
NVDA,B of A Securities,2024-09-05,107.2100,165.0000,170.7600,True,True,3.4909
NVDA,UBS,2024-10-08,132.8900,150.0000,183.1600,True,True,22.1067
NVDA,Cantor Fitzgerald,2024-10-08,132.8900,175.0000,183.1600,True,True,4.6629
NVDA,Morgan Stanley,2024-10-10,134.8100,150.0000,180.0300,True,True,20.0200
NVDA,Goldman Sachs,2024-10-11,134.8000,150.0000,179.8300,True,True,19.8867
NVDA,B of A Securities,2024-10-18,138.0000,190.0000,180.2800,True,False,5.1158
NVDA,Morgan Stanley,2024-11-11,145.2600,160.0000,186.8600,True,True,16.7875
NVDA,Piper Sandler,2024-11-11,145.2600,175.0000,186.8600,True,True,6.7771
NVDA,Melius Research,2024-11-11,145.2600,185.0000,186.8600,True,True,1.0054
NVDA,UBS,2024-11-11,145.2600,185.0000,186.8600,True,True,1.0054
NVDA,Redburn Atlantic,2024-11-12,148.2900,178.0000,190.1700,True,True,6.8371
NVDA,Mizuho,2024-11-12,148.2900,165.0000,190.1700,True,True,15.2545
NVDA,Citigroup,2024-11-13,146.2700,170.0000,186.6000,True,True,9.7647
NVDA,Oppenheimer,2024-11-14,146.7600,175.0000,181.3600,True,True,3.6343
NVDA,HSBC,2024-11-14,146.7600,200.0000,181.3600,True,False,9.3200
NVDA,Susquehanna,2024-11-14,146.7600,180.0000,181.3600,True,True,0.7556
NVDA,Raymond James,2024-11-14,146.7600,170.0000,181.3600,True,True,6.6824
NVDA,Wedbush,2024-11-14,146.7600,160.0000,181.3600,True,True,13.3500
NVDA,Rosenblatt,2024-11-18,140.1500,200.0000,180.6400,True,False,9.6800
NVDA,Truist Securities,2024-11-19,147.0100,167.0000,178.8800,True,True,7.1138
NVDA,Stifel,2024-11-19,147.0100,180.0000,178.8800,True,False,0.6222
NVDA,Loop Capital,2024-11-20,145.8900,175.0000,182.5500,True,True,4.3143
NVDA,Craig-Hallum,2024-11-21,146.6700,175.0000,177.8200,True,True,1.6114
NVDA,Melius Research,2024-11-21,146.6700,195.0000,177.8200,True,False,8.8103
NVDA,Needham,2024-11-21,146.6700,160.0000,177.8200,True,True,11.1375
NVDA,Benchmark,2024-11-21,146.6700,190.0000,177.8200,True,False,6.4105
NVDA,Morgan Stanley,2024-11-21,146.6700,168.0000,177.8200,True,True,5.8452
NVDA,Rosenblatt,2024-11-21,146.6700,220.0000,177.8200,True,False,19.1727
NVDA,Goldman Sachs,2024-11-21,146.6700,165.0000,177.8200,True,True,7.7697
NVDA,Evercore ISI Group,2024-11-21,146.6700,190.0000,177.8200,True,False,6.4105
NVDA,Wells Fargo,2024-11-21,146.6700,185.0000,177.8200,True,False,3.8811
NVDA,Cantor Fitzgerald,2024-11-21,146.6700,175.0000,177.8200,True,True,1.6114
NVDA,Barclays,2024-11-21,146.6700,160.0000,177.8200,True,True,11.1375
NVDA,JP Morgan,2024-11-21,146.6700,170.0000,177.8200,True,True,4.6000
NVDA,Oppenheimer,2024-11-21,146.6700,175.0000,177.8200,True,True,1.6114
NVDA,B of A Securities,2024-11-21,146.6700,190.0000,177.8200,True,False,6.4105
NVDA,Deutsche Bank,2024-11-21,146.6700,140.0000,177.8200,False,False,27.0143
NVDA,Citigroup,2024-11-21,146.6700,175.0000,177.8200,True,True,1.6114
NVDA,TD Cowen,2024-11-21,146.6700,175.0000,177.8200,True,True,1.6114
NVDA,Mizuho,2024-11-21,146.6700,175.0000,177.8200,True,True,1.6114
NVDA,Wedbush,2024-11-21,146.6700,175.0000,177.8200,True,True,1.6114
NVDA,Truist Securities,2024-11-21,146.6700,169.0000,177.8200,True,True,5.2189
NVDA,Phillip Securities,2024-11-22,141.9500,160.0000,180.2600,True,True,12.6625
NVDA,DA Davidson,2024-11-22,141.9500,135.0000,180.2600,False,False,33.5259
NVDA,Truist Securities,2024-12-16,132.0000,204.0000,174.1400,True,False,14.6373
NVDA,Morgan Stanley,2024-12-20,134.7000,166.0000,188.6100,True,True,13.6205
NVDA,B of A Securities,2025-01-07,140.1400,190.0000,184.8600,True,False,2.7053
NVDA,Benchmark,2025-01-07,140.1400,190.0000,184.8600,True,False,2.7053
NVDA,Rosenblatt,2025-01-08,140.1100,220.0000,184.9400,True,False,15.9364
NVDA,HSBC,2025-01-13,133.2300,185.0000,183.1400,True,False,1.0054
NVDA,Barclays,2025-01-17,137.7100,175.0000,183.3200,True,True,4.7543
NVDA,Cantor Fitzgerald,2025-01-27,118.4200,200.0000,191.5200,True,False,4.2400
NVDA,Tigress Financial,2025-01-28,128.9900,220.0000,192.5100,True,False,12.4955
NVDA,Morgan Stanley,2025-01-28,128.9900,152.0000,192.5100,True,True,26.6513
NVDA,Baird,2025-02-20,140.1100,195.0000,191.5500,True,False,1.7692
NVDA,Keybanc,2025-02-20,140.1100,190.0000,191.5500,True,True,0.8158
NVDA,Rosenblatt,2025-02-24,130.2800,220.0000,195.5600,True,False,11.1091
NVDA,Evercore ISI Group,2025-02-25,126.6300,190.0000,184.8900,True,False,2.6895
NVDA,Rosenblatt,2025-02-27,120.1500,220.0000,182.4800,True,False,17.0545
NVDA,Needham,2025-02-27,120.1500,160.0000,182.4800,True,True,14.0500
NVDA,B of A Securities,2025-02-27,120.1500,200.0000,182.4800,True,False,8.7600
NVDA,Morgan Stanley,2025-02-27,120.1500,162.0000,182.4800,True,True,12.6420
NVDA,Truist Securities,2025-02-27,120.1500,205.0000,182.4800,True,False,10.9854
NVDA,Benchmark,2025-02-27,120.1500,190.0000,182.4800,True,False,3.9579
NVDA,Cantor Fitzgerald,2025-02-27,120.1500,200.0000,182.4800,True,False,8.7600
NVDA,DA Davidson,2025-02-27,120.1500,135.0000,182.4800,True,True,35.1704
NVDA,Mizuho,2025-03-14,121.6700,168.0000,181.9300,True,True,8.2917
NVDA,Benchmark,2025-03-19,117.5200,190.0000,172.7000,True,False,9.1053
NVDA,Rosenblatt,2025-03-19,117.5200,220.0000,172.7000,True,False,21.5000
NVDA,Needham,2025-03-19,117.5200,160.0000,172.7000,True,True,7.9375
NVDA,B of A Securities,2025-03-19,117.5200,200.0000,172.7000,True,False,13.6500
NVDA,Cantor Fitzgerald,2025-03-19,117.5200,200.0000,172.7000,True,False,13.6500
NVDA,Susquehanna,2025-03-19,117.5200,180.0000,172.7000,True,False,4.0556
NVDA,Benchmark,2025-03-20,118.5300,190.0000,175.6400,True,False,7.5579
NVDA,DA Davidson,2025-03-20,118.5300,125.0000,175.6400,True,True,40.5120
NVDA,TD Cowen,2025-04-09,114.3300,140.0000,189.3100,True,True,35.2214
NVDA,Citigroup,2025-04-11,110.9300,150.0000,198.8700,True,True,32.5800
NVDA,DA Davidson,2025-04-14,110.7100,120.0000,198.3500,True,True,65.2917
NVDA,Evercore ISI Group,2025-04-16,104.4900,190.0000,202.0600,True,True,6.3474
NVDA,B of A Securities,2025-04-16,104.4900,160.0000,202.0600,True,True,26.2875
NVDA,Wedbush,2025-04-16,104.4900,175.0000,202.0600,True,True,15.4629
NVDA,Piper Sandler,2025-04-16,104.4900,150.0000,202.0600,True,True,34.7067
NVDA,Cantor Fitzgerald,2025-04-16,104.4900,200.0000,202.0600,True,True,1.0300
NVDA,Raymond James,2025-04-16,104.4900,150.0000,202.0600,True,True,34.7067
NVDA,DA Davidson,2025-04-16,104.4900,120.0000,202.0600,True,True,68.3833
NVDA,Rosenblatt,2025-04-16,104.4900,200.0000,202.0600,True,True,1.0300
NVDA,UBS,2025-04-17,101.4900,180.0000,199.8800,True,True,11.0444
NVDA,Barclays,2025-04-22,98.8900,155.0000,199.6400,True,True,28.8000
NVDA,Rosenblatt,2025-04-23,102.7100,178.0000,208.2700,True,True,17.0056
NVDA,Morgan Stanley,2025-04-25,111.0100,160.0000,213.1700,True,True,33.2312
NVDA,Seaport Global,2025-04-30,108.9200,100.0000,198.4500,False,False,98.4500
NVDA,UBS,2025-05-12,123.0000,175.0000,225.8300,True,True,29.0457
NVDA,B of A Securities,2025-05-14,135.3400,160.0000,225.3200,True,True,40.8250
NVDA,Wedbush,2025-05-22,132.8300,175.0000,214.8600,True,True,22.7771
NVDA,B of A Securities,2025-05-29,139.1900,180.0000,224.3600,True,True,24.6444
NVDA,Needham,2025-05-29,139.1900,160.0000,224.3600,True,True,40.2250
NVDA,Benchmark,2025-05-29,139.1900,190.0000,224.3600,True,True,18.0842
NVDA,Rosenblatt,2025-05-29,139.1900,200.0000,224.3600,True,True,12.1800
NVDA,DA Davidson,2025-05-29,139.1900,135.0000,224.3600,False,False,66.1926
NVDA,Barclays,2025-05-29,139.1900,170.0000,224.3600,True,True,31.9765
NVDA,Morgan Stanley,2025-05-29,139.1900,170.0000,224.3600,True,True,31.9765
NVDA,Citigroup,2025-05-29,139.1900,180.0000,224.3600,True,True,24.6444
NVDA,Mizuho,2025-05-29,139.1900,170.0000,224.3600,True,True,31.9765
NVDA,Piper Sandler,2025-05-29,139.1900,180.0000,224.3600,True,True,24.6444
NVDA,Raymond James,2025-05-29,139.1900,165.0000,224.3600,True,True,35.9758
NVDA,Truist Securities,2025-05-29,139.1900,210.0000,224.3600,True,True,6.8381
NVDA,Oppenheimer,2025-06-16,144.6900,175.0000,204.6500,True,True,16.9429
NVDA,Barclays,2025-06-17,144.1200,200.0000,210.6900,True,True,5.3450
NVDA,Loop Capital,2025-06-25,154.3100,250.0000,192.5300,True,False,22.9880
NVDA,Mizuho,2025-07-03,159.3400,185.0000,196.9300,True,True,6.4486
NVDA,Citigroup,2025-07-07,158.2400,190.0000,204.1200,True,True,7.4316
NVDA,Goldman Sachs,2025-07-10,164.1000,185.0000,203.5300,True,True,10.0162
NVDA,B of A Securities,2025-07-15,170.7000,220.0000,207.4000,True,False,5.7273
NVDA,Melius Research,2025-07-15,170.7000,235.0000,207.4000,True,False,11.7447
NVDA,DZ Bank,2025-07-15,170.7000,195.0000,207.4000,True,True,6.3590
NVDA,Oppenheimer,2025-07-15,170.7000,200.0000,207.4000,True,True,3.7000
NVDA,Needham,2025-07-16,171.3700,200.0000,202.8100,True,True,1.4050
NVDA,Mizuho,2025-07-16,171.3700,192.0000,202.8100,True,True,5.6302
NVDA,Morgan Stanley,2025-07-30,179.2700,200.0000,200.7500,True,True,0.3750
NVDA,B of A Securities,2025-08-04,180.0000,220.0000,219.2200,True,False,0.3545
NVDA,Goldman Sachs,2025-08-07,180.7700,200.0000,217.5500,True,True,8.7750
NVDA,Wells Fargo,2025-08-11,182.0600,220.0000,224.0900,True,True,1.8591
NVDA,Piper Sandler,2025-08-13,181.5900,225.0000,225.1600,True,True,0.0711
NVDA,Mizuho,2025-08-14,182.0200,205.0000,225.0100,True,True,9.7610
NVDA,Morgan Stanley,2025-08-18,182.0100,206.0000,217.5600,True,True,5.6116
NVDA,Cantor Fitzgerald,2025-08-18,182.0100,240.0000,217.5600,True,False,9.3500
NVDA,TD Cowen,2025-08-19,175.6400,235.0000,216.8500,True,False,7.7234
NVDA,Keybanc,2025-08-20,175.4000,215.0000,214.7200,True,False,0.1302
NVDA,Wedbush,2025-08-21,174.9800,210.0000,208.4800,True,False,0.7238
NVDA,UBS,2025-08-21,174.9800,205.0000,208.4800,True,True,1.6976
NVDA,Evercore ISI Group,2025-08-22,177.9900,214.0000,213.0500,True,False,0.4439
NVDA,Baird,2025-08-25,179.8100,225.0000,209.6600,True,False,6.8178
NVDA,Stifel,2025-08-25,179.8100,212.0000,209.6600,True,False,1.1038
NVDA,Needham,2025-08-28,180.1700,200.0000,220.7800,True,True,10.3900
NVDA,Benchmark,2025-08-28,180.1700,220.0000,220.7800,True,True,0.3545
NVDA,Rosenblatt,2025-08-28,180.1700,215.0000,220.7800,True,True,2.6884
NVDA,Bernstein,2025-08-28,180.1700,225.0000,220.7800,True,False,1.8756
NVDA,Keybanc,2025-08-28,180.1700,230.0000,220.7800,True,False,4.0087
NVDA,Cantor Fitzgerald,2025-08-28,180.1700,240.0000,220.7800,True,False,8.0083
NVDA,Wedbush,2025-08-28,180.1700,210.0000,220.7800,True,True,5.1333
NVDA,Truist Securities,2025-08-28,180.1700,228.0000,220.7800,True,False,3.1667
NVDA,B of A Securities,2025-08-28,180.1700,235.0000,220.7800,True,False,6.0511
NVDA,Morgan Stanley,2025-08-28,180.1700,210.0000,220.7800,True,True,5.1333
NVDA,Oppenheimer,2025-08-28,180.1700,225.0000,220.7800,True,False,1.8756
NVDA,Craig-Hallum,2025-08-28,180.1700,245.0000,220.7800,True,False,9.8857
NVDA,Goldman Sachs,2025-08-28,180.1700,200.0000,220.7800,True,True,10.3900
NVDA,DA Davidson,2025-08-28,180.1700,195.0000,220.7800,True,True,13.2205
NVDA,JP Morgan,2025-08-28,180.1700,215.0000,220.7800,True,True,2.6884
NVDA,Citigroup,2025-08-28,180.1700,210.0000,220.7800,True,True,5.1333
NVDA,JP Morgan,2025-09-04,171.6600,215.0000,230.3600,True,True,7.1442
NVDA,Citigroup,2025-09-08,168.3100,200.0000,223.6700,True,True,11.8350
NVDA,DA Davidson,2025-09-11,177.1700,210.0000,210.9600,True,True,0.4571
NVDA,Rosenblatt,2025-09-23,178.4300,215.0000,224.5800,True,True,4.4558
NVDA,Evercore ISI Group,2025-09-23,178.4300,225.0000,224.5800,True,False,0.1867
NVDA,DA Davidson,2025-09-23,178.4300,210.0000,224.5800,True,True,6.9429
NVDA,Barclays,2025-09-25,177.6900,240.0000,228.8600,True,False,4.6417
NVDA,Jefferies,2025-09-29,181.8500,220.0000,228.3800,True,True,3.8091
MSFT,Goldman Sachs,2016-11-17,60.6400,68.0000,82.4000,True,True,21.1765
MSFT,Piper Sandler,2016-12-22,63.5500,80.0000,85.5100,True,True,6.8875
MSFT,Credit Suisse,2017-04-27,68.2700,80.0000,95.8200,True,True,19.7750
MSFT,Cleveland Research,2017-06-22,70.2600,80.0000,100.4100,True,True,25.5125
MSFT,Credit Suisse,2017-07-17,73.3500,84.0000,105.9500,True,True,26.1309
MSFT,Deutsche Bank,2017-07-21,73.7900,85.0000,107.9700,True,True,27.0235
MSFT,Citigroup,2017-07-21,73.7900,74.0000,107.9700,True,True,45.9054
MSFT,MoffettNathanson,2017-09-06,73.4000,81.0000,108.7400,True,True,34.2469
MSFT,Stifel,2017-10-27,83.8100,90.0000,103.8500,True,True,15.3889
MSFT,Citigroup,2017-10-27,83.8100,79.0000,103.8500,False,False,31.4557
MSFT,Barclays,2017-10-27,83.8100,89.0000,103.8500,True,True,16.6854
MSFT,BMO Capital,2017-10-27,83.8100,94.0000,103.8500,True,True,10.4787
MSFT,Canaccord Genuity,2017-10-27,83.8100,94.0000,103.8500,True,True,10.4787
MSFT,Citigroup,2017-10-30,83.8900,79.0000,103.7300,False,False,31.3038
MSFT,Oppenheimer,2017-10-31,83.1800,92.0000,106.8100,True,True,16.0978
MSFT,UBS,2017-11-09,84.0900,105.0000,109.5700,True,True,4.3524
MSFT,Nomura,2018-01-24,91.8200,102.0000,107.1700,True,True,5.0686
MSFT,JP Morgan,2018-01-25,92.3300,87.0000,105.0800,False,False,20.7816
MSFT,Barclays,2018-01-25,92.3300,100.0000,105.0800,True,True,5.0800
MSFT,Keybanc,2018-02-01,94.2600,110.0000,105.7400,True,False,3.8727
MSFT,Stifel,2018-02-01,94.2600,105.0000,105.7400,True,True,0.7048
MSFT,B of A Securities,2018-02-01,94.2600,106.0000,105.7400,True,False,0.2453
MSFT,BMO Capital,2018-02-01,94.2600,107.0000,105.7400,True,False,1.1776
MSFT,Canaccord Genuity,2018-02-01,94.2600,105.0000,105.7400,True,True,0.7048
MSFT,Nomura,2018-02-02,91.7800,105.0000,107.2200,True,True,2.1143
MSFT,Morgan Stanley,2018-02-02,91.7800,110.0000,107.2200,True,False,2.5273
MSFT,Morgan Stanley,2018-03-26,93.7800,130.0000,116.7700,True,False,10.1769
MSFT,Stifel,2018-04-27,95.8200,107.0000,130.6000,True,True,22.0561
MSFT,Canaccord Genuity,2018-04-27,95.8200,110.0000,130.6000,True,True,18.7273
MSFT,Barclays,2018-04-27,95.8200,108.0000,130.6000,True,True,20.9259
MSFT,Citigroup,2018-04-30,93.5200,100.0000,127.8800,True,True,27.8800
MSFT,Argus Research,2018-06-06,102.4900,116.0000,131.4000,True,True,13.2759
MSFT,Piper Sandler,2018-07-17,105.9500,123.0000,136.4200,True,True,10.9106
MSFT,Raymond James,2018-07-17,105.9500,124.0000,136.4200,True,True,10.0161
MSFT,B of A Securities,2018-07-17,105.9500,130.0000,136.4200,True,True,4.9385
MSFT,Keybanc,2018-07-20,106.2700,123.0000,139.2900,True,True,13.2439
MSFT,Stifel,2018-07-20,106.2700,118.0000,139.2900,True,True,18.0424
MSFT,Citigroup,2018-07-20,106.2700,113.0000,139.2900,True,True,23.2655
MSFT,Credit Suisse,2018-07-20,106.2700,125.0000,139.2900,True,True,11.4320
MSFT,Wells Fargo,2018-07-20,106.2700,120.0000,139.2900,True,True,16.0750
MSFT,BMO Capital,2018-07-20,106.2700,125.0000,139.2900,True,True,11.4320
MSFT,Barclays,2018-07-20,106.2700,117.0000,139.2900,True,True,19.0513
MSFT,Argus Research,2018-07-23,107.9700,128.0000,140.7200,True,True,9.9375
MSFT,Barclays,2018-09-07,108.2100,120.0000,136.0800,True,True,13.4000
MSFT,Macquarie,2018-10-12,109.5700,121.0000,141.5700,True,True,17.0000
MSFT,Wedbush,2018-10-19,108.6600,140.0000,136.3700,True,False,2.5929
MSFT,Keybanc,2018-10-25,108.3000,125.0000,144.1900,True,True,15.3520
MSFT,Nomura,2018-10-25,108.3000,115.0000,144.1900,True,True,25.3826
MSFT,Citigroup,2018-10-25,108.3000,114.0000,144.1900,True,True,26.4825
MSFT,Nomura,2019-01-31,104.4300,113.0000,170.2300,True,True,50.6460
MSFT,Mizuho,2019-03-14,114.5900,135.0000,158.8300,True,True,17.6519
MSFT,Barclays,2019-04-12,120.9500,132.0000,173.7000,True,True,31.5909
MSFT,Keybanc,2019-04-17,121.7700,141.0000,178.6000,True,True,26.6667
MSFT,Wedbush,2019-04-25,129.1500,155.0000,174.5500,True,True,12.6129
MSFT,Keybanc,2019-04-25,129.1500,143.0000,174.5500,True,True,22.0629
MSFT,Morgan Stanley,2019-04-25,129.1500,145.0000,174.5500,True,True,20.3793
MSFT,Deutsche Bank,2019-04-25,129.1500,145.0000,174.5500,True,True,20.3793
MSFT,Barclays,2019-04-25,129.1500,152.0000,174.5500,True,True,14.8355
MSFT,UBS,2019-04-25,129.1500,150.0000,174.5500,True,True,16.3667
MSFT,B of A Securities,2019-04-25,129.1500,155.0000,174.5500,True,True,12.6129
MSFT,BMO Capital,2019-04-25,129.1500,147.0000,174.5500,True,True,18.7415
MSFT,Nomura,2019-04-25,129.1500,131.0000,174.5500,True,True,33.2443
MSFT,Raymond James,2019-04-25,129.1500,149.0000,174.5500,True,True,17.1477
MSFT,Deutsche Bank,2019-06-19,135.6900,155.0000,196.3200,True,True,26.6581
MSFT,Jefferies,2019-06-25,133.4300,90.0000,197.8400,False,False,119.8222
MSFT,Wells Fargo,2019-07-12,138.9000,160.0000,207.0700,True,True,29.4188
MSFT,Keybanc,2019-07-19,136.6200,155.0000,211.6000,True,True,36.5161
MSFT,Stifel,2019-07-19,136.6200,155.0000,211.6000,True,True,36.5161
MSFT,Credit Suisse,2019-07-19,136.6200,155.0000,211.6000,True,True,36.5161
MSFT,Raymond James,2019-07-19,136.6200,163.0000,211.6000,True,True,29.8160
MSFT,Morgan Stanley,2019-07-19,136.6200,155.0000,211.6000,True,True,36.5161
MSFT,Canaccord Genuity,2019-07-19,136.6200,155.0000,211.6000,True,True,36.5161
MSFT,Citigroup,2019-07-19,136.6200,152.0000,211.6000,True,True,39.2105
MSFT,BMO Capital,2019-07-19,136.6200,160.0000,211.6000,True,True,32.2500
MSFT,Wedbush,2019-10-24,139.9400,170.0000,216.2300,True,True,27.1941
MSFT,BMO Capital,2019-10-24,139.9400,165.0000,216.2300,True,True,31.0485
MSFT,Morgan Stanley,2019-10-24,139.9400,157.0000,216.2300,True,True,37.7261
MSFT,Citigroup,2019-10-24,139.9400,155.0000,216.2300,True,True,39.5032
MSFT,Stifel,2019-10-24,139.9400,160.0000,216.2300,True,True,35.1437
MSFT,Barclays,2019-10-24,139.9400,155.0000,216.2300,True,True,39.5032
MSFT,Mizuho,2019-10-28,144.1900,160.0000,213.2500,True,True,33.2812
MSFT,Barclays,2019-11-01,143.7200,168.0000,202.3300,True,True,20.4345
MSFT,Deutsche Bank,2019-12-17,154.6900,175.0000,219.2800,True,True,25.3029
MSFT,Wedbush,2019-12-17,154.6900,185.0000,219.2800,True,True,18.5297
MSFT,Morgan Stanley,2020-01-08,160.0900,189.0000,218.2900,True,True,15.4974
MSFT,Cowen & Co.,2020-01-09,162.0900,180.0000,219.6200,True,True,22.0111
MSFT,Wedbush,2020-01-09,162.0900,195.0000,219.6200,True,True,12.6256
MSFT,TD Cowen,2020-01-09,162.0900,180.0000,219.6200,True,True,22.0111
MSFT,Jefferies,2020-01-10,161.3400,185.0000,217.4900,True,True,17.5622
MSFT,Credit Suisse,2020-01-13,163.2800,180.0000,214.9300,True,True,19.4056
MSFT,Wells Fargo,2020-01-16,166.1700,185.0000,212.6500,True,True,14.9459
MSFT,RBC Capital,2020-01-21,166.5000,180.0000,224.3400,True,True,24.6333
MSFT,Piper Sandler,2020-01-23,166.7200,190.0000,225.9500,True,True,18.9211
MSFT,Mizuho,2020-01-30,172.7800,195.0000,231.9600,True,True,18.9538
MSFT,Citigroup,2020-01-30,172.7800,174.0000,231.9600,True,True,33.3103
MSFT,RBC Capital,2020-01-30,172.7800,200.0000,231.9600,True,True,15.9800
MSFT,Wedbush,2020-01-30,172.7800,210.0000,231.9600,True,True,10.4571
MSFT,Stifel,2020-01-30,172.7800,200.0000,231.9600,True,True,15.9800
MSFT,Raymond James,2020-01-30,172.7800,200.0000,231.9600,True,True,15.9800
MSFT,Piper Sandler,2020-01-30,172.7800,199.0000,231.9600,True,True,16.5628
MSFT,UBS,2020-01-30,172.7800,200.0000,231.9600,True,True,15.9800
MSFT,Wells Fargo,2020-01-30,172.7800,205.0000,231.9600,True,True,13.1512
MSFT,BMO Capital,2020-01-30,172.7800,200.0000,231.9600,True,True,15.9800
MSFT,Credit Suisse,2020-01-30,172.7800,190.0000,231.9600,True,True,22.0842
MSFT,Deutsche Bank,2020-01-30,172.7800,200.0000,231.9600,True,True,15.9800
MSFT,Morgan Stanley,2020-01-30,172.7800,200.0000,231.9600,True,True,15.9800
MSFT,Stifel,2020-01-30,172.7800,200.0000,231.9600,True,True,15.9800
MSFT,JP Morgan,2020-01-30,172.7800,200.0000,231.9600,True,True,15.9800
MSFT,Oppenheimer,2020-01-30,172.7800,195.0000,231.9600,True,True,18.9538
MSFT,Nomura,2020-01-31,170.2300,195.0000,239.6500,True,True,22.8974
MSFT,CFRA,2020-02-03,174.3800,197.0000,239.5100,True,True,21.5787
MSFT,Deutsche Bank,2020-03-17,146.5700,180.0000,237.0400,True,True,31.6889
MSFT,Morgan Stanley,2020-03-25,146.9200,180.0000,232.3400,True,True,29.0778
MSFT,Piper Sandler,2020-03-31,157.7100,192.0000,235.7700,True,True,22.7969
MSFT,Citigroup,2020-03-31,157.7100,167.0000,235.7700,True,True,41.1796
MSFT,Raymond James,2020-04-03,153.8300,183.0000,247.8600,True,True,35.4426
MSFT,Mizuho,2020-04-21,167.8200,200.0000,260.5800,True,True,30.2900
MSFT,RBC Capital,2020-04-24,174.5500,190.0000,261.5500,True,True,37.6579
MSFT,Jefferies,2020-04-28,169.8100,200.0000,254.5600,True,True,27.2800
MSFT,Citigroup,2020-04-30,179.2100,179.0000,252.1800,False,False,40.8827
MSFT,Mizuho,2020-04-30,179.2100,205.0000,252.1800,True,True,23.0146
MSFT,Morgan Stanley,2020-04-30,179.2100,198.0000,252.1800,True,True,27.3636
MSFT,Goldman Sachs,2020-04-30,179.2100,185.0000,252.1800,True,True,36.3135
MSFT,Credit Suisse,2020-04-30,179.2100,195.0000,252.1800,True,True,29.3231
MSFT,UBS,2020-04-30,179.2100,207.0000,252.1800,True,True,21.8261
MSFT,BMO Capital,2020-04-30,179.2100,212.0000,252.1800,True,True,18.9528
MSFT,Wells Fargo,2020-04-30,179.2100,205.0000,252.1800,True,True,23.0146
MSFT,RBC Capital,2020-05-18,184.9100,200.0000,243.0800,True,True,21.5400
MSFT,Goldman Sachs,2020-05-22,183.5100,198.0000,250.7800,True,True,26.6566
MSFT,Deutsche Bank,2020-06-12,187.7400,215.0000,259.8900,True,True,20.8791
MSFT,Argus Research,2020-06-24,197.8400,235.0000,266.6900,True,True,13.4851
MSFT,Goldman Sachs,2020-06-24,197.8400,215.0000,266.6900,True,True,24.0419
MSFT,Wedbush,2020-07-09,214.3200,260.0000,277.9400,True,True,6.9000
MSFT,Morgan Stanley,2020-07-09,214.3200,230.0000,277.9400,True,True,20.8435
MSFT,Citigroup,2020-07-16,203.9200,216.0000,280.7500,True,True,29.9769
MSFT,Credit Suisse,2020-07-16,203.9200,225.0000,280.7500,True,True,24.7778
MSFT,Barclays,2020-07-20,211.6000,234.0000,279.3200,True,True,19.3675
MSFT,Jefferies,2020-07-20,211.6000,240.0000,279.3200,True,True,16.3833
MSFT,Raymond James,2020-07-20,211.6000,225.0000,279.3200,True,True,24.1422
MSFT,Piper Sandler,2020-07-23,202.5400,218.0000,289.6700,True,True,32.8762
MSFT,Deutsche Bank,2020-07-23,202.5400,230.0000,289.6700,True,True,25.9435
MSFT,JP Morgan,2020-07-23,202.5400,220.0000,289.6700,True,True,31.6682
MSFT,Mizuho,2020-08-31,225.5300,240.0000,301.8800,True,True,25.7833
MSFT,Morgan Stanley,2020-09-09,211.2900,245.0000,297.2500,True,True,21.3265
MSFT,Deutsche Bank,2020-10-12,221.4000,245.0000,292.8800,True,True,19.5429
MSFT,RBC Capital,2020-10-13,222.8600,250.0000,296.3100,True,True,18.5240
MSFT,UBS,2020-10-14,220.8600,243.0000,302.7500,True,True,24.5885
MSFT,Mizuho,2020-10-15,219.6600,255.0000,304.2100,True,True,19.2980
MSFT,Stifel,2020-10-20,214.6500,245.0000,307.4100,True,True,25.4735
MSFT,Barclays,2020-10-23,216.2300,249.0000,308.1300,True,True,23.7470
MSFT,Piper Sandler,2020-10-28,202.6800,245.0000,324.3500,True,True,32.3878
MSFT,Morgan Stanley,2020-10-28,202.6800,249.0000,324.3500,True,True,30.2610
MSFT,Barclays,2020-10-28,202.6800,250.0000,324.3500,True,True,29.7400
MSFT,Goldman Sachs,2020-10-28,202.6800,255.0000,324.3500,True,True,27.1961
MSFT,Credit Suisse,2020-10-28,202.6800,235.0000,324.3500,True,True,38.0213
MSFT,TD Cowen,2020-10-28,202.6800,245.0000,324.3500,True,True,32.3878
MSFT,Deutsche Bank,2020-10-29,204.7200,250.0000,331.6200,True,True,32.6480
MSFT,Oppenheimer,2020-11-05,223.2900,260.0000,336.0600,True,True,29.2538
MSFT,Keybanc,2020-11-24,213.8600,250.0000,337.9100,True,True,35.1640
MSFT,Morgan Stanley,2020-12-18,218.5900,260.0000,319.9100,True,True,23.0423
MSFT,Citigroup,2020-12-21,222.5900,272.0000,327.2900,True,True,20.3272
MSFT,Goldman Sachs,2021-01-22,225.9500,285.0000,296.0300,True,True,3.8702
MSFT,Piper Sandler,2021-01-27,232.9000,300.0000,296.7100,True,False,1.0967
MSFT,Wedbush,2021-01-27,232.9000,285.0000,296.7100,True,True,4.1088
MSFT,Morgan Stanley,2021-01-27,232.9000,285.0000,296.7100,True,True,4.1088
MSFT,Credit Suisse,2021-01-27,232.9000,265.0000,296.7100,True,True,11.9660
MSFT,Goldman Sachs,2021-01-27,232.9000,315.0000,296.7100,True,False,5.8064
MSFT,Raymond James,2021-01-27,232.9000,275.0000,296.7100,True,True,7.8945
MSFT,TD Cowen,2021-01-27,232.9000,280.0000,296.7100,True,True,5.9679
MSFT,JP Morgan,2021-01-27,232.9000,245.0000,296.7100,True,True,21.1061
MSFT,UBS,2021-01-27,232.9000,267.0000,296.7100,True,True,11.1273
MSFT,Jefferies,2021-01-27,232.9000,300.0000,296.7100,True,False,1.0967
MSFT,Citigroup,2021-01-27,232.9000,292.0000,296.7100,True,True,1.6130
MSFT,Mizuho,2021-01-27,232.9000,270.0000,296.7100,True,True,9.8926
MSFT,BMO Capital,2021-01-27,232.9000,270.0000,296.7100,True,True,9.8926
MSFT,Barclays,2021-01-27,232.9000,269.0000,296.7100,True,True,10.3011
MSFT,Oppenheimer,2021-01-27,232.9000,275.0000,296.7100,True,True,7.8945
MSFT,B of A Securities,2021-01-27,232.9000,280.0000,296.7100,True,True,5.9679
MSFT,Argus Research,2021-01-28,238.9300,275.0000,299.8400,True,True,9.0327
MSFT,Piper Sandler,2021-02-02,239.5100,300.0000,308.7600,True,True,2.9200
MSFT,UBS,2021-02-09,243.7700,275.0000,304.5600,True,True,10.7491
MSFT,Wedbush,2021-02-16,243.7000,300.0000,295.0000,True,False,1.6667
MSFT,Morgan Stanley,2021-03-05,231.6000,290.0000,289.8600,True,False,0.0483
MSFT,BMO Capital,2021-04-12,255.9100,280.0000,296.9700,True,True,6.0607
MSFT,Argus Research,2021-04-13,258.4900,300.0000,285.2600,True,False,4.9133
MSFT,Citigroup,2021-04-21,260.5800,302.0000,286.3600,True,False,5.1788
MSFT,B of A Securities,2021-04-21,260.5800,300.0000,286.3600,True,False,4.5467
MSFT,Exane BNP Paribas,2021-04-22,257.1700,330.0000,280.8100,True,False,14.9061
MSFT,Wolfe Research,2021-04-23,261.1500,290.0000,274.0300,True,False,5.5069
MSFT,Keybanc,2021-04-26,261.5500,295.0000,280.7200,True,False,4.8407
MSFT,Barclays,2021-04-28,254.5600,288.0000,283.2200,True,False,1.6597
MSFT,Raymond James,2021-04-28,254.5600,290.0000,283.2200,True,False,2.3379
MSFT,Credit Suisse,2021-04-28,254.5600,300.0000,283.2200,True,False,5.5933
MSFT,Mizuho,2021-04-28,254.5600,285.0000,283.2200,True,False,0.6246
MSFT,Morgan Stanley,2021-04-28,254.5600,300.0000,283.2200,True,False,5.5933
MSFT,TD Cowen,2021-04-28,254.5600,295.0000,283.2200,True,False,3.9932
MSFT,JP Morgan,2021-04-28,254.5600,270.0000,283.2200,True,True,4.8963
MSFT,UBS,2021-04-28,254.5600,300.0000,283.2200,True,False,5.5933
MSFT,Piper Sandler,2021-04-28,254.5600,305.0000,283.2200,True,False,7.1410
MSFT,Rosenblatt,2021-05-13,243.0300,301.0000,255.3500,True,False,15.1661
MSFT,Jefferies,2021-05-18,243.0800,290.0000,266.8200,True,False,7.9931
MSFT,KGI Securities,2021-06-02,247.3000,300.0000,272.4200,True,False,9.1933
MSFT,Tigress Financial,2021-06-03,245.7100,303.0000,274.5800,True,False,9.3795
MSFT,Wedbush,2021-06-23,265.2700,325.0000,258.8600,True,False,20.3508
MSFT,Jefferies,2021-06-28,268.7200,310.0000,256.4800,True,False,17.2645
MSFT,Mizuho,2021-07-16,280.7500,310.0000,254.2500,True,False,17.9839
MSFT,Rosenblatt,2021-07-21,281.4000,333.0000,264.8400,True,False,20.4685
MSFT,Stifel,2021-07-21,281.4000,305.0000,264.8400,True,False,13.1672
MSFT,Cowen & Co.,2021-07-22,286.1400,310.0000,260.3600,True,False,16.0129
MSFT,TD Cowen,2021-07-22,286.1400,310.0000,260.3600,True,False,16.0129
MSFT,Barclays,2021-07-23,289.6700,325.0000,258.8300,True,False,20.3600
MSFT,Jefferies,2021-07-26,289.0500,335.0000,251.9000,True,False,24.8060
MSFT,Rosenblatt,2021-07-28,286.2200,349.0000,276.4100,True,False,20.7994
MSFT,Stifel,2021-07-28,286.2200,325.0000,276.4100,True,False,14.9508
MSFT,Morgan Stanley,2021-07-28,286.2200,305.0000,276.4100,True,False,9.3738
MSFT,TD Cowen,2021-07-28,286.2200,320.0000,276.4100,True,False,13.6219
MSFT,Barclays,2021-07-28,286.2200,330.0000,276.4100,True,False,16.2394
MSFT,Citigroup,2021-07-28,286.2200,411.0000,276.4100,True,False,32.7470
MSFT,Mizuho,2021-07-28,286.2200,325.0000,276.4100,True,False,14.9508
MSFT,Credit Suisse,2021-07-28,286.2200,320.0000,276.4100,True,False,13.6219
MSFT,Piper Sandler,2021-07-28,286.2200,310.0000,276.4100,True,False,10.8355
MSFT,JP Morgan,2021-07-29,286.5000,310.0000,280.7400,True,False,9.4387
MSFT,UBS,2021-08-20,304.3600,350.0000,277.7500,True,False,20.6429
MSFT,Mizuho,2021-08-20,304.3600,350.0000,277.7500,True,False,20.6429
MSFT,Wedbush,2021-08-20,304.3600,350.0000,277.7500,True,False,20.6429
MSFT,Jefferies,2021-09-08,300.2100,345.0000,258.5200,True,False,25.0667
MSFT,Morgan Stanley,2021-09-14,299.7900,331.0000,252.2200,True,False,23.8006
MSFT,Barclays,2021-09-17,299.8700,345.0000,244.5200,True,False,29.1246
MSFT,Tigress Financial,2021-09-17,299.8700,366.0000,244.5200,True,False,33.1913
MSFT,Jefferies,2021-10-20,307.4100,375.0000,236.1500,True,False,37.0267
MSFT,Wedbush,2021-10-20,307.4100,375.0000,236.1500,True,False,37.0267
MSFT,Keybanc,2021-10-25,308.1300,365.0000,250.6600,True,False,31.3260
MSFT,Piper Sandler,2021-10-27,323.1700,352.0000,226.7500,True,False,35.5824
MSFT,Stifel,2021-10-27,323.1700,380.0000,226.7500,True,False,40.3289
MSFT,Goldman Sachs,2021-10-27,323.1700,400.0000,226.7500,True,False,43.3125
MSFT,Credit Suisse,2021-10-27,323.1700,340.0000,226.7500,True,False,33.3088
MSFT,Barclays,2021-10-27,323.1700,363.0000,226.7500,True,False,37.5344
MSFT,Morgan Stanley,2021-10-27,323.1700,364.0000,226.7500,True,False,37.7060
MSFT,JP Morgan,2021-10-27,323.1700,320.0000,226.7500,False,True,29.1406
MSFT,TD Cowen,2021-10-27,323.1700,360.0000,226.7500,True,False,37.0139
MSFT,Mizuho,2021-10-27,323.1700,360.0000,226.7500,True,False,37.0139
MSFT,Citigroup,2021-10-28,324.3500,407.0000,235.8700,True,False,42.0467
MSFT,Deutsche Bank,2021-11-02,333.1300,390.0000,220.1000,True,False,43.5641
MSFT,Wells Fargo,2021-11-22,339.8300,400.0000,245.0300,True,False,38.7425
MSFT,SMBC Nikko,2021-12-22,333.2000,410.0000,238.1900,True,False,41.9049
MSFT,Jefferies,2022-01-06,313.8800,400.0000,227.1200,True,False,43.2200
MSFT,Mizuho,2022-01-18,302.6500,350.0000,231.9300,True,False,33.7343
MSFT,TD Cowen,2022-01-20,301.6000,360.0000,242.5800,True,False,32.6167
MSFT,BMO Capital,2022-01-26,296.7100,355.0000,248.1600,True,False,30.0958
MSFT,Oppenheimer,2022-01-26,296.7100,340.0000,248.1600,True,False,27.0118
MSFT,Morgan Stanley,2022-01-26,296.7100,372.0000,248.1600,True,False,33.2903
MSFT,Citigroup,2022-01-26,296.7100,386.0000,248.1600,True,False,35.7098
MSFT,Mizuho,2022-01-26,296.7100,350.0000,248.1600,True,False,29.0971
MSFT,Tigress Financial,2022-02-04,305.9400,411.0000,267.5600,True,False,34.9002
MSFT,Wells Fargo,2022-04-19,285.3000,400.0000,286.1100,True,False,28.4725
MSFT,Citigroup,2022-04-19,285.3000,355.0000,286.1100,True,False,19.4056
MSFT,BMO Capital,2022-04-26,270.2200,340.0000,304.8300,True,False,10.3441
MSFT,Wolfe Research,2022-04-27,283.2200,350.0000,307.2600,True,False,12.2114
MSFT,Deutsche Bank,2022-04-27,283.2200,350.0000,307.2600,True,False,12.2114
MSFT,Stifel,2022-04-27,283.2200,350.0000,307.2600,True,False,12.2114
MSFT,Wedbush,2022-04-27,283.2200,340.0000,307.2600,True,False,9.6294
MSFT,Jefferies,2022-05-23,260.6500,325.0000,313.8500,True,False,3.4308
MSFT,Barclays,2022-06-10,252.9900,335.0000,334.2900,True,False,0.2119
MSFT,Jefferies,2022-06-13,242.2600,320.0000,337.3400,True,True,5.4187
MSFT,UBS,2022-06-16,244.9700,330.0000,338.0500,True,True,2.4394
MSFT,SMBC Nikko,2022-06-24,267.7000,326.0000,334.5700,True,True,2.6288
MSFT,Keybanc,2022-07-07,268.4000,330.0000,331.8300,True,True,0.5545
MSFT,Piper Sandler,2022-07-08,267.6600,312.0000,332.4700,True,True,6.5609
MSFT,Morgan Stanley,2022-07-12,253.6700,354.0000,342.6600,True,False,3.2034
MSFT,SMBC Nikko,2022-07-14,254.0800,308.0000,345.7300,True,True,12.2500
MSFT,BMO Capital,2022-07-15,256.7200,305.0000,359.4900,True,True,17.8656
MSFT,Citigroup,2022-07-19,259.5300,330.0000,346.8700,True,True,5.1121
MSFT,Mizuho,2022-07-19,259.5300,340.0000,346.8700,True,True,2.0206
MSFT,Cowen & Co.,2022-07-22,260.3600,330.0000,350.9800,True,True,6.3576
MSFT,TD Cowen,2022-07-22,260.3600,330.0000,350.9800,True,True,6.3576
MSFT,Wells Fargo,2022-07-25,258.8300,350.0000,337.7700,True,False,3.4943
MSFT,Rosenblatt,2022-07-26,251.9000,330.0000,330.7200,True,True,0.2182
MSFT,Citigroup,2022-07-27,268.7400,300.0000,338.3700,True,True,12.7900
MSFT,BMO Capital,2022-07-27,268.7400,320.0000,338.3700,True,True,5.7406
MSFT,Wedbush,2022-07-27,268.7400,320.0000,338.3700,True,True,5.7406
MSFT,Stifel,2022-07-27,268.7400,300.0000,338.3700,True,True,12.7900
MSFT,JP Morgan,2022-07-27,268.7400,305.0000,338.3700,True,True,10.9410
MSFT,Deutsche Bank,2022-07-27,268.7400,330.0000,338.3700,True,True,2.5364
MSFT,Cowen & Co.,2022-07-27,268.7400,320.0000,338.3700,True,True,5.7406
MSFT,TD Cowen,2022-07-27,268.7400,320.0000,338.3700,True,True,5.7406
MSFT,Wolfe Research,2022-07-29,280.7400,275.0000,336.3400,False,False,22.3055
MSFT,SMBC Nikko,2022-08-08,280.3200,331.0000,322.2300,True,False,2.6495
MSFT,Guggenheim,2022-08-12,291.9100,292.0000,321.8600,True,True,10.2260
MSFT,MoffettNathanson,2022-09-22,240.9800,285.0000,317.5400,True,True,11.4175
MSFT,Oppenheimer,2022-10-04,248.8800,275.0000,319.3600,True,True,16.1309
MSFT,Wells Fargo,2022-10-12,225.7500,315.0000,327.7300,True,True,4.0413
MSFT,Morgan Stanley,2022-10-14,228.5600,325.0000,332.0600,True,True,2.1723
MSFT,Mizuho,2022-10-17,237.5300,320.0000,330.1100,True,True,3.1594
MSFT,Barclays,2022-10-18,238.5000,310.0000,331.3200,True,True,6.8774
MSFT,Deutsche Bank,2022-10-18,238.5000,315.0000,331.3200,True,True,5.1810
MSFT,Citigroup,2022-10-19,236.4800,282.0000,326.6700,True,True,15.8404
MSFT,Cowen & Co.,2022-10-19,236.4800,310.0000,326.6700,True,True,5.3774
MSFT,TD Cowen,2022-10-19,236.4800,310.0000,326.6700,True,True,5.3774
MSFT,Piper Sandler,2022-10-20,236.1500,275.0000,329.3200,True,True,19.7527
MSFT,Rosenblatt,2022-10-20,236.1500,300.0000,329.3200,True,True,9.7733
MSFT,UBS,2022-10-20,236.1500,300.0000,329.3200,True,True,9.7733
MSFT,BMO Capital,2022-10-21,242.1200,295.0000,330.5300,True,True,12.0441
MSFT,Piper Sandler,2022-10-26,231.3200,265.0000,329.8100,True,True,24.4566
MSFT,Jefferies,2022-10-26,231.3200,270.0000,329.8100,True,True,22.1519
MSFT,Barclays,2022-10-26,231.3200,296.0000,329.8100,True,True,11.4223
MSFT,Credit Suisse,2022-10-26,231.3200,365.0000,329.8100,True,False,9.6411
MSFT,Deutsche Bank,2022-10-26,231.3200,275.0000,329.8100,True,True,19.9309
MSFT,Mizuho,2022-10-26,231.3200,305.0000,329.8100,True,True,8.1344
MSFT,Morgan Stanley,2022-10-26,231.3200,307.0000,329.8100,True,True,7.4300
MSFT,Raymond James,2022-10-26,231.3200,280.0000,329.8100,True,True,17.7893
MSFT,Stifel,2022-10-26,231.3200,290.0000,329.8100,True,True,13.7276
MSFT,Cowen & Co.,2022-10-26,231.3200,285.0000,329.8100,True,True,15.7228
MSFT,Wells Fargo,2022-10-26,231.3200,300.0000,329.8100,True,True,9.9367
MSFT,RBC Capital,2022-10-26,231.3200,310.0000,329.8100,True,True,6.3903
MSFT,Atlantic Equities,2022-10-26,231.3200,290.0000,329.8100,True,True,13.7276
MSFT,Wedbush,2022-10-26,231.3200,290.0000,329.8100,True,True,13.7276
MSFT,Wolfe Research,2022-10-26,231.3200,280.0000,329.8100,True,True,17.7893
MSFT,Jefferies,2022-10-26,231.3200,270.0000,329.8100,True,True,22.1519
MSFT,Evercore ISI Group,2022-10-26,231.3200,300.0000,329.8100,True,True,9.9367
MSFT,BMO Capital,2022-10-26,231.3200,270.0000,329.8100,True,True,22.1519
MSFT,TD Cowen,2022-10-26,231.3200,285.0000,329.8100,True,True,15.7228
MSFT,Oppenheimer,2022-10-26,231.3200,265.0000,329.8100,True,True,24.4566
MSFT,Rosenblatt,2022-10-27,226.7500,285.0000,337.3100,True,True,18.3544
MSFT,Macquarie,2022-11-02,220.1000,234.0000,352.8000,True,True,50.7692
MSFT,UBS,2023-01-04,229.1000,250.0000,367.7500,True,True,47.1000
MSFT,DA Davidson,2023-01-05,222.3100,270.0000,374.6900,True,True,38.7741
MSFT,Piper Sandler,2023-01-09,227.1200,247.0000,382.7700,True,True,54.9676
MSFT,Barclays,2023-01-10,228.8500,280.0000,384.6300,True,True,37.3679
MSFT,Guggenheim,2023-01-17,240.3500,212.0000,393.8700,False,False,85.7877
MSFT,Cowen & Co.,2023-01-19,231.9300,280.0000,396.5100,True,True,41.6107
MSFT,Citigroup,2023-01-19,231.9300,280.0000,396.5100,True,True,41.6107
MSFT,Evercore ISI Group,2023-01-19,231.9300,280.0000,396.5100,True,True,41.6107
MSFT,TD Cowen,2023-01-19,231.9300,280.0000,396.5100,True,True,41.6107
MSFT,Mizuho,2023-01-20,240.2200,290.0000,398.9000,True,True,37.5517
MSFT,BMO Capital,2023-01-23,242.5800,267.0000,402.5600,True,True,50.7715
MSFT,Jefferies,2023-01-23,242.5800,280.0000,402.5600,True,True,43.7714
MSFT,Raymond James,2023-01-25,240.6100,270.0000,403.9300,True,True,49.6037
MSFT,Citigroup,2023-01-25,240.6100,282.0000,403.9300,True,True,43.2376
MSFT,JP Morgan,2023-01-25,240.6100,265.0000,403.9300,True,True,52.4264
MSFT,Wolfe Research,2023-01-25,240.6100,265.0000,403.9300,True,True,52.4264
MSFT,BMO Capital,2023-01-25,240.6100,265.0000,403.9300,True,True,52.4264
MSFT,Mizuho,2023-01-25,240.6100,280.0000,403.9300,True,True,44.2607
MSFT,Jefferies,2023-01-25,240.6100,275.0000,403.9300,True,True,46.8836
MSFT,Stifel,2023-01-25,240.6100,275.0000,403.9300,True,True,46.8836
MSFT,Wedbush,2023-01-25,240.6100,280.0000,403.9300,True,True,44.2607
MSFT,MoffettNathanson,2023-01-25,240.6100,263.0000,403.9300,True,True,53.5855
MSFT,Credit Suisse,2023-01-26,248.0000,285.0000,409.7200,True,True,43.7614
MSFT,Rosenblatt,2023-01-26,248.0000,275.0000,409.7200,True,True,48.9891
MSFT,Bernstein,2023-01-26,248.0000,280.0000,409.7200,True,True,46.3286
MSFT,Piper Sandler,2023-02-08,266.7300,290.0000,420.5500,True,True,45.0172
MSFT,Wedbush,2023-02-08,266.7300,280.0000,420.5500,True,True,50.1964
MSFT,Oppenheimer,2023-02-08,266.7300,280.0000,420.5500,True,True,50.1964
MSFT,Jefferies,2023-02-08,266.7300,310.0000,420.5500,True,True,35.6613
MSFT,Mizuho,2023-02-08,266.7300,300.0000,420.5500,True,True,40.1833
MSFT,JP Morgan,2023-02-08,266.7300,305.0000,420.5500,True,True,37.8852
MSFT,DA Davidson,2023-02-08,266.7300,325.0000,420.5500,True,True,29.4000
MSFT,Stifel,2023-02-13,271.3200,290.0000,409.4900,True,True,41.2034
MSFT,Wedbush,2023-02-24,249.2200,290.0000,407.4800,True,True,40.5103
MSFT,RBC Capital,2023-03-17,279.4300,285.0000,421.4100,True,True,47.8632
MSFT,Mizuho,2023-03-17,279.4300,315.0000,421.4100,True,True,33.7810
MSFT,Wells Fargo,2023-03-24,280.5700,320.0000,421.6500,True,True,31.7656
MSFT,BMO Capital,2023-03-28,275.2300,305.0000,420.7200,True,True,37.9410
MSFT,Keybanc,2023-03-29,280.5100,316.0000,424.5700,True,True,34.3576
MSFT,Raymond James,2023-04-03,287.2300,310.0000,417.8800,True,True,34.8000
MSFT,Oppenheimer,2023-04-06,291.6000,310.0000,426.2800,True,True,37.5097
MSFT,UBS,2023-04-11,282.8300,275.0000,427.9300,False,False,55.6109
MSFT,Wedbush,2023-04-12,283.4900,315.0000,421.9000,True,True,33.9365
MSFT,Stifel,2023-04-14,286.1400,310.0000,414.5800,True,True,33.7355
MSFT,BMO Capital,2023-04-14,286.1400,310.0000,414.5800,True,True,33.7355
MSFT,Barclays,2023-04-17,288.8000,310.0000,411.8400,True,True,32.8516
MSFT,Jefferies,2023-04-18,288.3700,325.0000,404.2700,True,True,24.3908
MSFT,TD Cowen,2023-04-18,288.3700,300.0000,404.2700,True,True,34.7567
MSFT,Citigroup,2023-04-19,288.4500,332.0000,399.1200,True,True,20.2169
MSFT,Deutsche Bank,2023-04-19,288.4500,310.0000,399.1200,True,True,28.7484
MSFT,B of A Securities,2023-04-19,288.4500,320.0000,399.1200,True,True,24.7250
MSFT,Keybanc,2023-04-20,286.1100,335.0000,400.9600,True,True,19.6895
MSFT,Piper Sandler,2023-04-21,285.7600,290.0000,407.5700,True,True,40.5414
MSFT,BMO Capital,2023-04-21,285.7600,325.0000,407.5700,True,True,25.4062
MSFT,Bernstein,2023-04-24,281.7700,322.0000,409.0600,True,True,27.0373
MSFT,Evercore ISI Group,2023-04-25,275.4200,295.0000,399.0400,True,True,35.2678
MSFT,Jefferies,2023-04-26,295.3700,350.0000,406.3200,True,True,16.0914
MSFT,Barclays,2023-04-26,295.3700,336.0000,406.3200,True,True,20.9286
MSFT,JP Morgan,2023-04-26,295.3700,315.0000,406.3200,True,True,28.9905
MSFT,Wolfe Research,2023-04-26,295.3700,350.0000,406.3200,True,True,16.0914
MSFT,Mizuho,2023-04-26,295.3700,325.0000,406.3200,True,True,25.0215
MSFT,Stifel,2023-04-26,295.3700,320.0000,406.3200,True,True,26.9750
MSFT,MoffettNathanson,2023-04-26,295.3700,306.0000,406.3200,True,True,32.7843
MSFT,Wells Fargo,2023-04-26,295.3700,345.0000,406.3200,True,True,17.7739
MSFT,Macquarie,2023-04-26,295.3700,325.0000,406.3200,True,True,25.0215
MSFT,Oppenheimer,2023-04-26,295.3700,330.0000,406.3200,True,True,23.1273
MSFT,BMO Capital,2023-04-26,295.3700,347.0000,406.3200,True,True,17.0951
MSFT,Credit Suisse,2023-04-26,295.3700,350.0000,406.3200,True,True,16.0914
MSFT,Rosenblatt,2023-04-26,295.3700,310.0000,406.3200,True,True,31.0710
MSFT,Morgan Stanley,2023-04-26,295.3700,335.0000,406.3200,True,True,21.2896
MSFT,Citigroup,2023-04-26,295.3700,340.0000,406.3200,True,True,19.5059
MSFT,Wedbush,2023-04-26,295.3700,325.0000,406.3200,True,True,25.0215
MSFT,Guggenheim,2023-04-26,295.3700,232.0000,406.3200,False,False,75.1379
MSFT,Atlantic Equities,2023-04-26,295.3700,330.0000,406.3200,True,True,23.1273
MSFT,DA Davidson,2023-04-26,295.3700,350.0000,406.3200,True,True,16.0914
MSFT,Raymond James,2023-04-26,295.3700,320.0000,406.3200,True,True,26.9750
MSFT,Piper Sandler,2023-04-26,295.3700,348.0000,406.3200,True,True,16.7586
MSFT,RBC Capital,2023-04-26,295.3700,350.0000,406.3200,True,True,16.0914
MSFT,Deutsche Bank,2023-04-26,295.3700,340.0000,406.3200,True,True,19.5059
MSFT,UBS,2023-04-26,295.3700,300.0000,406.3200,True,True,35.4400
MSFT,B of A Securities,2023-04-26,295.3700,340.0000,406.3200,True,True,19.5059
MSFT,TD Cowen,2023-04-26,295.3700,330.0000,406.3200,True,True,23.1273
MSFT,Evercore ISI Group,2023-04-26,295.3700,337.0000,406.3200,True,True,20.5697
MSFT,Wedbush,2023-05-11,310.1100,340.0000,413.7200,True,True,21.6824
MSFT,RBC Capital,2023-05-19,318.3400,350.0000,429.0400,True,True,22.5829
MSFT,Jefferies,2023-05-23,315.2600,400.0000,427.0000,True,True,6.7500
MSFT,Mizuho,2023-05-24,313.8500,340.0000,430.1600,True,True,26.5176
MSFT,Oppenheimer,2023-05-25,325.9200,330.0000,430.3200,True,True,30.4000
MSFT,Wedbush,2023-05-30,331.2100,375.0000,414.6700,True,True,10.5787
MSFT,Deutsche Bank,2023-05-30,331.2100,380.0000,414.6700,True,True,9.1237
MSFT,Piper Sandler,2023-05-31,328.3900,400.0000,415.1300,True,True,3.7825
MSFT,Credit Suisse,2023-05-31,328.3900,420.0000,415.1300,True,False,1.1595
MSFT,Wells Fargo,2023-05-31,328.3900,365.0000,415.1300,True,True,13.7342
MSFT,UBS,2023-05-31,328.3900,345.0000,415.1300,True,True,20.3275
MSFT,Evercore ISI Group,2023-06-02,335.4000,400.0000,416.0700,True,True,4.0175
MSFT,CFRA,2023-06-06,333.6800,370.0000,424.5200,True,True,14.7351
MSFT,BMO Capital,2023-06-09,326.7900,385.0000,432.6800,True,True,12.3844
MSFT,JP Morgan,2023-06-15,348.1000,350.0000,448.3700,True,True,28.1057
MSFT,Mizuho,2023-06-15,348.1000,360.0000,448.3700,True,True,24.5472
MSFT,Wedbush,2023-07-05,338.1500,375.0000,467.5600,True,True,24.6827
MSFT,Morgan Stanley,2023-07-06,341.2700,415.0000,466.2400,True,True,12.3470
MSFT,Wedbush,2023-07-12,337.2000,375.0000,453.5500,True,True,20.9467
MSFT,Oppenheimer,2023-07-13,342.6600,410.0000,453.9600,True,True,10.7219
MSFT,UBS,2023-07-14,345.2400,400.0000,449.5200,True,True,12.3800
MSFT,Keybanc,2023-07-18,359.4900,400.0000,440.3700,True,True,10.0925
MSFT,Wedbush,2023-07-18,359.4900,375.0000,440.3700,True,True,17.4320
MSFT,Piper Sandler,2023-07-19,355.0800,400.0000,437.1100,True,True,9.2775
MSFT,Barclays,2023-07-19,355.0800,425.0000,437.1100,True,True,2.8494
MSFT,Wells Fargo,2023-07-19,355.0800,400.0000,437.1100,True,True,9.2775
MSFT,B of A Securities,2023-07-19,355.0800,405.0000,437.1100,True,True,7.9284
MSFT,JP Morgan,2023-07-19,355.0800,385.0000,437.1100,True,True,13.5351
MSFT,Mizuho,2023-07-19,355.0800,420.0000,437.1100,True,True,4.0738
MSFT,Citigroup,2023-07-20,346.8700,425.0000,442.9400,True,True,4.2212
MSFT,Guggenheim,2023-07-20,346.8700,232.0000,442.9400,False,False,90.9224
MSFT,Stifel,2023-07-20,346.8700,380.0000,442.9400,True,True,16.5632
MSFT,Raymond James,2023-07-24,345.1100,400.0000,428.9000,True,True,7.2250
MSFT,Goldman Sachs,2023-07-24,345.1100,400.0000,428.9000,True,True,7.2250
MSFT,Piper Sandler,2023-07-26,337.7700,400.0000,425.2700,True,True,6.3175
MSFT,BMO Capital,2023-07-26,337.7700,400.0000,425.2700,True,True,6.3175
MSFT,Wedbush,2023-07-26,337.7700,400.0000,425.2700,True,True,6.3175
MSFT,Citigroup,2023-07-26,337.7700,420.0000,425.2700,True,True,1.2548
MSFT,RBC Capital,2023-07-26,337.7700,390.0000,425.2700,True,True,9.0436
MSFT,Morgan Stanley,2023-07-26,337.7700,415.0000,425.2700,True,True,2.4747
MSFT,Rosenblatt,2023-07-27,330.7200,360.0000,426.7300,True,True,18.5361
MSFT,Oppenheimer,2023-07-28,338.3700,410.0000,422.9200,True,True,3.1512
MSFT,Argus Research,2023-07-31,335.9200,390.0000,418.3500,True,True,7.2692
MSFT,Tigress Financial,2023-08-02,327.5000,433.0000,408.4900,True,False,5.6605
MSFT,Redburn Partners,2023-08-11,321.0100,440.0000,414.0100,True,False,5.9068
MSFT,Bernstein,2023-09-14,338.7000,398.0000,431.3400,True,True,8.3769
MSFT,HSBC,2023-09-15,330.2200,347.0000,435.1500,True,True,25.4035
MSFT,Bernstein,2023-09-20,320.7700,400.0000,435.2700,True,True,8.8175
MSFT,Wedbush,2023-09-21,319.5300,400.0000,433.5100,True,True,8.3775
MSFT,RBC Capital,2023-09-22,317.0100,390.0000,429.1700,True,True,10.0436
MSFT,JP Morgan,2023-09-22,317.0100,385.0000,429.1700,True,True,11.4727
MSFT,Citigroup,2023-09-22,317.0100,420.0000,429.1700,True,True,2.1833
MSFT,Wells Fargo,2023-10-02,321.8000,400.0000,417.1300,True,True,4.2825
MSFT,Jefferies,2023-10-02,321.8000,400.0000,417.1300,True,True,4.2825
MSFT,Piper Sandler,2023-10-16,332.6400,400.0000,416.1200,True,True,4.0300
MSFT,Rosenblatt,2023-10-16,332.6400,370.0000,416.1200,True,True,12.4649
MSFT,DA Davidson,2023-10-16,332.6400,415.0000,416.1200,True,True,0.2699
MSFT,Loop Capital,2023-10-17,332.0600,425.0000,416.7200,True,False,1.9482
MSFT,Citigroup,2023-10-19,331.3200,430.0000,418.7800,True,False,2.6093
MSFT,Piper Sandler,2023-10-25,340.6700,425.0000,428.1500,True,True,0.7412
MSFT,Goldman Sachs,2023-10-25,340.6700,450.0000,428.1500,True,False,4.8556
MSFT,Oppenheimer,2023-10-25,340.6700,410.0000,428.1500,True,True,4.4268
MSFT,Wedbush,2023-10-25,340.6700,400.0000,428.1500,True,True,7.0375
MSFT,Barclays,2023-10-25,340.6700,421.0000,428.1500,True,True,1.6983
MSFT,RBC Capital,2023-10-25,340.6700,390.0000,428.1500,True,True,9.7820
MSFT,HSBC,2023-10-26,327.8900,413.0000,426.5900,True,True,3.2906
MSFT,Rosenblatt,2023-10-26,327.8900,375.0000,426.5900,True,True,13.7573
MSFT,Citigroup,2023-10-26,327.8900,432.0000,426.5900,True,False,1.2523
MSFT,Piper Sandler,2023-10-30,337.3100,425.0000,432.5300,True,True,1.7718
MSFT,Wedbush,2023-11-16,376.1700,425.0000,415.7600,True,False,2.1741
MSFT,Wedbush,2023-11-20,377.4400,425.0000,415.4900,True,False,2.2376
MSFT,Macquarie,2023-11-20,377.4400,405.0000,415.4900,True,True,2.5901
MSFT,Evercore ISI Group,2023-11-20,377.4400,432.0000,415.4900,True,False,3.8218
MSFT,Wedbush,2023-11-22,377.8500,425.0000,417.0000,True,False,1.8824
MSFT,RBC Capital,2023-11-24,377.4300,390.0000,418.7900,True,True,7.3821
MSFT,Mizuho,2023-11-24,377.4300,420.0000,418.7900,True,False,0.2881
MSFT,Tigress Financial,2023-11-29,378.8500,475.0000,423.4600,True,False,10.8505
MSFT,China Renaissance,2023-12-05,372.5200,466.0000,442.6200,True,False,5.0172
MSFT,Argus Research,2023-12-05,372.5200,430.0000,442.6200,True,True,2.9349
MSFT,Truist Securities,2023-12-13,374.3700,600.0000,447.2700,True,False,25.4550
MSFT,Mizuho,2023-12-15,370.7300,450.0000,454.4600,True,True,0.9911
MSFT,Wedbush,2023-12-28,375.2800,450.0000,424.8300,True,False,5.5933
MSFT,Piper Sandler,2024-01-02,370.8700,455.0000,418.5800,True,False,8.0044
MSFT,BMO Capital,2024-01-09,375.7900,420.0000,418.9500,True,False,0.2500
MSFT,Piper Sandler,2024-01-12,388.4700,455.0000,426.3100,True,False,6.3055
MSFT,Exane BNP Paribas,2024-01-18,393.8700,471.0000,428.5000,True,False,9.0234
MSFT,Truist Securities,2024-01-23,398.9000,600.0000,444.0600,True,False,25.9900
MSFT,Piper Sandler,2024-01-25,404.8700,455.0000,447.2000,True,False,1.7143
MSFT,Wedbush,2024-01-29,409.7200,450.0000,414.9900,True,False,7.7800
MSFT,Barclays,2024-01-31,397.5800,475.0000,410.9200,True,False,13.4905
MSFT,Macquarie,2024-01-31,397.5800,450.0000,410.9200,True,False,8.6844
MSFT,Raymond James,2024-01-31,397.5800,450.0000,410.9200,True,False,8.6844
MSFT,Wells Fargo,2024-01-31,397.5800,460.0000,410.9200,True,False,10.6696
MSFT,Wedbush,2024-01-31,397.5800,475.0000,410.9200,True,False,13.4905
MSFT,RBC Capital,2024-01-31,397.5800,450.0000,410.9200,True,False,8.6844
MSFT,BMO Capital,2024-01-31,397.5800,455.0000,410.9200,True,False,9.6879
MSFT,DA Davidson,2024-03-05,402.6500,500.0000,393.3100,True,False,21.3380
MSFT,Jefferies,2024-03-06,402.0900,465.0000,380.1600,True,False,18.2452
MSFT,DA Davidson,2024-03-15,416.4200,500.0000,387.8200,True,False,22.4360
MSFT,Keybanc,2024-03-21,429.3700,490.0000,395.1600,True,False,19.3551
MSFT,Truist Securities,2024-03-25,422.8600,600.0000,390.5800,True,False,34.9033
MSFT,Wedbush,2024-03-26,421.6500,500.0000,378.8000,True,False,24.2400
MSFT,Jefferies,2024-04-01,424.5700,550.0000,382.1400,True,False,30.5200
MSFT,UBS,2024-04-10,423.2600,480.0000,388.4500,True,False,19.0729
MSFT,Wedbush,2024-04-10,423.2600,500.0000,388.4500,True,False,22.3100
MSFT,Morgan Stanley,2024-04-11,427.9300,520.0000,387.8100,True,False,25.4212
MSFT,BMO Capital,2024-04-12,421.9000,465.0000,385.7300,True,False,17.0473
MSFT,Wells Fargo,2024-04-17,411.8400,480.0000,359.1200,True,False,25.1833
MSFT,Citigroup,2024-04-18,404.2700,475.0000,366.8200,True,False,22.7747
MSFT,Stifel,2024-04-22,400.9600,455.0000,387.3000,True,False,14.8791
MSFT,Piper Sandler,2024-04-26,406.3200,465.0000,395.2600,True,False,14.9978
MSFT,Bernstein,2024-04-26,406.3200,489.0000,395.2600,True,False,19.1697
MSFT,JP Morgan,2024-04-26,406.3200,470.0000,395.2600,True,False,15.9021
MSFT,Evercore ISI Group,2024-04-26,406.3200,485.0000,395.2600,True,False,18.5031
MSFT,Goldman Sachs,2024-04-26,406.3200,515.0000,395.2600,True,False,23.2505
MSFT,Stifel,2024-04-26,406.3200,475.0000,395.2600,True,False,16.7874
MSFT,Wedbush,2024-04-26,406.3200,500.0000,395.2600,True,False,20.9480
MSFT,Raymond James,2024-04-26,406.3200,480.0000,395.2600,True,False,17.6542
MSFT,Wells Fargo,2024-04-26,406.3200,500.0000,395.2600,True,False,20.9480
MSFT,Citigroup,2024-04-26,406.3200,495.0000,395.2600,True,False,20.1495
MSFT,RBC Capital,2024-05-17,420.2100,500.0000,452.5700,True,False,9.4860
MSFT,Macquarie,2024-05-17,420.2100,475.0000,452.5700,True,False,4.7221
MSFT,Wedbush,2024-05-22,430.5200,500.0000,460.6900,True,False,7.8620
MSFT,RBC Capital,2024-05-24,430.1600,500.0000,458.6800,True,False,8.2640
MSFT,Oppenheimer,2024-06-07,423.8500,500.0000,472.6200,True,False,5.4760
MSFT,New Street Research,2024-06-10,427.8700,570.0000,478.8700,True,False,15.9877
MSFT,Tigress Financial,2024-06-13,441.5800,550.0000,478.0400,True,False,13.0836
MSFT,Truist Securities,2024-06-17,448.3700,600.0000,477.4000,True,False,20.4333
MSFT,Citigroup,2024-06-21,449.7800,520.0000,492.2700,True,False,5.3327
MSFT,Argus Research,2024-07-09,459.5400,526.0000,503.3200,True,False,4.3118
MSFT,BMO Capital,2024-07-12,453.5500,500.0000,505.6200,True,True,1.1240
MSFT,Piper Sandler,2024-07-12,453.5500,465.0000,505.6200,True,True,8.7355
MSFT,Mizuho,2024-07-16,449.5200,480.0000,510.0500,True,True,6.2604
MSFT,B of A Securities,2024-07-17,443.5200,510.0000,510.0600,True,True,0.0118
MSFT,Wedbush,2024-07-17,443.5200,550.0000,510.0600,True,False,7.2618
MSFT,TD Cowen,2024-07-18,440.3700,495.0000,505.2700,True,True,2.0747
MSFT,Piper Sandler,2024-07-23,444.8500,485.0000,513.7100,True,True,5.9196
MSFT,Piper Sandler,2024-07-31,418.3500,485.0000,535.6400,True,True,10.4412
MSFT,Citigroup,2024-07-31,418.3500,500.0000,535.6400,True,True,7.1280
MSFT,Wells Fargo,2024-07-31,418.3500,515.0000,535.6400,True,True,4.0078
MSFT,RBC Capital,2024-07-31,418.3500,500.0000,535.6400,True,True,7.1280
MSFT,UBS,2024-07-31,418.3500,510.0000,535.6400,True,True,5.0275
MSFT,Wedbush,2024-07-31,418.3500,550.0000,535.6400,True,False,2.6109
MSFT,Morgan Stanley,2024-07-31,418.3500,506.0000,535.6400,True,True,5.8577
MSFT,DA Davidson,2024-07-31,418.3500,475.0000,535.6400,True,True,12.7663
MSFT,Morgan Stanley,2024-09-17,435.1500,506.0000,517.9300,True,True,2.3577
MSFT,DA Davidson,2024-09-23,433.5100,475.0000,507.0300,True,True,6.7432
MSFT,DA Davidson,2024-09-27,428.0200,475.0000,519.7100,True,True,9.4126
MSFT,Truist Securities,2024-10-08,414.7100,600.0000,510.9600,True,False,14.8400
MSFT,Goldman Sachs,2024-10-10,415.8400,500.0000,513.5700,True,True,2.7140
MSFT,Piper Sandler,2024-10-18,418.1600,470.0000,520.5400,True,True,10.7532
MSFT,Keybanc,2024-10-18,418.1600,505.0000,520.5400,True,True,3.0772
MSFT,Citigroup,2024-10-23,424.6000,497.0000,531.5200,True,True,6.9457
MSFT,Bernstein,2024-10-25,428.1500,500.0000,541.5500,True,True,8.3100
MSFT,Truist Securities,2024-10-28,426.5900,600.0000,525.7600,True,False,12.3733
MSFT,Morgan Stanley,2024-10-31,406.3500,548.0000,514.3300,True,False,6.1442
MSFT,Piper Sandler,2024-10-31,406.3500,470.0000,514.3300,True,True,9.4319
MSFT,TD Cowen,2024-10-31,406.3500,475.0000,514.3300,True,True,8.2800
MSFT,JP Morgan,2024-10-31,406.3500,465.0000,514.3300,True,True,10.6086
MSFT,UBS,2024-10-31,406.3500,500.0000,514.3300,True,True,2.8660
MSFT,RBC Capital,2024-11-05,411.4600,500.0000,496.8200,True,False,0.6360
MSFT,Mizuho,2024-12-13,447.2700,510.0000,476.1200,True,False,6.6431
MSFT,UBS,2024-12-18,437.3900,525.0000,484.9200,True,False,7.6343
MSFT,Stifel,2024-12-18,437.3900,515.0000,484.9200,True,False,5.8408
MSFT,Loop Capital,2024-12-23,435.2500,550.0000,487.7100,True,False,11.3255
MSFT,Piper Sandler,2025-01-06,427.8500,520.0000,478.1100,True,False,8.0558
MSFT,Bernstein,2025-01-06,427.8500,516.0000,478.1100,True,False,7.3430
MSFT,Cantor Fitzgerald,2025-01-16,424.5800,509.0000,454.5200,True,False,10.7033
MSFT,Evercore ISI Group,2025-01-17,429.0300,500.0000,444.1100,True,False,11.1780
MSFT,Morgan Stanley,2025-01-22,446.2000,540.0000,465.9500,True,False,13.7130
MSFT,Piper Sandler,2025-01-27,434.5600,520.0000,481.6300,True,False,7.3788
MSFT,Cantor Fitzgerald,2025-01-29,442.3300,509.0000,430.2900,True,False,15.4637
MSFT,JP Morgan,2025-01-30,414.9900,465.0000,423.3700,True,False,8.9527
MSFT,Bernstein,2025-01-30,414.9900,511.0000,423.3700,True,False,17.1487
MSFT,Mizuho,2025-01-30,414.9900,500.0000,423.3700,True,False,15.3260
MSFT,Morgan Stanley,2025-01-30,414.9900,530.0000,423.3700,True,False,20.1189
MSFT,RBC Capital,2025-01-30,414.9900,500.0000,423.3700,True,False,15.3260
MSFT,DA Davidson,2025-01-30,414.9900,425.0000,423.3700,True,False,0.3835
MSFT,UBS,2025-01-30,414.9900,510.0000,423.3700,True,False,16.9863
MSFT,Stifel,2025-03-07,393.3100,475.0000,405.7600,True,False,14.5768
MSFT,DA Davidson,2025-03-13,378.7700,450.0000,399.9500,True,False,11.1222
MSFT,Scotiabank,2025-03-20,386.8400,470.0000,383.0000,True,False,18.5106
MSFT,Wedbush,2025-03-20,386.8400,550.0000,383.0000,True,False,30.3636
MSFT,Tigress Financial,2025-03-20,386.8400,595.0000,383.0000,True,False,35.6303
MSFT,Jefferies,2025-03-31,375.3900,500.0000,369.3700,True,False,26.1260
MSFT,Jefferies,2025-04-07,357.8600,475.0000,373.0700,True,False,21.4589
MSFT,Keybanc,2025-04-09,390.4900,575.0000,384.3700,True,False,33.1530
MSFT,Wedbush,2025-04-10,381.3500,475.0000,393.1100,True,False,17.2400
MSFT,Wells Fargo,2025-04-14,387.8100,500.0000,420.2600,True,False,15.9480
MSFT,UBS,2025-04-14,387.8100,480.0000,420.2600,True,False,12.4458
MSFT,B of A Securities,2025-04-15,385.7300,480.0000,422.7900,True,False,11.9187
MSFT,BMO Capital,2025-04-16,371.6100,470.0000,418.0700,True,False,11.0489
MSFT,Citigroup,2025-04-21,359.1200,480.0000,432.9200,True,False,9.8083
MSFT,Barclays,2025-04-21,359.1200,430.0000,432.9200,True,True,0.6791
MSFT,Piper Sandler,2025-04-23,374.3900,435.0000,424.6200,True,False,2.3862
MSFT,Goldman Sachs,2025-04-24,387.3000,450.0000,424.8200,True,False,5.5956
MSFT,Piper Sandler,2025-05-01,425.4000,475.0000,413.6200,True,False,12.9221
MSFT,Bernstein,2025-05-01,425.4000,520.0000,413.6200,True,False,20.4577
MSFT,Goldman Sachs,2025-05-01,425.4000,480.0000,413.6200,True,False,13.8292
MSFT,BMO Capital,2025-05-01,425.4000,485.0000,413.6200,True,False,14.7175
MSFT,JP Morgan,2025-05-01,425.4000,475.0000,413.6200,True,False,12.9221
MSFT,Evercore ISI Group,2025-05-01,425.4000,500.0000,413.6200,True,False,17.2760
MSFT,Wedbush,2025-05-01,425.4000,515.0000,413.6200,True,False,19.6854
MSFT,TD Securities,2025-05-01,425.4000,490.0000,413.6200,True,False,15.5878
MSFT,Wells Fargo,2025-05-01,425.4000,515.0000,413.6200,True,False,19.6854
MSFT,Barclays,2025-05-01,425.4000,494.0000,413.6200,True,False,16.2713
MSFT,Scotiabank,2025-05-01,425.4000,500.0000,413.6200,True,False,17.2760
MSFT,Cantor Fitzgerald,2025-05-01,425.4000,512.0000,413.6200,True,False,19.2148
MSFT,Stifel,2025-05-01,425.4000,500.0000,413.6200,True,False,17.2760
MSFT,Morgan Stanley,2025-05-01,425.4000,482.0000,413.6200,True,False,14.1867
MSFT,RBC Capital,2025-05-01,425.4000,525.0000,413.6200,True,False,21.2152
MSFT,DA Davidson,2025-05-01,425.4000,500.0000,413.6200,True,False,17.2760
MSFT,Jefferies,2025-05-01,425.4000,550.0000,413.6200,True,False,24.7964
MSFT,Citigroup,2025-05-15,453.1300,540.0000,423.5400,True,False,21.5667
MSFT,Goldman Sachs,2025-05-21,452.5700,550.0000,418.5700,True,False,23.8964
MSFT,Evercore ISI Group,2025-05-22,454.8600,515.0000,416.0300,True,False,19.2175
MSFT,RBC Capital,2025-05-23,450.1800,525.0000,412.6700,True,False,21.3962
MSFT,Citigroup,2025-06-11,472.6200,605.0000,390.7400,True,False,35.4149
MSFT,Wells Fargo,2025-06-13,474.9600,565.0000,393.8300,True,False,30.2956
MSFT,Wells Fargo,2025-06-25,492.2700,585.0000,372.9700,True,False,36.2444
MSFT,Wedbush,2025-06-25,492.2700,600.0000,372.9700,True,False,37.8383
MSFT,Morgan Stanley,2025-06-26,497.4500,530.0000,368.5700,True,False,30.4585
MSFT,Oppenheimer,2025-07-09,503.5100,600.0000,385.1000,True,False,35.8167
MSFT,Piper Sandler,2025-07-10,501.4800,600.0000,390.9900,True,False,34.8350
MSFT,BMO Capital,2025-07-10,501.4800,550.0000,390.9900,True,False,28.9109
MSFT,Mizuho,2025-07-16,505.6200,540.0000,393.8200,True,False,27.0704
MSFT,Cantor Fitzgerald,2025-07-16,505.6200,581.0000,393.8200,True,False,32.2169
MSFT,B of A Securities,2025-07-18,510.0500,585.0000,397.7500,True,False,32.0085
MSFT,Barclays,2025-07-21,510.0600,550.0000,390.3400,True,False,29.0291
MSFT,Citigroup,2025-07-22,505.2700,613.0000,381.5800,True,False,37.7520
MSFT,UBS,2025-07-23,505.8700,600.0000,381.7000,True,False,36.3833
MSFT,Loop Capital,2025-07-24,510.8800,600.0000,389.1000,True,False,35.1500
MSFT,Evercore ISI Group,2025-07-25,513.7100,545.0000,393.3500,True,False,27.8257
MSFT,Wedbush,2025-07-25,513.7100,600.0000,393.3500,True,False,34.4417
MSFT,Stifel,2025-07-28,512.5000,550.0000,390.5400,True,False,28.9927
MSFT,Raymond James,2025-07-28,512.5000,570.0000,390.5400,True,False,31.4842
MSFT,UBS,2025-07-31,533.5000,650.0000,487.6500,True,False,24.9769
MSFT,Truist Securities,2025-07-31,533.5000,650.0000,487.6500,True,False,24.9769
MSFT,Mizuho,2025-07-31,533.5000,625.0000,487.6500,True,False,21.9760
MSFT,BMO Capital,2025-07-31,533.5000,650.0000,487.6500,True,False,24.9769
MSFT,TD Cowen,2025-07-31,533.5000,640.0000,487.6500,True,False,23.8047
MSFT,B of A Securities,2025-07-31,533.5000,640.0000,487.6500,True,False,23.8047
MSFT,Keybanc,2025-07-31,533.5000,630.0000,487.6500,True,False,22.5952
MSFT,Oppenheimer,2025-07-31,533.5000,630.0000,487.6500,True,False,22.5952
MSFT,Cantor Fitzgerald,2025-07-31,533.5000,639.0000,487.6500,True,False,23.6854
MSFT,Wedbush,2025-07-31,533.5000,625.0000,487.6500,True,False,21.9760
MSFT,Piper Sandler,2025-07-31,533.5000,650.0000,487.6500,True,False,24.9769
MSFT,Raymond James,2025-07-31,533.5000,630.0000,487.6500,True,False,22.5952
MSFT,Morgan Stanley,2025-07-31,533.5000,582.0000,487.6500,True,False,16.2113
MSFT,Stifel,2025-07-31,533.5000,650.0000,487.6500,True,False,24.9769
MSFT,Wells Fargo,2025-07-31,533.5000,650.0000,487.6500,True,False,24.9769
MSFT,RBC Capital,2025-07-31,533.5000,640.0000,487.6500,True,False,23.8047
MSFT,Barclays,2025-07-31,533.5000,625.0000,487.6500,True,False,21.9760
MSFT,Scotiabank,2025-07-31,533.5000,650.0000,487.6500,True,False,24.9769
MSFT,DA Davidson,2025-07-31,533.5000,650.0000,487.6500,True,False,24.9769
MSFT,Jefferies,2025-07-31,533.5000,675.0000,487.6500,True,False,27.7556
MSFT,Stifel,2025-08-04,535.6400,650.0000,487.4600,True,False,25.0062
MSFT,Truist Securities,2025-08-18,517.1000,675.0000,484.3100,True,False,28.2504
MSFT,Barclays,2025-08-29,506.6900,625.0000,501.0200,True,False,19.8368
MSFT,Morgan Stanley,2025-09-26,511.4600,625.0000,508.9600,True,False,18.5664
AAPL,Morgan Stanley,2018-12-07,42.1225,59.0000,66.7300,True,True,13.1017
AAPL,Citigroup,2018-12-10,42.4000,50.0000,67.1200,True,True,34.2400
AAPL,DA Davidson,2018-12-14,41.3700,70.0000,69.9650,True,False,0.0500
AAPL,Citigroup,2019-01-03,35.5475,42.5000,74.3575,True,True,74.9588
AAPL,B of A Securities,2019-01-03,35.5475,49.0000,74.3575,True,True,51.7500
AAPL,Wells Fargo,2019-01-03,35.5475,40.0000,74.3575,True,True,85.8937
AAPL,Morgan Stanley,2019-01-03,35.5475,52.7500,74.3575,True,True,40.9621
AAPL,Wedbush,2019-01-03,35.5475,50.0000,74.3575,True,True,48.7150
AAPL,Baird,2019-01-03,35.5475,46.2500,74.3575,True,True,60.7730
AAPL,Canaccord Genuity,2019-01-03,35.5475,47.5000,74.3575,True,True,56.5421
AAPL,Nomura,2019-01-03,35.5475,43.7500,74.3575,True,True,69.9600
AAPL,Citigroup,2019-01-04,37.0650,42.5000,74.9500,True,True,76.3529
AAPL,Nomura,2019-01-30,41.3125,42.5000,80.9675,True,True,90.5118
AAPL,UBS,2019-01-30,41.3125,46.2500,80.9675,True,True,75.0649
AAPL,Canaccord Genuity,2019-01-30,41.3125,46.2500,80.9675,True,True,75.0649
AAPL,BMO Capital,2019-01-30,41.3125,9.5625,80.9675,False,False,746.7189
AAPL,Morgan Stanley,2019-01-30,41.3125,49.2500,80.9675,True,True,64.4010
AAPL,Citigroup,2019-01-30,41.3125,42.5000,80.9675,True,True,90.5118
AAPL,B of A Securities,2019-01-30,41.3125,45.0000,80.9675,True,True,79.9278
AAPL,Cowen & Co.,2019-03-14,45.9325,55.0000,69.4925,True,True,26.3500
AAPL,Needham,2019-03-21,48.7725,56.2500,57.3100,True,True,1.8844
AAPL,Wedbush,2019-03-21,48.7725,53.7500,57.3100,True,True,6.6233
AAPL,Citigroup,2019-03-21,48.7725,55.0000,57.3100,True,True,4.2000
AAPL,Morgan Stanley,2019-03-26,46.6975,55.0000,61.3800,True,True,11.6000
AAPL,Canaccord Genuity,2019-03-26,46.6975,57.5000,61.3800,True,True,6.7478
AAPL,Baird,2019-03-26,46.6975,50.0000,61.3800,True,True,22.7600
AAPL,UBS,2019-03-26,46.6975,53.7500,61.3800,True,True,14.1954
AAPL,HSBC,2019-04-10,50.1550,45.0000,66.9975,False,False,48.8833
AAPL,B of A Securities,2019-04-10,50.1550,55.0000,66.9975,True,True,21.8136
AAPL,Credit Suisse,2019-04-11,49.7375,52.2500,68.3125,True,True,30.7416
AAPL,Morgan Stanley,2019-04-24,51.7900,58.5000,68.7575,True,True,17.5342
AAPL,UBS,2019-04-25,51.3200,58.7500,70.7425,True,True,20.4128
AAPL,Canaccord Genuity,2019-05-01,52.6300,61.2500,73.4500,True,True,19.9184
AAPL,B of A Securities,2019-05-01,52.6300,57.5000,73.4500,True,True,27.7391
AAPL,Wedbush,2019-05-01,52.6300,58.7500,73.4500,True,True,25.0213
AAPL,Morgan Stanley,2019-05-01,52.6300,60.0000,73.4500,True,True,22.4167
AAPL,Wells Fargo,2019-05-01,52.6300,53.7500,73.4500,True,True,36.6512
AAPL,Nomura,2019-05-17,47.2500,43.7500,78.7400,False,False,79.9771
AAPL,UBS,2019-05-23,44.9150,56.2500,79.7225,True,True,41.7289
AAPL,Citigroup,2019-05-28,44.5575,12.8125,79.5275,False,False,520.7024
AAPL,Morgan Stanley,2019-05-30,44.5750,57.7500,79.4850,True,True,37.6364
AAPL,Morgan Stanley,2019-05-30,44.5750,57.7500,79.4850,True,True,37.6364
AAPL,Canaccord Genuity,2019-06-04,44.9100,50.5000,81.2800,True,True,60.9505
AAPL,Evercore ISI Group,2019-06-06,46.3050,51.2500,82.8750,True,True,61.7073
AAPL,Deutsche Bank,2019-06-20,49.8650,51.2500,87.4300,True,True,70.5951
AAPL,JP Morgan,2019-07-09,50.3100,59.7500,95.3425,True,True,59.5690
AAPL,Goldman Sachs,2019-07-17,50.8375,46.7500,96.5225,False,False,106.4652
AAPL,Nomura,2019-07-19,50.6475,45.0000,98.3575,False,False,118.5722
AAPL,Morgan Stanley,2019-07-22,51.8050,61.7500,97.0000,True,True,57.0850
AAPL,UBS,2019-07-29,52.4200,58.7500,93.2525,True,True,58.7277
AAPL,Wedbush,2019-07-31,53.2600,61.2500,96.1900,True,True,57.0449
AAPL,Nomura,2019-07-31,53.2600,46.2500,96.1900,False,False,107.9784
AAPL,Canaccord Genuity,2019-07-31,53.2600,60.0000,96.1900,True,True,60.3167
AAPL,Piper Sandler,2019-07-31,53.2600,60.7500,96.1900,True,True,58.3375
AAPL,Cowen & Co.,2019-07-31,53.2600,62.5000,96.1900,True,True,53.9040
AAPL,Citigroup,2019-07-31,53.2600,62.5000,96.1900,True,True,53.9040
AAPL,B of A Securities,2019-07-31,53.2600,60.0000,96.1900,True,True,60.3167
AAPL,Deutsche Bank,2019-07-31,53.2600,52.5000,96.1900,False,False,83.2191
AAPL,Barclays,2019-08-08,50.8575,48.0000,111.1125,False,False,131.4844
AAPL,B of A Securities,2019-09-11,55.8975,62.5000,113.4900,True,True,81.5840
AAPL,Barclays,2019-09-11,55.8975,51.7500,113.4900,False,False,119.3043
AAPL,Needham,2019-09-11,55.8975,62.5000,113.4900,True,True,81.5840
AAPL,Goldman Sachs,2019-09-13,54.6875,41.2500,115.3600,False,False,179.6606
AAPL,Cascend,2019-09-20,54.4325,67.5000,110.0800,True,True,63.0815
AAPL,JP Morgan,2019-09-30,55.9925,66.2500,114.0900,True,True,72.2113
AAPL,Nomura,2019-10-07,56.7650,51.2500,113.1600,False,False,120.8000
AAPL,Canaccord Genuity,2019-10-09,56.7575,65.0000,114.9700,True,True,76.8769
AAPL,Longbow Research,2019-10-10,57.5225,16.2500,116.9700,False,False,619.8154
AAPL,Wedbush,2019-10-11,59.0525,66.2500,124.4000,True,True,87.7736
AAPL,Barclays,2019-10-17,58.8200,56.0000,119.0200,False,False,112.5357
AAPL,Raymond James,2019-10-21,60.1275,70.0000,117.5100,True,True,67.8714
AAPL,Deutsche Bank,2019-10-22,59.9900,57.5000,116.8700,False,False,103.2522
AAPL,Morgan Stanley,2019-10-23,60.7950,72.2500,115.7500,True,True,60.2076
AAPL,UBS,2019-10-24,60.8950,68.7500,115.0400,True,True,67.3309
AAPL,Cascend,2019-10-25,61.6450,67.5000,115.0500,True,True,70.4444
AAPL,Credit Suisse,2019-10-28,62.2625,55.2500,116.6000,False,False,111.0407
AAPL,B of A Securities,2019-10-28,62.2625,65.0000,116.6000,True,True,79.3846
AAPL,Jefferies,2019-10-28,62.2625,71.2500,116.6000,True,True,63.6491
AAPL,JP Morgan,2019-10-28,62.2625,68.7500,116.6000,True,True,69.6000
AAPL,Nomura,2019-10-31,62.1900,56.2500,108.8600,False,False,93.5289
AAPL,Morgan Stanley,2019-10-31,62.1900,74.0000,108.8600,True,True,47.1081
AAPL,UBS,2019-10-31,62.1900,70.0000,108.8600,True,True,55.5143
AAPL,Wells Fargo,2019-10-31,62.1900,61.2500,108.8600,False,False,77.7306
AAPL,Cascend,2019-10-31,62.1900,70.0000,108.8600,True,True,55.5143
AAPL,DA Davidson,2019-10-31,62.1900,75.0000,108.8600,True,True,45.1467
AAPL,Piper Sandler,2019-10-31,62.1900,67.5000,108.8600,True,True,61.2741
AAPL,Barclays,2019-10-31,62.1900,59.0000,108.8600,False,False,84.5085
AAPL,Wedbush,2019-10-31,62.1900,75.0000,108.8600,True,True,45.1467
AAPL,Canaccord Genuity,2019-10-31,62.1900,68.7500,108.8600,True,True,58.3418
AAPL,Cowen & Co.,2019-10-31,62.1900,72.5000,108.8600,True,True,50.1517
AAPL,RBC Capital,2019-11-13,66.1175,73.7500,119.2100,True,True,61.6407
AAPL,Maxim Group,2019-11-14,65.6600,47.5000,119.2600,False,False,151.0737
AAPL,Wedbush,2019-11-15,66.4400,81.2500,120.3000,True,True,48.0615
AAPL,Piper Sandler,2019-11-15,66.4400,18.1250,120.3000,False,False,563.7242
AAPL,JP Morgan,2019-11-15,66.4400,72.5000,120.3000,True,True,65.9310
AAPL,Cascend,2019-11-26,66.0725,72.5000,116.0300,True,True,60.0414
AAPL,JP Morgan,2019-12-02,66.0400,74.0000,122.7200,True,True,65.8378
AAPL,China Renaissance,2019-12-09,66.7300,21.3750,124.3800,False,False,481.8947
AAPL,Evercore ISI Group,2019-12-11,67.6925,76.2500,123.2400,True,True,61.6262
AAPL,Cowen & Co.,2019-12-17,70.1025,81.2500,127.8100,True,True,57.3046
AAPL,Piper Sandler,2019-12-20,69.8600,19.0625,128.2300,False,False,572.6819
AAPL,Wedbush,2019-12-23,71.0000,87.5000,131.8800,True,True,50.7200
AAPL,RBC Capital,2020-01-03,74.3575,82.5000,129.4100,True,True,56.8606
AAPL,B of A Securities,2020-01-03,74.3575,82.5000,129.4100,True,True,56.8606
AAPL,Needham,2020-01-06,74.9500,87.5000,131.0100,True,True,49.7257
AAPL,Cascend,2020-01-06,74.9500,87.5000,131.0100,True,True,49.7257
AAPL,Jefferies,2020-01-09,77.4075,87.5000,132.0500,True,True,50.9143
AAPL,Argus Research,2020-01-10,77.5825,87.5000,128.9800,True,True,47.4057
AAPL,Bernstein,2020-01-10,77.5825,75.0000,128.9800,False,False,71.9733
AAPL,DA Davidson,2020-01-13,79.2400,93.7500,128.8000,True,True,37.3867
AAPL,JP Morgan,2020-01-13,79.2400,74.0000,128.8000,False,False,74.0541
AAPL,UBS,2020-01-14,78.1700,88.7500,130.8900,True,True,47.4817
AAPL,Canaccord Genuity,2020-01-15,77.8350,88.7500,128.9100,True,True,45.2507
AAPL,Nomura Instinet,2020-01-17,79.6825,70.0000,127.8300,False,False,82.6143
AAPL,Morgan Stanley,2020-01-17,79.6825,92.0000,127.8300,True,True,38.9457
AAPL,Nomura,2020-01-17,79.6825,70.0000,127.8300,False,False,82.6143
AAPL,B of A Securities,2020-01-23,79.8075,85.0000,139.0700,True,True,63.6118
AAPL,Rosenblatt,2020-01-24,79.5775,15.6250,142.9200,False,False,814.6880
AAPL,Wedbush,2020-01-24,79.5775,100.0000,142.9200,True,True,42.9200
AAPL,Cowen & Co.,2020-01-24,79.5775,87.5000,142.9200,True,True,63.3371
AAPL,"Monness, Crespi, Hardt",2020-01-24,79.5775,75.0000,142.9200,False,False,90.5600
AAPL,Deutsche Bank,2020-01-27,77.2375,72.5000,143.1600,False,False,97.4621
AAPL,Piper Sandler,2020-01-29,81.0850,85.7500,137.0900,True,True,59.8717
AAPL,Citigroup,2020-01-29,81.0850,93.7500,137.0900,True,True,46.2293
AAPL,Raymond James,2020-01-29,81.0850,90.0000,137.0900,True,True,52.3222
AAPL,Credit Suisse,2020-01-29,81.0850,72.5000,137.0900,False,False,89.0897
AAPL,Cowen & Co.,2020-01-29,81.0850,92.5000,137.0900,True,True,48.2054
AAPL,RBC Capital,2020-01-29,81.0850,89.5000,137.0900,True,True,53.1732
AAPL,JP Morgan,2020-01-29,81.0850,87.5000,137.0900,True,True,56.6743
AAPL,Evercore ISI Group,2020-01-29,81.0850,22.8125,137.0900,False,False,500.9424
AAPL,B of A Securities,2020-01-29,81.0850,87.5000,137.0900,True,True,56.6743
AAPL,Wells Fargo,2020-01-29,81.0850,78.7500,137.0900,False,False,74.0825
AAPL,Deutsche Bank,2020-01-29,81.0850,76.2500,137.0900,False,False,79.7902
AAPL,"Monness, Crespi, Hardt",2020-01-29,81.0850,23.1250,137.0900,False,False,492.8216
AAPL,Baird,2020-01-29,81.0850,90.0000,137.0900,True,True,52.3222
AAPL,Goldman Sachs,2020-01-29,81.0850,75.0000,137.0900,False,False,82.7867
AAPL,Nomura,2020-01-29,81.0850,73.7500,137.0900,False,False,85.8847
AAPL,DA Davidson,2020-01-29,81.0850,96.2500,137.0900,True,True,42.4312
AAPL,Bernstein,2020-01-29,81.0850,75.0000,137.0900,False,False,82.7867
AAPL,Loop Capital,2020-01-29,81.0850,81.2500,137.0900,True,True,68.7261
AAPL,Cascend,2020-01-29,81.0850,93.7500,137.0900,True,True,46.2293
AAPL,B of A Securities,2020-01-30,80.9675,88.7500,131.9600,True,True,48.6873
AAPL,Barclays,2020-02-18,79.7500,18.5625,130.8400,False,False,604.8619
AAPL,Canaccord Genuity,2020-02-18,79.7500,86.2500,130.8400,True,True,51.6985
AAPL,Goldman Sachs,2020-02-18,79.7500,75.0000,130.8400,False,False,74.4533
AAPL,Bernstein,2020-02-18,79.7500,75.0000,130.8400,False,False,74.4533
AAPL,DA Davidson,2020-02-18,79.7500,92.5000,130.8400,True,True,41.4486
AAPL,Oppenheimer,2020-03-02,74.7025,20.0000,125.1200,False,False,525.6000
AAPL,Cascend,2020-03-02,74.7025,87.5000,125.1200,True,True,42.9943
AAPL,Wedbush,2020-03-03,72.3300,100.0000,122.0600,True,True,22.0600
AAPL,Nomura Instinet,2020-03-04,75.6850,73.7500,120.1300,False,False,62.8881
AAPL,B of A Securities,2020-03-06,72.2575,87.5000,116.3600,True,True,32.9829
AAPL,Deutsche Bank,2020-03-06,72.2575,73.7500,116.3600,True,True,57.7763
AAPL,Wedbush,2020-03-06,72.2575,100.0000,116.3600,True,True,16.3600
AAPL,UBS,2020-03-10,71.3350,83.7500,119.9800,True,True,43.2597
AAPL,B of A Securities,2020-03-11,68.8575,80.0000,121.9600,True,True,52.4500
AAPL,Wells Fargo,2020-03-13,69.4925,78.7500,123.9900,True,True,57.4476
AAPL,Morgan Stanley,2020-03-17,63.2150,82.0000,124.7600,True,True,52.1463
AAPL,Jefferies,2020-03-17,63.2150,20.0000,124.7600,False,False,523.8000
AAPL,Goldman Sachs,2020-03-17,63.2150,66.2500,124.7600,True,True,88.3170
AAPL,Wedbush,2020-03-18,61.6675,83.7500,120.5300,True,True,43.9164
AAPL,Goldman Sachs,2020-03-18,61.6675,62.5000,120.5300,True,True,92.8480
AAPL,Canaccord Genuity,2020-03-19,61.1950,75.0000,119.9900,True,True,59.9867
AAPL,B of A Securities,2020-03-20,57.3100,75.0000,123.3900,True,True,64.5200
AAPL,Nomura Instinet,2020-03-23,56.0925,56.2500,122.5400,True,True,117.8489
AAPL,Nomura,2020-03-23,56.0925,56.2500,122.5400,True,True,117.8489
AAPL,Piper Sandler,2020-03-24,61.7200,65.0000,120.0900,True,True,84.7538
AAPL,Deutsche Bank,2020-03-25,61.3800,67.5000,120.5900,True,True,78.6518
AAPL,Bernstein,2020-03-26,64.6100,75.0000,121.2100,True,True,61.6133
AAPL,UBS,2020-03-30,63.7025,72.5000,119.9000,True,True,65.3793
AAPL,Argus Research,2020-04-01,60.2275,87.5000,123.0000,True,True,40.5714
AAPL,Credit Suisse,2020-04-03,60.3525,65.0000,126.2100,True,True,94.1692
AAPL,Morgan Stanley,2020-04-03,60.3525,74.5000,126.2100,True,True,69.4094
AAPL,JP Morgan,2020-04-08,66.5175,83.7500,133.0000,True,True,58.8060
AAPL,Nomura Instinet,2020-04-09,66.9975,60.0000,131.2400,False,False,118.7333
AAPL,Nomura,2020-04-09,66.9975,15.0000,131.2400,False,False,774.9334
AAPL,Raymond James,2020-04-13,68.3125,76.2500,134.4300,True,True,76.3016
AAPL,Bernstein,2020-04-13,68.3125,71.2500,134.4300,True,True,88.6737
AAPL,Deutsche Bank,2020-04-16,71.6725,71.2500,134.1600,False,False,88.2947
AAPL,Baird,2020-04-16,71.6725,78.7500,134.1600,True,True,70.3619
AAPL,Goldman Sachs,2020-04-17,70.7000,14.5625,134.8400,False,False,825.9399
AAPL,Nomura Instinet,2020-04-21,67.0925,60.0000,133.5000,False,False,122.5000
AAPL,Daiwa Capital,2020-04-23,68.7575,18.5625,134.3200,False,False,623.6095
AAPL,B of A Securities,2020-04-27,70.7925,77.5000,134.3900,True,True,73.4065
AAPL,Piper Sandler,2020-05-01,72.2675,19.3750,132.5400,False,False,584.0774
AAPL,Cascend,2020-05-01,72.2675,81.2500,132.5400,True,True,63.1261
AAPL,JP Morgan,2020-05-01,72.2675,87.5000,132.5400,True,True,51.4743
AAPL,Nomura Instinet,2020-05-01,72.2675,62.5000,132.5400,False,False,112.0640
AAPL,Morgan Stanley,2020-05-01,72.2675,81.5000,132.5400,True,True,62.6258
AAPL,Raymond James,2020-05-01,72.2675,85.0000,132.5400,True,True,55.9294
AAPL,B of A Securities,2020-05-01,72.2675,80.0000,132.5400,True,True,65.6750
AAPL,Deutsche Bank,2020-05-01,72.2675,76.2500,132.5400,True,True,73.8229
AAPL,UBS,2020-05-01,72.2675,81.2500,132.5400,True,True,63.1261
AAPL,Nomura,2020-05-01,72.2675,15.6250,132.5400,False,False,748.2560
AAPL,Canaccord Genuity,2020-05-01,72.2675,77.5000,132.5400,True,True,71.0193
AAPL,DA Davidson,2020-05-01,72.2675,22.1875,132.5400,False,False,497.3634
AAPL,Barclays,2020-05-01,72.2675,72.0000,132.5400,False,False,84.0833
AAPL,Daiwa Capital,2020-05-06,75.1575,80.0000,129.7400,True,True,62.1750
AAPL,Bernstein,2020-05-07,75.9350,71.2500,130.2100,False,False,82.7509
AAPL,Wedbush,2020-05-12,77.8525,87.5000,122.7700,True,True,40.3086
AAPL,Deutsche Bank,2020-05-27,79.5275,80.0000,126.8500,True,True,58.5625
AAPL,B of A Securities,2020-05-27,79.5275,85.0000,126.8500,True,True,49.2353
AAPL,Morgan Stanley,2020-06-03,81.2800,85.0000,123.5400,True,True,45.3412
AAPL,Credit Suisse,2020-06-05,82.8750,73.7500,125.9000,False,False,70.7119
AAPL,Wedbush,2020-06-05,82.8750,93.7500,125.9000,True,True,34.2933
AAPL,Deutsche Bank,2020-06-10,88.2100,87.5000,126.1100,False,False,44.1257
AAPL,HSBC,2020-06-11,83.9750,18.4375,127.3500,False,False,590.7119
AAPL,Wells Fargo,2020-06-11,83.9750,96.2500,127.3500,True,True,32.3117
AAPL,B of A Securities,2020-06-11,83.9750,97.5000,127.3500,True,True,30.6154
AAPL,Citigroup,2020-06-16,88.0200,100.0000,130.1500,True,True,30.1500
AAPL,RBC Capital,2020-06-17,87.8975,24.3750,131.7900,False,False,440.6769
AAPL,Cowen & Co.,2020-06-22,89.7175,100.0000,133.9800,True,True,33.9800
AAPL,Baird,2020-06-23,91.6325,24.3750,133.7000,False,False,448.5128
AAPL,Goldman Sachs,2020-06-23,91.6325,65.7500,133.7000,False,False,103.3460
AAPL,Bernstein,2020-06-23,91.6325,23.1250,133.7000,False,False,478.1621
AAPL,Deutsche Bank,2020-06-23,91.6325,23.7500,133.7000,False,False,462.9474
AAPL,UBS,2020-06-23,91.6325,100.0000,133.7000,True,True,33.7000
AAPL,Loop Capital,2020-06-23,91.6325,82.5000,133.7000,False,False,62.0606
AAPL,Wedbush,2020-06-25,91.2100,106.2500,133.1100,True,True,25.2800
AAPL,Barclays,2020-06-25,91.2100,81.5000,133.1100,False,False,63.3252
AAPL,Raymond James,2020-07-07,93.1725,100.0000,144.5700,True,True,44.5700
AAPL,Cascend,2020-07-07,93.1725,90.0000,144.5700,False,False,60.6333
AAPL,Deutsche Bank,2020-07-08,95.3425,100.0000,143.2400,True,True,43.2400
AAPL,Wedbush,2020-07-13,95.4775,112.5000,145.6400,True,True,29.4578
AAPL,Morgan Stanley,2020-07-13,95.4775,104.7500,145.6400,True,True,39.0358
AAPL,Needham,2020-07-15,97.7250,28.1250,148.4800,False,False,427.9289
AAPL,B of A Securities,2020-07-15,97.7250,102.5000,148.4800,True,True,44.8585
AAPL,Canaccord Genuity,2020-07-16,96.5225,111.0000,146.3900,True,True,31.8829
AAPL,Wells Fargo,2020-07-24,92.6150,105.0000,148.9900,True,True,41.8952
AAPL,Wolfe Research,2020-07-24,92.6150,19.6875,148.9900,False,False,656.7746
AAPL,Bernstein,2020-07-24,92.6150,92.5000,148.9900,False,False,61.0703
AAPL,"Monness, Crespi, Hardt",2020-07-28,93.2525,92.5000,144.9800,False,False,56.7351
AAPL,Credit Suisse,2020-07-29,95.0400,85.0000,145.6400,False,False,71.3412
AAPL,Wedbush,2020-07-31,106.2600,118.7500,145.5200,True,True,22.5432
AAPL,Citigroup,2020-07-31,106.2600,28.1250,145.5200,False,False,417.4045
AAPL,UBS,2020-07-31,106.2600,26.5625,145.5200,False,False,447.8400
AAPL,Raymond James,2020-07-31,106.2600,27.5000,145.5200,False,False,429.1637
AAPL,Morgan Stanley,2020-07-31,106.2600,107.7500,145.5200,True,True,35.0534
AAPL,Piper Sandler,2020-07-31,106.2600,112.5000,145.5200,True,True,29.3511
AAPL,Credit Suisse,2020-07-31,106.2600,23.7500,145.5200,False,False,512.7158
AAPL,Deutsche Bank,2020-07-31,106.2600,110.0000,145.5200,True,True,32.2909
AAPL,RBC Capital,2020-07-31,106.2600,111.2500,145.5200,True,True,30.8045
AAPL,B of A Securities,2020-07-31,106.2600,105.0000,145.5200,False,False,38.5905
AAPL,Canaccord Genuity,2020-07-31,106.2600,28.7500,145.5200,False,False,406.1565
AAPL,Cascend,2020-07-31,106.2600,31.2500,145.5200,False,False,365.6640
AAPL,Barclays,2020-07-31,106.2600,100.0000,145.5200,False,False,45.5200
AAPL,Jefferies,2020-07-31,106.2600,116.2500,145.5200,True,True,25.1785
AAPL,Bernstein,2020-07-31,106.2600,100.0000,145.5200,False,False,45.5200
AAPL,Loop Capital,2020-07-31,106.2600,94.0000,145.5200,False,False,54.8085
AAPL,DA Davidson,2020-07-31,106.2600,120.0000,145.5200,True,True,21.2667
AAPL,B of A Securities,2020-08-05,110.0625,117.5000,147.0600,True,True,25.1574
AAPL,Wells Fargo,2020-08-05,110.0625,30.3125,147.0600,False,False,385.1464
AAPL,Bernstein,2020-08-05,110.0625,100.0000,147.0600,False,False,47.0600
AAPL,Wedbush,2020-08-10,112.7275,128.7500,145.6000,True,True,13.0874
AAPL,Bernstein,2020-08-14,114.9075,100.0000,151.1200,False,False,51.1200
AAPL,Morgan Stanley,2020-08-24,125.8575,32.5000,149.6200,False,False,360.3692
AAPL,Wedbush,2020-08-25,124.8250,150.0000,148.3600,True,False,1.0933
AAPL,Cowen & Co.,2020-08-25,124.8250,33.1250,148.3600,False,False,347.8792
AAPL,Wedbush,2020-08-31,129.0400,37.5000,151.8300,False,False,304.8800
AAPL,Argus Research,2020-08-31,129.0400,37.5000,151.8300,False,False,304.8800
AAPL,"Monness, Crespi, Hardt",2020-08-31,129.0400,36.0000,151.8300,False,False,321.7500
AAPL,B of A Securities,2020-09-01,134.1800,140.0000,152.5100,True,True,8.9357
AAPL,JP Morgan,2020-09-01,134.1800,150.0000,152.5100,True,True,1.6733
AAPL,Deutsche Bank,2020-09-01,134.1800,140.0000,152.5100,True,True,8.9357
AAPL,Baird,2020-09-10,113.4900,133.0000,148.9700,True,True,12.0075
AAPL,Needham,2020-09-16,112.1300,140.0000,148.7900,True,True,6.2786
AAPL,Jefferies,2020-09-17,110.3400,135.0000,146.0600,True,True,8.1926
AAPL,Citigroup,2020-09-21,110.0800,125.0000,143.4300,True,True,14.7440
AAPL,Canaccord Genuity,2020-09-21,110.0800,125.0000,143.4300,True,True,14.7440
AAPL,Raymond James,2020-09-22,111.8100,120.0000,145.8500,True,True,21.5417
AAPL,RBC Capital,2020-10-12,124.4000,132.0000,141.5100,True,True,7.2045
AAPL,Piper Sandler,2020-10-13,121.1000,130.0000,140.9100,True,True,8.3923
AAPL,Morgan Stanley,2020-10-14,121.1900,136.0000,143.7600,True,True,5.7059
AAPL,Credit Suisse,2020-10-14,121.1900,106.0000,143.7600,False,False,35.6226
AAPL,Jefferies,2020-10-14,121.1900,140.0000,143.7600,True,True,2.6857
AAPL,B of A Securities,2020-10-21,116.8700,140.0000,149.4800,True,True,6.7714
AAPL,Piper Sandler,2020-10-22,115.7500,135.0000,148.6900,True,True,10.1407
AAPL,Loop Capital,2020-10-26,115.0500,115.0000,149.3200,False,False,29.8435
AAPL,Raymond James,2020-10-30,108.8600,140.0000,148.9600,True,True,6.4000
AAPL,B of A Securities,2020-10-30,108.8600,135.0000,148.9600,True,True,10.3407
AAPL,DA Davidson,2020-10-30,108.8600,133.0000,148.9600,True,True,12.0000
AAPL,Wedbush,2020-12-09,121.7800,160.0000,174.5600,True,True,9.1000
AAPL,Wells Fargo,2020-12-14,121.7800,140.0000,174.3300,True,True,24.5214
AAPL,Cascend,2020-12-15,127.8800,140.0000,179.3000,True,True,28.0714
AAPL,Morgan Stanley,2020-12-16,127.8100,144.0000,172.2600,True,True,19.6250
AAPL,Credit Suisse,2021-01-05,131.0100,120.0000,179.7000,False,False,49.7500
AAPL,Canaccord Genuity,2021-01-05,131.0100,150.0000,179.7000,True,True,19.8000
AAPL,Bernstein,2021-01-06,126.6000,120.0000,174.9200,False,False,45.7667
AAPL,Wolfe Research,2021-01-11,128.9800,90.0000,172.1900,False,False,91.3222
AAPL,Wells Fargo,2021-01-12,128.8000,155.0000,175.0800,True,True,12.9548
AAPL,Barclays,2021-01-14,128.9100,116.0000,172.1900,False,False,48.4397
AAPL,Loop Capital,2021-01-15,127.1400,155.0000,173.0700,True,True,11.6581
AAPL,Morgan Stanley,2021-01-21,136.8700,152.0000,164.5100,True,True,8.2303
AAPL,Cowen & Co.,2021-01-22,139.0700,153.0000,162.4100,True,True,6.1503
AAPL,Wedbush,2021-01-25,142.9200,175.0000,161.6200,True,False,7.6457
AAPL,Raymond James,2021-01-25,142.9200,150.0000,161.6200,True,True,7.7467
AAPL,Evercore ISI Group,2021-01-25,142.9200,160.0000,161.6200,True,True,1.0125
AAPL,RBC Capital,2021-01-26,143.1600,145.0000,159.7800,True,True,10.1931
AAPL,B of A Securities,2021-01-26,143.1600,150.0000,159.7800,True,True,6.5200
AAPL,Cascend,2021-01-26,143.1600,170.0000,159.7800,True,False,6.0118
AAPL,Morgan Stanley,2021-01-28,137.0900,164.0000,159.2200,True,False,2.9146
AAPL,Needham,2021-01-28,137.0900,170.0000,159.2200,True,False,6.3412
AAPL,Raymond James,2021-01-28,137.0900,160.0000,159.2200,True,False,0.4875
AAPL,RBC Capital,2021-01-28,137.0900,154.0000,159.2200,True,True,3.3896
AAPL,B of A Securities,2021-01-28,137.0900,155.0000,159.2200,True,True,2.7226
AAPL,Barclays,2021-01-28,137.0900,138.0000,159.2200,True,True,15.3768
AAPL,Canaccord Genuity,2021-01-28,137.0900,155.0000,159.2200,True,True,2.7226
AAPL,Credit Suisse,2021-01-28,137.0900,140.0000,159.2200,True,True,13.7286
AAPL,Bernstein,2021-01-28,137.0900,132.0000,159.2200,False,False,20.6212
AAPL,Piper Sandler,2021-01-28,137.0900,160.0000,159.2200,True,False,0.4875
AAPL,Wells Fargo,2021-01-28,137.0900,160.0000,159.2200,True,False,0.4875
AAPL,Deutsche Bank,2021-01-28,137.0900,160.0000,159.2200,True,False,0.4875
AAPL,DA Davidson,2021-01-28,137.0900,167.0000,159.2200,True,False,4.6587
AAPL,Loop Capital,2021-01-28,137.0900,160.0000,159.2200,True,False,0.4875
AAPL,Wedbush,2021-03-10,119.9800,175.0000,162.9500,True,False,6.8857
AAPL,Evercore ISI Group,2021-03-16,125.5700,175.0000,155.0900,True,False,11.3771
AAPL,B of A Securities,2021-03-24,120.0900,155.0000,170.2100,True,True,9.8129
AAPL,UBS,2021-03-31,122.1500,142.0000,177.7700,True,True,25.1901
AAPL,Morgan Stanley,2021-04-06,126.2100,156.0000,178.4400,True,True,14.3846
AAPL,UBS,2021-04-08,130.3600,142.0000,171.8300,True,True,21.0070
AAPL,Morgan Stanley,2021-04-16,134.1600,157.0000,165.2900,True,True,5.2803
AAPL,Wolfe Research,2021-04-21,133.5000,115.0000,167.2300,False,False,45.4174
AAPL,Morgan Stanley,2021-04-21,133.5000,158.0000,167.2300,True,True,5.8418
AAPL,JP Morgan,2021-04-27,134.3900,150.0000,156.8000,True,True,4.5333
AAPL,Goldman Sachs,2021-04-29,133.4800,130.0000,163.6400,False,False,25.8769
AAPL,Wolfe Research,2021-04-29,133.4800,125.0000,163.6400,False,False,30.9120
AAPL,Raymond James,2021-04-29,133.4800,185.0000,163.6400,True,False,11.5459
AAPL,Morgan Stanley,2021-04-29,133.4800,161.0000,163.6400,True,True,1.6398
AAPL,Wedbush,2021-04-29,133.4800,185.0000,163.6400,True,False,11.5459
AAPL,Deutsche Bank,2021-04-29,133.4800,165.0000,163.6400,True,False,0.8242
AAPL,Jefferies,2021-04-29,133.4800,175.0000,163.6400,True,False,6.4914
AAPL,Canaccord Genuity,2021-04-29,133.4800,165.0000,163.6400,True,False,0.8242
AAPL,Credit Suisse,2021-04-29,133.4800,150.0000,163.6400,True,True,9.0933
AAPL,UBS,2021-04-29,133.4800,155.0000,163.6400,True,True,5.5742
AAPL,"Monness, Crespi, Hardt",2021-04-29,133.4800,180.0000,163.6400,True,False,9.0889
AAPL,Barclays,2021-04-29,133.4800,138.0000,163.6400,True,True,18.5797
AAPL,Baird,2021-04-29,133.4800,160.0000,163.6400,True,True,2.2750
AAPL,JP Morgan,2021-04-29,133.4800,165.0000,163.6400,True,False,0.8242
AAPL,Barclays,2021-05-19,124.6900,134.0000,140.8200,True,True,5.0896
AAPL,New Street Research,2021-05-28,124.6100,90.0000,149.6400,False,False,66.2667
AAPL,Morgan Stanley,2021-06-24,133.4100,162.0000,141.6600,True,False,12.5556
AAPL,UBS,2021-06-30,136.9600,155.0000,136.7200,True,False,11.7935
AAPL,JP Morgan,2021-07-06,142.0200,170.0000,142.9200,True,False,15.9294
AAPL,JP Morgan,2021-07-14,149.1500,175.0000,148.4700,True,False,15.1600
AAPL,Morgan Stanley,2021-07-15,148.4800,166.0000,150.1700,True,False,9.5361
AAPL,UBS,2021-07-20,146.1500,166.0000,153.0400,True,False,7.8072
AAPL,Canaccord Genuity,2021-07-22,146.8000,175.0000,154.0900,True,False,11.9486
AAPL,Barclays,2021-07-28,144.9800,142.0000,157.3500,False,False,10.8099
AAPL,Wolfe Research,2021-07-28,144.9800,135.0000,157.3500,False,False,16.5556
AAPL,Morgan Stanley,2021-07-28,144.9800,168.0000,157.3500,True,False,6.3393
AAPL,Wells Fargo,2021-07-28,144.9800,165.0000,157.3500,True,False,4.6364
AAPL,Canaccord Genuity,2021-07-28,144.9800,185.0000,157.3500,True,False,14.9459
AAPL,UBS,2021-07-28,144.9800,175.0000,157.3500,True,False,10.0857
AAPL,Piper Sandler,2021-07-28,144.9800,165.0000,157.3500,True,False,4.6364
AAPL,Deutsche Bank,2021-07-28,144.9800,175.0000,157.3500,True,False,10.0857
AAPL,Loop Capital,2021-07-28,144.9800,165.0000,157.3500,True,False,4.6364
AAPL,DA Davidson,2021-07-28,144.9800,175.0000,157.3500,True,False,10.0857
AAPL,B of A Securities,2021-08-13,149.1000,160.0000,173.1900,True,True,8.2438
AAPL,Wolfe Research,2021-09-01,152.5100,155.0000,157.9600,True,True,1.9097
AAPL,Baird,2021-09-08,155.1100,170.0000,154.4600,True,False,9.1412
AAPL,Piper Sandler,2021-09-09,154.0700,175.0000,157.3700,True,False,10.0743
AAPL,Tigress Financial,2021-09-22,145.8500,198.0000,152.7400,True,False,22.8586
AAPL,JP Morgan,2021-10-11,142.8100,175.0000,138.9800,True,False,20.5829
AAPL,Morgan Stanley,2021-10-27,148.8500,166.0000,144.8000,True,False,12.7711
AAPL,JP Morgan,2021-10-28,152.5700,180.0000,155.7400,True,False,13.4778
AAPL,Oppenheimer,2021-10-29,149.8000,170.0000,153.3400,True,False,9.8000
AAPL,Barclays,2021-10-29,149.8000,145.0000,153.3400,False,False,5.7517
AAPL,Morgan Stanley,2021-10-29,149.8000,164.0000,153.3400,True,False,6.5000
AAPL,Tigress Financial,2021-11-09,150.8100,198.0000,134.8700,True,False,31.8838
AAPL,New Street Research,2021-11-17,153.4900,90.0000,150.7200,False,False,67.4667
AAPL,JP Morgan,2021-11-23,161.4100,180.0000,151.0700,True,False,16.0722
AAPL,Wedbush,2021-12-02,163.7600,200.0000,147.8100,True,False,26.0950
AAPL,B of A Securities,2021-12-03,161.8400,160.0000,146.6300,False,True,8.3562
AAPL,Keybanc,2021-12-06,165.3200,191.0000,142.9100,True,False,25.1780
AAPL,Morgan Stanley,2021-12-07,171.1800,200.0000,140.9400,True,False,29.5300
AAPL,JP Morgan,2021-12-13,175.7400,210.0000,145.4700,True,False,30.7286
AAPL,B of A Securities,2021-12-14,174.3300,210.0000,143.2100,True,False,31.8048
AAPL,Evercore ISI Group,2021-12-14,174.3300,200.0000,143.2100,True,False,28.3950
AAPL,Citigroup,2021-12-22,175.6400,200.0000,132.2300,True,False,33.8850
AAPL,Evercore ISI Group,2022-01-05,174.9200,200.0000,129.6200,True,False,35.1900
AAPL,Evercore ISI Group,2022-01-07,172.1700,200.0000,130.7300,True,False,34.6350
AAPL,Loop Capital,2022-01-14,173.0700,210.0000,135.2100,True,False,35.6143
AAPL,Deutsche Bank,2022-01-18,169.8000,200.0000,135.2700,True,False,32.3650
AAPL,B of A Securities,2022-01-19,166.2300,210.0000,137.8700,True,False,34.3476
AAPL,Wells Fargo,2022-01-21,162.4100,205.0000,142.5300,True,False,30.4732
AAPL,Evercore ISI Group,2022-01-24,161.6200,210.0000,141.8600,True,False,32.4476
AAPL,Barclays,2022-01-28,170.3300,169.0000,144.2900,False,True,14.6213
AAPL,UBS,2022-01-28,170.3300,185.0000,144.2900,True,False,22.0054
AAPL,Raymond James,2022-01-28,170.3300,190.0000,144.2900,True,False,24.0579
AAPL,Morgan Stanley,2022-01-28,170.3300,210.0000,144.2900,True,False,31.2905
AAPL,Deutsche Bank,2022-01-28,170.3300,210.0000,144.2900,True,False,31.2905
AAPL,New Street Research,2022-01-28,170.3300,165.0000,144.2900,False,True,12.5515
AAPL,Oppenheimer,2022-01-28,170.3300,190.0000,144.2900,True,False,24.0579
AAPL,B of A Securities,2022-01-28,170.3300,215.0000,144.2900,True,False,32.8884
AAPL,Jefferies,2022-01-28,170.3300,200.0000,144.2900,True,False,27.8550
AAPL,Canaccord Genuity,2022-01-28,170.3300,200.0000,144.2900,True,False,27.8550
AAPL,DA Davidson,2022-01-28,170.3300,185.0000,144.2900,True,False,22.0054
AAPL,Credit Suisse,2022-01-31,174.7800,168.0000,145.4300,False,True,13.4345
AAPL,Tigress Financial,2022-02-15,172.7900,210.0000,153.7100,True,False,26.8048
AAPL,Evercore ISI Group,2022-03-09,162.9500,210.0000,148.5000,True,False,29.2857
AAPL,Barclays,2022-03-11,154.7300,170.0000,152.5900,True,False,10.2412
AAPL,Evercore ISI Group,2022-03-24,174.0700,210.0000,158.2800,True,False,24.6286
AAPL,Evercore ISI Group,2022-03-31,174.6100,210.0000,166.1700,True,False,20.8714
AAPL,Rosenblatt,2022-04-19,167.4000,184.0000,166.6500,True,False,9.4294
AAPL,JP Morgan,2022-04-22,161.7900,205.0000,163.7700,True,False,20.1122
AAPL,Piper Sandler,2022-04-29,157.6500,195.0000,168.5400,True,False,13.5692
AAPL,JP Morgan,2022-04-29,157.6500,200.0000,168.5400,True,False,15.7300
AAPL,Morgan Stanley,2022-04-29,157.6500,195.0000,168.5400,True,False,13.5692
AAPL,Deutsche Bank,2022-04-29,157.6500,200.0000,168.5400,True,False,15.7300
AAPL,Credit Suisse,2022-04-29,157.6500,169.0000,168.5400,True,False,0.2722
AAPL,Rosenblatt,2022-05-02,157.9600,168.0000,167.4500,True,False,0.3274
AAPL,HSBC,2022-05-10,154.5100,160.0000,173.7500,True,True,8.5938
AAPL,Evercore ISI Group,2022-05-17,149.2400,210.0000,175.0500,True,False,16.6429
AAPL,B of A Securities,2022-05-19,137.3500,200.0000,174.2000,True,False,12.9000
AAPL,B of A Securities,2022-06-07,148.7100,200.0000,180.5700,True,False,9.7150
AAPL,"Monness, Crespi, Hardt",2022-06-07,148.7100,199.0000,180.5700,True,False,9.2613
AAPL,Deutsche Bank,2022-06-14,132.7600,175.0000,186.0100,True,True,6.2914
AAPL,Morgan Stanley,2022-06-15,135.4300,185.0000,184.9200,True,False,0.0432
AAPL,Evercore ISI Group,2022-06-28,137.4400,180.0000,189.5900,True,True,5.3278
AAPL,Tigress Financial,2022-06-30,136.7200,210.0000,192.4600,True,False,8.3524
AAPL,"Monness, Crespi, Hardt",2022-07-08,147.0400,174.0000,188.0800,True,True,8.0920
AAPL,Keybanc,2022-07-12,145.8600,173.0000,190.5400,True,True,10.1387
AAPL,B of A Securities,2022-07-12,145.8600,200.0000,190.5400,True,False,4.7300
AAPL,Citigroup,2022-07-13,145.4900,175.0000,190.6900,True,True,8.9657
AAPL,Barclays,2022-07-13,145.4900,166.0000,190.6900,True,True,14.8735
AAPL,Goldman Sachs,2022-07-19,151.0000,130.0000,193.1300,False,False,48.5615
AAPL,Morgan Stanley,2022-07-20,153.0400,180.0000,191.9400,True,True,6.6333
AAPL,Wells Fargo,2022-07-20,153.0400,185.0000,191.9400,True,True,3.7514
AAPL,B of A Securities,2022-07-26,151.6000,185.0000,193.2200,True,True,4.4432
AAPL,Citigroup,2022-07-29,162.5100,185.0000,195.6100,True,True,5.7351
AAPL,Barclays,2022-07-29,162.5100,169.0000,195.6100,True,True,15.7456
AAPL,Raymond James,2022-07-29,162.5100,185.0000,195.6100,True,True,5.7351
AAPL,Rosenblatt,2022-07-29,162.5100,160.0000,195.6100,False,False,22.2563
AAPL,Evercore ISI Group,2022-07-29,162.5100,185.0000,195.6100,True,True,5.7351
AAPL,Goldman Sachs,2022-07-29,162.5100,139.0000,195.6100,False,False,40.7266
AAPL,Jefferies,2022-07-29,162.5100,200.0000,195.6100,True,False,2.1950
AAPL,Keybanc,2022-08-02,160.0100,177.0000,191.1700,True,True,8.0056
AAPL,Bernstein,2022-08-15,173.1900,170.0000,176.5700,False,False,3.8647
AAPL,Credit Suisse,2022-08-17,174.5500,201.0000,174.4900,True,False,13.1891
AAPL,Wedbush,2022-08-17,174.5500,220.0000,174.4900,True,False,20.6864
AAPL,Keybanc,2022-08-19,171.5200,185.0000,177.2300,True,False,4.2000
AAPL,Evercore ISI Group,2022-08-22,167.5700,185.0000,181.1200,True,False,2.0973
AAPL,Bernstein,2022-09-06,154.5300,170.0000,177.5600,True,True,4.4471
AAPL,"Monness, Crespi, Hardt",2022-09-06,154.5300,174.0000,177.5600,True,True,2.0460
AAPL,Evercore ISI Group,2022-09-20,156.9000,190.0000,173.9300,True,False,8.4579
AAPL,B of A Securities,2022-09-29,142.4800,160.0000,173.7500,True,True,8.5938
AAPL,Rosenblatt,2022-09-29,142.4800,189.0000,173.7500,True,False,8.0688
AAPL,Barclays,2022-10-11,138.9800,155.0000,180.7100,True,True,16.5871
AAPL,Credit Suisse,2022-10-13,142.9900,190.0000,178.7200,True,False,5.9368
AAPL,Morgan Stanley,2022-10-17,142.4100,177.0000,175.8400,True,False,0.6554
AAPL,"Monness, Crespi, Hardt",2022-10-21,147.2700,174.0000,173.4400,True,False,0.3218
AAPL,Keybanc,2022-10-28,155.7400,177.0000,170.7700,True,False,3.5198
AAPL,Citigroup,2022-10-28,155.7400,175.0000,170.7700,True,False,2.4171
AAPL,Deutsche Bank,2022-10-28,155.7400,170.0000,170.7700,True,True,0.4529
AAPL,Barclays,2022-10-28,155.7400,156.0000,170.7700,True,True,9.4680
AAPL,Credit Suisse,2022-10-28,155.7400,184.0000,170.7700,True,False,7.1902
AAPL,Wedbush,2022-10-28,155.7400,200.0000,170.7700,True,False,14.6150
AAPL,DA Davidson,2022-10-28,155.7400,167.0000,170.7700,True,True,2.2575
AAPL,"Monness, Crespi, Hardt",2022-10-28,155.7400,174.0000,170.7700,True,False,1.8563
AAPL,Barclays,2022-11-07,138.9200,144.0000,182.8900,True,True,27.0069
AAPL,B of A Securities,2022-11-07,138.9200,154.0000,182.8900,True,True,18.7597
AAPL,Morgan Stanley,2022-11-08,139.5000,175.0000,182.4100,True,True,4.2343
AAPL,UBS,2022-11-08,139.5000,180.0000,182.4100,True,True,1.3389
AAPL,Oppenheimer,2022-12-12,144.4900,170.0000,197.9600,True,True,16.4471
AAPL,JP Morgan,2022-12-20,132.3000,190.0000,194.6800,True,True,2.4632
AAPL,Exane BNP Paribas,2023-01-03,125.0700,140.0000,181.9100,True,True,29.9357
AAPL,Wedbush,2023-01-04,126.3600,175.0000,181.1800,True,True,3.5314
AAPL,Tigress Financial,2023-01-04,126.3600,210.0000,181.1800,True,False,13.7238
AAPL,Bernstein,2023-01-09,130.1500,125.0000,186.1900,False,False,48.9520
AAPL,Barclays,2023-01-11,133.4900,133.0000,185.9200,False,False,39.7895
AAPL,Rosenblatt,2023-01-13,134.7600,165.0000,182.6800,True,True,10.7151
AAPL,Canaccord Genuity,2023-01-18,135.2100,170.0000,191.5600,True,True,12.6824
AAPL,"Monness, Crespi, Hardt",2023-01-18,135.2100,174.0000,191.5600,True,True,10.0920
AAPL,JP Morgan,2023-01-19,135.2700,180.0000,193.8900,True,True,7.7167
AAPL,Deutsche Bank,2023-01-23,141.1100,160.0000,194.5000,True,True,21.5625
AAPL,B of A Securities,2023-01-27,145.9300,153.0000,188.0400,True,True,22.9020
AAPL,Piper Sandler,2023-02-03,154.5000,195.0000,189.3000,True,False,2.9231
AAPL,Needham,2023-02-03,154.5000,170.0000,189.3000,True,True,11.3529
AAPL,New Street Research,2023-02-03,154.5000,145.0000,189.3000,False,False,30.5517
AAPL,Barclays,2023-02-03,154.5000,145.0000,189.3000,False,False,30.5517
AAPL,Raymond James,2023-02-03,154.5000,170.0000,189.3000,True,True,11.3529
AAPL,JP Morgan,2023-02-03,154.5000,175.0000,189.3000,True,True,8.1714
AAPL,Cowen & Co.,2023-02-03,154.5000,195.0000,189.3000,True,False,2.9231
AAPL,Wedbush,2023-02-03,154.5000,180.0000,189.3000,True,True,5.1667
AAPL,Rosenblatt,2023-02-03,154.5000,173.0000,189.3000,True,True,9.4220
AAPL,DA Davidson,2023-02-03,154.5000,173.0000,189.3000,True,True,9.4220
AAPL,B of A Securities,2023-02-03,154.5000,158.0000,189.3000,True,True,19.8101
AAPL,Bernstein,2023-02-03,154.5000,125.0000,189.3000,False,False,51.4400
AAPL,"Monness, Crespi, Hardt",2023-02-03,154.5000,174.0000,189.3000,True,True,8.7931
AAPL,Evercore ISI Group,2023-02-06,151.7300,190.0000,189.4100,True,False,0.3105
AAPL,Jefferies,2023-03-02,145.9100,195.0000,175.1000,True,False,10.2051
AAPL,Goldman Sachs,2023-03-06,153.8300,199.0000,169.1200,True,False,15.0151
AAPL,Wedbush,2023-03-08,152.8700,190.0000,170.7300,True,False,10.1421
AAPL,Needham,2023-03-10,148.5000,170.0000,173.2300,True,True,1.9000
AAPL,LightShed Partners,2023-03-10,148.5000,120.0000,173.2300,False,False,44.3583
AAPL,Needham,2023-03-30,162.3600,170.0000,168.8400,True,False,0.6824
AAPL,B of A Securities,2023-04-05,163.7600,168.0000,168.4500,True,True,0.2679
AAPL,Jefferies,2023-04-05,163.7600,195.0000,168.4500,True,False,13.6154
AAPL,Credit Suisse,2023-04-13,165.5600,188.0000,172.6900,True,False,8.1436
AAPL,Canaccord Genuity,2023-04-13,165.5600,180.0000,172.6900,True,False,4.0611
AAPL,Wedbush,2023-04-17,165.2300,205.0000,168.0000,True,False,18.0488
AAPL,JP Morgan,2023-04-19,167.6300,190.0000,165.0000,True,False,13.1579
AAPL,Barclays,2023-04-26,163.7600,149.0000,169.3000,False,False,13.6242
AAPL,Deutsche Bank,2023-04-26,163.7600,170.0000,169.3000,True,False,0.4118
AAPL,Bernstein,2023-04-27,168.4100,125.0000,173.5000,False,False,38.8000
AAPL,DA Davidson,2023-04-28,169.6800,173.0000,170.3300,True,False,1.5434
AAPL,"Monness, Crespi, Hardt",2023-04-28,169.6800,174.0000,170.3300,True,False,2.1092
AAPL,B of A Securities,2023-05-01,169.5900,173.0000,169.3000,True,False,2.1387
AAPL,Baird,2023-05-02,168.5400,180.0000,173.0300,True,False,3.8722
AAPL,Rosenblatt,2023-05-04,165.7900,173.0000,181.7100,True,True,5.0347
AAPL,Canaccord Genuity,2023-05-04,165.7900,185.0000,181.7100,True,False,1.7784
AAPL,Keybanc,2023-05-05,173.5700,180.0000,182.4000,True,True,1.3333
AAPL,Atlantic Equities,2023-05-05,173.5700,200.0000,182.4000,True,False,8.8000
AAPL,Deutsche Bank,2023-05-05,173.5700,180.0000,182.4000,True,True,1.3333
AAPL,Piper Sandler,2023-05-05,173.5700,180.0000,182.4000,True,True,1.3333
AAPL,Needham,2023-05-05,173.5700,195.0000,182.4000,True,False,6.4615
AAPL,B of A Securities,2023-05-05,173.5700,176.0000,182.4000,True,True,3.6364
AAPL,Morgan Stanley,2023-05-05,173.5700,185.0000,182.4000,True,False,1.4054
AAPL,Oppenheimer,2023-05-05,173.5700,195.0000,182.4000,True,False,6.4615
AAPL,Rosenblatt,2023-05-05,173.5700,198.0000,182.4000,True,False,7.8788
AAPL,Raymond James,2023-05-05,173.5700,180.0000,182.4000,True,True,1.3333
AAPL,Bernstein,2023-05-05,173.5700,175.0000,182.4000,True,True,4.2286
AAPL,"Monness, Crespi, Hardt",2023-05-05,173.5700,188.0000,182.4000,True,False,2.9787
AAPL,Bernstein,2023-05-12,172.5700,175.0000,187.4300,True,True,7.1029
AAPL,Loop Capital,2023-05-22,174.2000,180.0000,190.9000,True,True,6.0556
AAPL,Bernstein,2023-05-22,174.2000,175.0000,190.9000,True,True,9.0857
AAPL,Wedbush,2023-05-31,177.2500,205.0000,192.2500,True,False,6.2195
AAPL,Jefferies,2023-06-02,180.9500,210.0000,194.3500,True,False,7.4524
AAPL,Morgan Stanley,2023-06-02,180.9500,190.0000,194.3500,True,True,2.2895
AAPL,Evercore ISI Group,2023-06-05,179.5800,210.0000,195.8700,True,False,6.7286
AAPL,B of A Securities,2023-06-05,179.5800,190.0000,195.8700,True,True,3.0895
AAPL,Wedbush,2023-06-05,179.5800,205.0000,195.8700,True,False,4.4537
AAPL,DA Davidson,2023-06-06,179.2100,185.0000,194.4800,True,True,5.1243
AAPL,Needham,2023-06-06,179.2100,195.0000,194.4800,True,False,0.2667
AAPL,Wells Fargo,2023-06-06,179.2100,210.0000,194.4800,True,False,7.3905
AAPL,Credit Suisse,2023-06-06,179.2100,200.0000,194.4800,True,False,2.7600
AAPL,Wedbush,2023-06-06,179.2100,205.0000,194.4800,True,False,5.1317
AAPL,"Monness, Crespi, Hardt",2023-06-06,179.2100,188.0000,194.4800,True,True,3.4468
AAPL,Wedbush,2023-06-07,177.8200,220.0000,196.8900,True,False,10.5045
AAPL,UBS,2023-06-13,183.3100,190.0000,214.2400,True,True,12.7579
AAPL,Bernstein,2023-06-14,183.9500,175.0000,212.4900,False,False,21.4229
AAPL,Tigress Financial,2023-06-23,186.6800,225.0000,209.0700,True,False,7.0800
AAPL,Citigroup,2023-06-30,193.9700,240.0000,220.2700,True,False,8.2208
AAPL,UBS,2023-07-05,191.3300,190.0000,226.3400,False,False,19.1263
AAPL,Keybanc,2023-07-11,188.0800,200.0000,227.5700,True,True,13.7850
AAPL,Morgan Stanley,2023-07-17,193.9900,220.0000,228.8800,True,True,4.0364
AAPL,B of A Securities,2023-07-19,195.1000,210.0000,224.3100,True,True,6.8143
AAPL,Citigroup,2023-07-20,193.1300,240.0000,223.9600,True,False,6.6833
AAPL,Credit Suisse,2023-07-20,193.1300,220.0000,223.9600,True,True,1.8000
AAPL,Deutsche Bank,2023-07-24,192.7500,210.0000,218.5400,True,True,4.0667
AAPL,Wells Fargo,2023-07-24,192.7500,225.0000,218.5400,True,False,2.8711
AAPL,Morgan Stanley,2023-07-25,193.6200,220.0000,217.4900,True,False,1.1409
AAPL,Bernstein,2023-07-27,193.2200,195.0000,218.2400,True,True,11.9180
AAPL,Piper Sandler,2023-07-31,196.4500,220.0000,222.0800,True,True,0.9455
AAPL,Baird,2023-08-01,195.6100,204.0000,218.3600,True,True,7.0392
AAPL,TD Cowen,2023-08-01,195.6100,220.0000,218.3600,True,False,0.7455
AAPL,JP Morgan,2023-08-02,192.5800,235.0000,219.8600,True,False,6.4426
AAPL,Needham,2023-08-04,181.9900,195.0000,207.2300,True,True,6.2718
AAPL,Citigroup,2023-08-04,181.9900,240.0000,207.2300,True,False,13.6542
AAPL,Barclays,2023-08-04,181.9900,167.0000,207.2300,False,False,24.0898
AAPL,Rosenblatt,2023-08-04,181.9900,198.0000,207.2300,True,True,4.6616
AAPL,Raymond James,2023-08-04,181.9900,200.0000,207.2300,True,True,3.6150
AAPL,Morgan Stanley,2023-08-04,181.9900,215.0000,207.2300,True,False,3.6140
AAPL,Canaccord Genuity,2023-08-04,181.9900,205.0000,207.2300,True,True,1.0878
AAPL,Wedbush,2023-08-17,174.0000,230.0000,225.8900,True,False,1.7870
AAPL,Needham,2023-09-07,177.5600,195.0000,220.9100,True,True,13.2872
AAPL,Wedbush,2023-09-07,177.5600,230.0000,220.9100,True,False,3.9522
AAPL,JP Morgan,2023-09-08,178.1800,230.0000,220.1100,True,False,4.3000
AAPL,Rosenblatt,2023-09-12,176.3000,198.0000,222.7700,True,True,12.5101
AAPL,Wedbush,2023-09-12,176.3000,230.0000,222.7700,True,False,3.1435
AAPL,Needham,2023-09-13,174.2100,195.0000,222.5000,True,True,14.1026
AAPL,Wedbush,2023-09-13,174.2100,240.0000,222.5000,True,False,7.2917
AAPL,B of A Securities,2023-09-13,174.2100,208.0000,222.5000,True,True,6.9712
AAPL,Keybanc,2023-09-14,175.7400,200.0000,216.3200,True,True,8.1600
AAPL,Credit Suisse,2023-09-15,175.0100,220.0000,216.7900,True,False,1.4591
AAPL,Wedbush,2023-09-18,177.9700,240.0000,220.6900,True,False,8.0458
AAPL,Barclays,2023-09-19,179.0700,167.0000,228.8700,False,False,37.0479
AAPL,Evercore ISI Group,2023-09-19,179.0700,210.0000,228.8700,True,True,8.9857
AAPL,B of A Securities,2023-09-22,174.7900,208.0000,227.3700,True,True,9.3125
AAPL,Morgan Stanley,2023-09-25,176.0800,215.0000,226.3700,True,True,5.2884
AAPL,B of A Securities,2023-09-26,171.9600,208.0000,227.5200,True,True,9.3846
AAPL,UBS,2023-09-27,170.4300,190.0000,227.7900,True,True,19.8895
AAPL,Evercore ISI Group,2023-09-28,170.6900,210.0000,233.0000,True,True,10.9524
AAPL,Bernstein,2023-10-09,178.9900,195.0000,229.5400,True,True,17.7128
AAPL,Barclays,2023-10-09,178.9900,167.0000,229.5400,False,False,37.4491
AAPL,Morgan Stanley,2023-10-16,178.7200,210.0000,231.7800,True,True,10.3714
AAPL,B of A Securities,2023-10-24,173.4400,173.0000,230.5700,False,False,33.2775
AAPL,Barclays,2023-10-30,170.2900,166.0000,230.1000,False,False,38.6145
AAPL,Oppenheimer,2023-10-30,170.2900,200.0000,230.1000,True,True,15.0500
AAPL,Needham,2023-10-31,170.7700,195.0000,225.9100,True,True,15.8513
AAPL,Wedbush,2023-11-01,173.9700,240.0000,222.9100,True,False,7.1208
AAPL,Morgan Stanley,2023-11-03,176.6500,210.0000,223.4500,True,True,6.4048
AAPL,Wedbush,2023-11-03,176.6500,240.0000,223.4500,True,False,6.8958
AAPL,Rosenblatt,2023-11-03,176.6500,189.0000,223.4500,True,True,18.2275
AAPL,Tigress Financial,2023-11-16,189.7100,240.0000,228.0200,True,False,4.9917
AAPL,Wedbush,2023-11-24,189.9700,240.0000,232.8700,True,False,2.9708
AAPL,Morgan Stanley,2023-12-08,195.7100,220.0000,247.7700,True,True,12.6227
AAPL,Wedbush,2023-12-11,193.1800,250.0000,246.4900,True,False,1.4040
AAPL,Wedbush,2023-12-20,194.8300,250.0000,254.4900,True,True,1.7960
AAPL,Barclays,2024-01-02,185.6400,160.0000,243.8500,False,False,52.4063
AAPL,DA Davidson,2024-01-03,184.2500,166.0000,243.3600,False,False,46.6024
AAPL,Piper Sandler,2024-01-04,181.9100,205.0000,245.0000,True,True,19.5122
AAPL,Redburn Atlantic,2024-01-10,186.1900,200.0000,234.4000,True,True,17.2000
AAPL,B of A Securities,2024-01-18,188.6300,225.0000,222.6400,True,False,1.0489
AAPL,Wedbush,2024-01-30,188.0400,250.0000,236.0000,True,False,5.6000
AAPL,Wedbush,2024-01-31,184.4000,250.0000,228.0100,True,False,8.7960
AAPL,Rosenblatt,2024-01-31,184.4000,189.0000,228.0100,True,True,20.6402
AAPL,Needham,2024-02-02,185.8500,220.0000,232.4700,True,True,5.6682
AAPL,Barclays,2024-02-02,185.8500,158.0000,232.4700,False,False,47.1329
AAPL,Wedbush,2024-02-02,185.8500,250.0000,232.4700,True,False,7.0120
AAPL,Oppenheimer,2024-02-02,185.8500,200.0000,232.4700,True,True,16.2350
AAPL,Citigroup,2024-02-02,185.8500,225.0000,232.4700,True,True,3.3200
AAPL,JP Morgan,2024-02-02,185.8500,215.0000,232.4700,True,True,8.1256
AAPL,Loop Capital,2024-02-05,187.6800,185.0000,233.2200,False,False,26.0649
AAPL,DA Davidson,2024-02-07,189.4100,200.0000,227.6500,True,True,13.8250
AAPL,Wedbush,2024-02-12,187.1500,250.0000,241.5300,True,False,3.3880
AAPL,Wedbush,2024-02-28,181.4200,250.0000,238.0300,True,False,4.7880
AAPL,Rosenblatt,2024-03-05,170.1200,189.0000,239.0700,True,True,26.4921
AAPL,Citigroup,2024-03-08,170.7300,220.0000,216.9800,True,False,1.3727
AAPL,B of A Securities,2024-03-12,173.2300,225.0000,213.4900,True,False,5.1156
AAPL,Wedbush,2024-03-21,171.3700,250.0000,223.7500,True,False,10.5000
AAPL,Citigroup,2024-03-21,171.3700,220.0000,223.7500,True,True,1.7045
AAPL,Morgan Stanley,2024-03-22,172.2800,220.0000,221.5300,True,True,0.6955
AAPL,UBS,2024-03-25,170.8500,190.0000,223.8500,True,True,17.8158
AAPL,DZ Bank,2024-03-28,171.4800,180.0000,223.1900,True,True,23.9944
AAPL,Loop Capital,2024-04-01,170.0300,170.0000,223.8900,False,False,31.7000
AAPL,Wedbush,2024-04-09,169.6700,250.0000,190.4200,True,False,23.8320
AAPL,JP Morgan,2024-04-11,175.0400,210.0000,202.5200,True,False,3.5619
AAPL,Needham,2024-04-16,169.3800,220.0000,196.9800,True,False,10.4636
AAPL,Maxim Group,2024-04-17,168.0000,178.0000,193.1600,True,True,8.5169
AAPL,Morgan Stanley,2024-04-22,165.8400,210.0000,208.3700,True,False,0.7762
AAPL,Bernstein,2024-04-29,173.5000,195.0000,213.3200,True,True,9.3949
AAPL,Citigroup,2024-04-29,173.5000,210.0000,213.3200,True,True,1.5810
AAPL,Needham,2024-05-03,183.3800,220.0000,196.2500,True,False,10.7955
AAPL,Rosenblatt,2024-05-03,183.3800,196.0000,196.2500,True,True,0.1276
AAPL,Wedbush,2024-05-03,183.3800,250.0000,196.2500,True,False,21.5000
AAPL,Barclays,2024-05-03,183.3800,164.0000,196.2500,False,False,19.6646
AAPL,JP Morgan,2024-05-03,183.3800,225.0000,196.2500,True,False,12.7778
AAPL,B of A Securities,2024-05-03,183.3800,230.0000,196.2500,True,False,14.6739
AAPL,Morgan Stanley,2024-05-03,183.3800,216.0000,196.2500,True,False,9.1435
AAPL,Itau BBA,2024-05-03,183.3800,188.0000,196.2500,True,True,4.3883
AAPL,Canaccord Genuity,2024-05-03,183.3800,215.0000,196.2500,True,False,8.7209
AAPL,Wedbush,2024-05-13,186.2800,250.0000,211.4500,True,False,15.4200
AAPL,Wedbush,2024-05-24,189.9800,275.0000,199.9500,True,False,27.2909
AAPL,B of A Securities,2024-05-29,190.2900,230.0000,201.7000,True,False,12.3043
AAPL,Tigress Financial,2024-05-30,191.2900,245.0000,203.2700,True,False,17.0327
AAPL,Morgan Stanley,2024-06-04,194.3500,216.0000,203.9200,True,False,5.5926
AAPL,Needham,2024-06-11,207.1500,220.0000,196.4500,True,False,10.7045
AAPL,JP Morgan,2024-06-11,207.1500,225.0000,196.4500,True,False,12.6889
AAPL,Rosenblatt,2024-06-11,207.1500,196.0000,196.4500,False,False,0.2296
AAPL,Morgan Stanley,2024-06-11,207.1500,216.0000,196.4500,True,False,9.0509
AAPL,UBS,2024-06-11,207.1500,190.0000,196.4500,False,False,3.3947
AAPL,Barclays,2024-06-11,207.1500,164.0000,196.4500,False,False,19.7866
AAPL,DA Davidson,2024-06-11,207.1500,230.0000,196.4500,True,False,14.5870
AAPL,B of A Securities,2024-06-12,213.0700,230.0000,198.4200,True,False,13.7304
AAPL,JP Morgan,2024-06-18,214.2900,245.0000,201.5000,True,False,17.7551
AAPL,Bernstein,2024-06-21,207.4900,240.0000,201.5600,True,False,16.0167
AAPL,Melius Research,2024-06-24,208.1400,260.0000,201.0000,True,False,22.6923
AAPL,Evercore ISI Group,2024-06-25,209.0700,250.0000,201.0800,True,False,19.5680
AAPL,Rosenblatt,2024-06-26,213.2500,260.0000,205.1700,True,False,21.0885
AAPL,B of A Securities,2024-06-26,213.2500,230.0000,205.1700,True,False,10.7957
AAPL,Oppenheimer,2024-06-28,210.6200,250.0000,212.4400,True,False,15.0240
AAPL,Needham,2024-07-01,216.7500,220.0000,213.5500,True,False,2.9318
AAPL,UBS,2024-07-01,216.7500,190.0000,213.5500,False,False,12.3947
AAPL,B of A Securities,2024-07-09,228.6800,230.0000,211.1600,True,False,8.1913
AAPL,Needham,2024-07-10,232.9800,260.0000,208.6200,True,False,19.7615
AAPL,B of A Securities,2024-07-11,227.5700,256.0000,209.1100,True,False,18.3164
AAPL,Wedbush,2024-07-11,227.5700,275.0000,209.1100,True,False,23.9600
AAPL,Morgan Stanley,2024-07-15,234.4000,273.0000,210.0200,True,False,23.0696
AAPL,Loop Capital,2024-07-15,234.4000,300.0000,210.0200,True,False,29.9933
AAPL,CFRA,2024-07-17,228.8800,260.0000,212.4800,True,False,18.2769
AAPL,Goldman Sachs,2024-07-18,224.1800,265.0000,214.4000,True,False,19.0943
AAPL,JP Morgan,2024-07-24,218.5400,265.0000,214.0500,True,False,19.2264
AAPL,Barclays,2024-07-24,218.5400,187.0000,214.0500,False,False,14.4652
AAPL,Baird,2024-07-25,217.4900,240.0000,211.2700,True,False,11.9708
AAPL,Raymond James,2024-07-26,217.9600,250.0000,209.0500,True,False,16.3800
AAPL,TD Cowen,2024-07-29,218.2400,250.0000,207.5700,True,False,16.9720
AAPL,Barclays,2024-08-02,219.8600,186.0000,213.2500,False,False,14.6505
AAPL,Citigroup,2024-08-02,219.8600,255.0000,213.2500,True,False,16.3725
AAPL,Goldman Sachs,2024-08-02,219.8600,275.0000,213.2500,True,False,22.4545
AAPL,Wedbush,2024-08-02,219.8600,285.0000,213.2500,True,False,25.1754
AAPL,Rosenblatt,2024-08-02,219.8600,261.0000,213.2500,True,False,18.2950
AAPL,Maxim Group,2024-08-02,219.8600,203.0000,213.2500,False,False,5.0493
AAPL,Needham,2024-08-05,209.2700,260.0000,220.0300,True,False,15.3731
AAPL,Morgan Stanley,2024-08-06,207.2300,273.0000,229.3500,True,False,15.9890
AAPL,MoffettNathanson,2024-08-19,225.8900,211.0000,224.9000,False,False,6.5877
AAPL,Melius Research,2024-08-27,228.0300,265.0000,232.1400,True,False,12.4000
AAPL,B of A Securities,2024-08-27,228.0300,256.0000,232.1400,True,False,9.3203
AAPL,Evercore ISI Group,2024-08-27,228.0300,250.0000,232.1400,True,False,7.1440
AAPL,Morgan Stanley,2024-08-27,228.0300,273.0000,232.1400,True,False,14.9670
AAPL,Citigroup,2024-08-27,228.0300,255.0000,232.1400,True,False,8.9647
AAPL,Tigress Financial,2024-08-28,226.4900,295.0000,229.7200,True,False,22.1288
AAPL,UBS,2024-09-04,220.8500,236.0000,237.8800,True,True,0.7966
AAPL,B of A Securities,2024-09-05,222.3800,256.0000,234.3500,True,False,8.4570
AAPL,Wedbush,2024-09-09,220.9100,285.0000,230.0300,True,False,19.2877
AAPL,Needham,2024-09-10,220.1100,260.0000,234.0700,True,False,9.9731
AAPL,Morgan Stanley,2024-09-10,220.1100,273.0000,234.0700,True,False,14.2601
AAPL,Rosenblatt,2024-09-10,220.1100,261.0000,234.0700,True,False,10.3180
AAPL,Maxim Group,2024-09-10,220.1100,203.0000,234.0700,False,False,15.3054
AAPL,B of A Securities,2024-09-10,220.1100,256.0000,234.0700,True,False,8.5664
AAPL,Wedbush,2024-09-10,220.1100,300.0000,234.0700,True,False,21.9767
AAPL,Oppenheimer,2024-09-10,220.1100,250.0000,234.0700,True,False,6.3720
AAPL,JP Morgan,2024-09-10,220.1100,265.0000,234.0700,True,False,11.6717
AAPL,Evercore ISI Group,2024-09-16,216.3200,250.0000,237.8800,True,False,4.8480
AAPL,Needham,2024-09-19,228.8700,260.0000,254.4300,True,False,2.1423
AAPL,Needham,2024-09-24,227.3700,260.0000,255.4600,True,False,1.7462
AAPL,New Street Research,2024-09-25,226.3700,225.0000,254.4300,False,False,13.0800
AAPL,Barclays,2024-10-01,226.2100,186.0000,258.0200,False,False,38.7204
AAPL,B of A Securities,2024-10-03,225.6700,256.0000,256.4800,True,True,0.1875
AAPL,CFRA,2024-10-21,236.4800,260.0000,259.5800,True,False,0.1615
AAPL,Keybanc,2024-10-25,231.4100,200.0000,269.7000,False,False,34.8500
AAPL,HSBC,2024-11-01,222.9100,190.0000,270.1400,False,False,42.1790
AAPL,Oppenheimer,2024-11-01,222.9100,250.0000,270.1400,True,True,8.0560
AAPL,DA Davidson,2024-11-01,222.9100,260.0000,270.1400,True,True,3.9000
AAPL,Needham,2024-11-01,222.9100,260.0000,270.1400,True,True,3.9000
AAPL,Rosenblatt,2024-11-01,222.9100,262.0000,270.1400,True,True,3.1069
AAPL,Barclays,2024-11-01,222.9100,184.0000,270.1400,False,False,46.8152
AAPL,Maxim Group,2024-11-01,222.9100,215.0000,270.1400,False,False,25.6465
AAPL,Loop Capital,2024-11-04,222.0100,275.0000,269.7700,True,False,1.9018
AAPL,Jefferies,2024-11-15,225.0000,211.8400,268.5600,False,False,26.7749
AAPL,Susquehanna,2024-11-20,229.0000,210.0000,275.9200,False,False,31.3905
AAPL,Morgan Stanley,2024-11-25,232.8700,273.0000,278.8500,True,True,2.1429
AAPL,Wedbush,2024-11-29,237.3300,300.0000,284.1500,True,False,5.2833
AAPL,Jefferies,2024-12-02,239.5900,211.8400,280.7000,False,False,32.5057
AAPL,HSBC,2024-12-03,242.6500,160.0000,278.7800,False,False,74.2375
AAPL,Needham,2024-12-10,247.7700,260.0000,278.2800,True,True,7.0308
AAPL,Morgan Stanley,2024-12-13,248.1300,273.0000,271.8400,True,False,0.4249
AAPL,Daiwa Capital,2024-12-18,248.0500,275.0000,270.9700,True,False,1.4655
AAPL,Wedbush,2024-12-26,259.0200,325.0000,273.0800,True,False,15.9754
AAPL,B of A Securities,2025-01-03,243.3600,256.0000,260.3300,True,True,1.6914
AAPL,Bernstein,2025-01-03,243.3600,260.0000,260.3300,True,True,0.1269
AAPL,MoffettNathanson,2025-01-07,242.2100,188.0000,259.3700,False,False,37.9628
AAPL,Jefferies,2025-01-21,222.6400,200.7500,248.3500,False,False,23.7111
AAPL,Needham,2025-01-21,222.6400,260.0000,248.3500,True,False,4.4808
AAPL,JP Morgan,2025-01-21,222.6400,260.0000,248.3500,True,False,4.4808
AAPL,Loop Capital,2025-01-21,222.6400,230.0000,248.3500,True,True,7.9783
AAPL,Barclays,2025-01-22,223.8300,183.0000,248.0400,False,False,35.5410
AAPL,Goldman Sachs,2025-01-23,223.6600,280.0000,255.4100,True,False,8.7821
AAPL,Wedbush,2025-01-23,223.6600,325.0000,255.4100,True,False,21.4123
AAPL,B of A Securities,2025-01-24,222.7800,253.0000,258.2700,True,True,2.0830
AAPL,Rosenblatt,2025-01-27,229.8600,262.0000,256.4400,True,False,2.1221
AAPL,TD Cowen,2025-01-28,238.2600,250.0000,258.2800,True,True,3.3120
AAPL,DA Davidson,2025-01-30,237.5900,290.0000,270.0100,True,False,6.8931
AAPL,TD Cowen,2025-01-31,236.0000,290.0000,269.4800,True,False,7.0759
AAPL,Goldman Sachs,2025-01-31,236.0000,294.0000,269.4800,True,False,8.3401
AAPL,Jefferies,2025-01-31,236.0000,202.3300,269.4800,False,False,33.1884
AAPL,JP Morgan,2025-01-31,236.0000,270.0000,269.4800,True,False,0.1926
AAPL,Barclays,2025-01-31,236.0000,197.0000,269.4800,False,False,36.7919
AAPL,B of A Securities,2025-01-31,236.0000,265.0000,269.4800,True,True,1.6906
AAPL,Evercore ISI Group,2025-01-31,236.0000,260.0000,269.4800,True,True,3.6462
AAPL,Morgan Stanley,2025-01-31,236.0000,275.0000,269.4800,True,False,2.0073
AAPL,Needham,2025-01-31,236.0000,260.0000,269.4800,True,True,3.6462
AAPL,Citigroup,2025-01-31,236.0000,275.0000,269.4800,True,False,2.0073
AAPL,Goldman Sachs,2025-02-19,244.8700,294.0000,264.5800,True,False,10.0068
AAPL,Wedbush,2025-03-03,238.0300,325.0000,262.5200,True,False,19.2246
AAPL,Morgan Stanley,2025-03-12,216.9800,252.0000,250.1200,True,False,0.7460
AAPL,Wedbush,2025-03-14,213.4900,325.0000,254.2300,True,False,21.7754
AAPL,Evercore ISI Group,2025-03-18,212.6900,275.0000,248.9600,True,False,9.4691
AAPL,Goldman Sachs,2025-03-31,222.1300,294.0000,255.6300,True,False,13.0510
AAPL,Jefferies,2025-04-03,203.1900,202.3300,253.5000,False,False,25.2904
AAPL,Rosenblatt,2025-04-03,203.1900,263.0000,253.5000,True,False,3.6122
AAPL,Tigress Financial,2025-04-03,203.1900,300.0000,253.5000,True,False,15.5000
AAPL,B of A Securities,2025-04-03,203.1900,250.0000,253.5000,True,True,1.4000
AAPL,Needham,2025-04-04,188.3800,260.0000,258.9000,True,False,0.4231
AAPL,Wedbush,2025-04-07,181.4600,250.0000,260.4900,True,True,4.1960
AAPL,Keybanc,2025-04-08,172.4200,170.0000,260.4800,False,False,53.2235
AAPL,Goldman Sachs,2025-04-08,172.4200,242.0000,260.4800,True,True,7.6364
AAPL,Morgan Stanley,2025-04-08,172.4200,220.0000,260.4800,True,True,18.4000
AAPL,Jefferies,2025-04-09,198.8500,167.8800,259.2000,False,False,54.3960
AAPL,Needham,2025-04-14,202.5200,225.0000,263.4000,True,True,17.0667
AAPL,JP Morgan,2025-04-14,202.5200,245.0000,263.4000,True,True,7.5102
AAPL,DA Davidson,2025-04-14,202.5200,230.0000,263.4000,True,True,14.5217
AAPL,Citigroup,2025-04-14,202.5200,245.0000,263.4000,True,True,7.5102
AAPL,Goldman Sachs,2025-04-14,202.5200,259.0000,263.4000,True,True,1.6988
AAPL,UBS,2025-04-23,204.6000,210.0000,271.0600,True,True,29.0762
AAPL,Goldman Sachs,2025-04-23,204.6000,256.0000,271.0600,True,True,5.8828
AAPL,B of A Securities,2025-04-24,208.3700,240.0000,267.6100,True,True,11.5042
AAPL,Morgan Stanley,2025-04-29,211.2100,235.0000,271.3500,True,True,15.4681
AAPL,Raymond James,2025-04-30,212.5000,230.0000,280.1400,True,True,21.8000
AAPL,Barclays,2025-04-30,212.5000,173.0000,280.1400,False,False,61.9306
AAPL,Loop Capital,2025-04-30,212.5000,215.0000,280.1400,True,True,30.2977
AAPL,Rosenblatt,2025-05-01,213.3200,263.0000,276.8300,True,True,5.2586
AAPL,B of A Securities,2025-05-01,213.3200,250.0000,276.8300,True,True,10.7320
AAPL,Needham,2025-05-02,205.3500,225.0000,284.1800,True,True,26.3022
AAPL,DA Davidson,2025-05-02,205.3500,250.0000,284.1800,True,True,13.6720
AAPL,Jefferies,2025-05-02,205.3500,170.6200,284.1800,False,False,66.5573
AAPL,Rosenblatt,2025-05-02,205.3500,217.0000,284.1800,True,True,30.9585
AAPL,Wedbush,2025-05-02,205.3500,270.0000,284.1800,True,True,5.2518
AAPL,Baird,2025-05-02,205.3500,230.0000,284.1800,True,True,23.5565
AAPL,B of A Securities,2025-05-02,205.3500,235.0000,284.1800,True,True,20.9277
AAPL,JP Morgan,2025-05-02,205.3500,240.0000,284.1800,True,True,18.4083
AAPL,Wedbush,2025-05-16,211.2600,270.0000,298.9700,True,True,10.7296
AAPL,Needham,2025-06-04,202.8200,225.0000,307.3400,True,True,36.5956
AAPL,Morgan Stanley,2025-06-05,200.6300,235.0000,301.5400,True,True,28.3149
AAPL,B of A Securities,2025-06-10,202.6700,235.0000,295.6300,True,True,25.8000
AAPL,Wedbush,2025-06-10,202.6700,270.0000,295.6300,True,True,9.4926
AAPL,Morgan Stanley,2025-06-10,202.6700,235.0000,295.6300,True,True,25.8000
AAPL,JP Morgan,2025-06-26,201.0000,230.0000,281.7400,True,True,22.4956
AAPL,Jefferies,2025-07-01,207.8200,188.3200,308.6300,False,False,63.8859
AAPL,Wedbush,2025-07-09,211.1400,270.0000,315.3200,True,True,16.7852
AAPL,JP Morgan,2025-07-17,210.0200,250.0000,326.5900,True,True,30.6360
AAPL,Rosenblatt,2025-07-29,211.2700,217.0000,333.4300,True,True,53.6544
AAPL,Wedbush,2025-07-30,209.0500,270.0000,308.9100,True,True,14.4111
AAPL,B of A Securities,2025-08-01,202.3800,240.0000,309.3800,True,True,28.9083
AAPL,Morgan Stanley,2025-08-01,202.3800,240.0000,309.3800,True,True,28.9083
AAPL,Rosenblatt,2025-08-01,202.3800,223.0000,309.3800,True,True,38.7354
AAPL,Barclays,2025-08-01,202.3800,180.0000,309.3800,False,False,71.8778
AAPL,Raymond James,2025-08-01,202.3800,240.0000,309.3800,True,True,28.9083
AAPL,Wedbush,2025-08-01,202.3800,270.0000,309.3800,True,True,14.5852
AAPL,UBS,2025-08-01,202.3800,220.0000,309.3800,True,True,40.6273
AAPL,JP Morgan,2025-08-01,202.3800,255.0000,309.3800,True,True,21.3255
AAPL,Citigroup,2025-08-01,202.3800,245.0000,309.3800,True,True,26.2776
AAPL,DA Davidson,2025-08-01,202.3800,250.0000,309.3800,True,True,23.7520
AAPL,Wells Fargo,2025-08-07,220.0300,245.0000,308.2600,True,True,25.8204
AAPL,B of A Securities,2025-08-07,220.0300,250.0000,308.2600,True,True,23.3040
AAPL,Wedbush,2025-08-07,220.0300,270.0000,308.2600,True,True,14.1704
AAPL,Melius Research,2025-08-08,229.3500,260.0000,304.9100,True,True,17.2731
AAPL,Melius Research,2025-08-08,229.3500,260.0000,304.9100,True,True,17.2731
AAPL,Evercore ISI Group,2025-08-13,233.3300,250.0000,305.9300,True,True,22.3720
AAPL,Melius Research,2025-08-14,232.7800,260.0000,305.5900,True,True,17.5346
AAPL,Loop Capital,2025-08-21,224.9000,226.0000,310.3400,True,True,37.3186
AAPL,B of A Securities,2025-08-25,227.1600,250.0000,313.4500,True,True,25.3800
AAPL,Goldman Sachs,2025-08-27,230.4900,266.0000,319.7000,True,True,20.1880
AAPL,Wedbush,2025-09-03,238.4700,270.0000,328.2100,True,True,21.5593
AAPL,B of A Securities,2025-09-03,238.4700,260.0000,328.2100,True,True,26.2346
AAPL,MoffettNathanson,2025-09-04,239.7800,225.0000,319.9700,False,False,42.2089
AAPL,Jefferies,2025-09-08,237.8800,205.8200,315.3400,False,False,53.2115
AAPL,Wedbush,2025-09-09,234.3500,270.0000,326.5700,True,True,20.9519
AAPL,Evercore ISI Group,2025-09-10,226.7900,260.0000,332.2700,True,True,27.7961
AAPL,Rosenblatt,2025-09-10,226.7900,241.0000,332.2700,True,True,37.8714
AAPL,B of A Securities,2025-09-10,226.7900,270.0000,332.2700,True,True,23.0630
AAPL,Melius Research,2025-09-10,226.7900,290.0000,332.2700,True,True,14.5759
AAPL,Phillip Securities,2025-09-11,230.0300,200.0000,333.0800,False,False,66.5400
AAPL,DA Davidson,2025-09-11,230.0300,250.0000,333.0800,True,True,33.2320
AAPL,Bernstein,2025-09-16,238.1500,290.0000,337.0000,True,True,16.2069
AAPL,Tigress Financial,2025-09-17,238.9900,305.0000,336.1300,True,True,10.2066
AAPL,Wedbush,2025-09-22,256.0800,310.0000,337.0200,True,True,8.7161
AAPL,Evercore ISI Group,2025-09-26,255.4600,290.0000,329.4000,True,True,13.5862
AMZN,Citigroup,2020-02-05,101.9935,120.0000,166.5500,True,True,38.7917
AMZN,Aegis Capital,2020-02-13,107.4935,126.2500,163.8855,True,True,29.8103
AMZN,Wedbush,2020-03-17,90.3920,116.2500,156.7865,True,True,34.8701
AMZN,Jefferies,2020-03-25,94.2920,115.0000,152.3130,True,True,32.4461
AMZN,Deutsche Bank,2020-03-26,97.7745,115.0000,152.6015,True,True,32.6970
AMZN,BMO Capital,2020-03-30,98.1975,132.5000,152.7645,True,True,15.2940
AMZN,Mizuho,2020-04-14,114.1660,115.0000,166.6500,True,True,44.9130
AMZN,Baird,2020-04-15,115.3840,127.5000,168.9545,True,True,32.5133
AMZN,Wedbush,2020-04-22,118.1745,137.5000,165.4520,True,True,20.3287
AMZN,Jefferies,2020-04-22,118.1745,140.0000,165.4520,True,True,18.1800
AMZN,Goldman Sachs,2020-04-23,119.9725,145.0000,167.0440,True,True,15.2028
AMZN,Stifel,2020-04-24,120.5110,130.0000,170.4500,True,True,31.1154
AMZN,MKM Partners,2020-04-24,120.5110,125.0000,170.4500,True,True,36.3600
AMZN,Oppenheimer,2020-04-27,118.8000,135.0000,170.8715,True,True,26.5715
AMZN,Credit Suisse,2020-04-27,118.8000,140.0000,170.8715,True,True,22.0511
AMZN,SunTrust Robinson Humphrey,2020-04-27,118.8000,138.5000,170.8715,True,True,23.3729
AMZN,Bernstein,2020-04-28,115.7040,120.0000,172.9250,True,True,44.1042
AMZN,Citigroup,2020-04-30,123.7000,135.0000,173.3710,True,True,28.4230
AMZN,Keybanc,2020-05-01,114.3020,135.0000,169.3245,True,True,25.4256
AMZN,RBC Capital,2020-05-01,114.3020,135.0000,169.3245,True,True,25.4256
AMZN,Mizuho,2020-05-01,114.3020,127.5000,169.3245,True,True,32.8035
AMZN,Pivotal Research,2020-05-01,114.3020,135.0000,169.3245,True,True,25.4256
AMZN,Morgan Stanley,2020-05-01,114.3020,130.0000,169.3245,True,True,30.2496
AMZN,Raymond James,2020-05-01,114.3020,126.2500,169.3245,True,True,34.1184
AMZN,Susquehanna,2020-05-01,114.3020,150.0000,169.3245,True,True,12.8830
AMZN,Credit Suisse,2020-05-01,114.3020,138.0000,169.3245,True,True,22.6989
AMZN,B of A Securities,2020-05-01,114.3020,130.0000,169.3245,True,True,30.2496
AMZN,MKM Partners,2020-05-01,114.3020,126.2500,169.3245,True,True,34.1184
AMZN,UBS,2020-05-01,114.3020,150.0000,169.3245,True,True,12.8830
AMZN,BMO Capital,2020-05-01,114.3020,142.5000,169.3245,True,True,18.8242
AMZN,Stifel,2020-05-01,114.3020,130.0000,169.3245,True,True,30.2496
AMZN,Benchmark,2020-05-01,114.3020,132.5000,169.3245,True,True,27.7921
AMZN,Guggenheim,2020-05-01,114.3020,135.0000,169.3245,True,True,25.4256
AMZN,Canaccord Genuity,2020-05-01,114.3020,137.5000,169.3245,True,True,23.1451
AMZN,Wedbush,2020-05-01,114.3020,137.5000,169.3245,True,True,23.1451
AMZN,JMP Securities,2020-05-01,114.3020,142.5000,169.3245,True,True,18.8242
AMZN,SunTrust Robinson Humphrey,2020-05-01,114.3020,135.0000,169.3245,True,True,25.4256
AMZN,"Monness, Crespi, Hardt",2020-05-01,114.3020,140.0000,169.3245,True,True,20.9461
AMZN,China Renaissance,2020-05-06,117.5630,108.1000,165.3185,False,False,52.9311
AMZN,B of A Securities,2020-05-26,121.0930,130.0000,162.9525,True,True,25.3481
AMZN,Morgan Stanley,2020-06-01,123.5520,140.0000,160.9325,True,True,14.9518
AMZN,Pivotal Research,2020-06-05,124.1500,135.0000,159.9005,True,True,18.4448
AMZN,RBC Capital,2020-06-08,126.2030,165.0000,163.2055,True,False,1.0876
AMZN,Baird,2020-06-08,126.2030,137.5000,163.2055,True,True,18.6949
AMZN,B of A Securities,2020-06-08,126.2030,150.0000,163.2055,True,True,8.8037
AMZN,Jefferies,2020-06-10,132.3725,155.0000,167.4825,True,True,8.0532
AMZN,Needham,2020-06-17,132.0490,160.0000,174.4620,True,True,9.0388
AMZN,Wedbush,2020-06-24,136.7200,152.5000,172.4540,True,True,13.0846
AMZN,SunTrust Robinson Humphrey,2020-06-26,134.6435,170.0000,172.1945,True,True,1.2909
AMZN,Deutsche Bank,2020-06-26,134.6435,166.6500,172.1945,True,True,3.3270
AMZN,B of A Securities,2020-06-29,134.0190,150.0000,172.4070,True,True,14.9380
AMZN,Mizuho,2020-06-30,137.9410,155.0000,172.0080,True,True,10.9729
AMZN,Canaccord Genuity,2020-07-01,143.9350,165.0000,171.6485,True,True,4.0294
AMZN,Baird,2020-07-07,150.0060,165.0000,184.8290,True,True,12.0176
AMZN,Jefferies,2020-07-10,160.0000,155.0000,185.9275,False,False,19.9532
AMZN,Mizuho,2020-07-13,155.2000,172.5000,183.8680,True,True,6.5901
AMZN,Barclays,2020-07-13,155.2000,171.5000,183.8680,True,True,7.2117
AMZN,Morgan Stanley,2020-07-16,149.9950,172.5000,178.6815,True,True,3.5835
AMZN,MKM Partners,2020-07-20,159.8420,167.5000,178.6595,True,True,6.6624
AMZN,Jefferies,2020-07-20,159.8420,190.0000,178.6595,True,False,5.9687
AMZN,Keybanc,2020-07-24,150.4455,164.2500,184.9910,True,True,12.6277
AMZN,Bernstein,2020-07-24,150.4455,165.0000,184.9910,True,True,12.1158
AMZN,Credit Suisse,2020-07-24,150.4455,170.0000,184.9910,True,True,8.8182
AMZN,B of A Securities,2020-07-27,152.7605,164.0000,181.3195,True,True,10.5607
AMZN,Wedbush,2020-07-27,152.7605,175.0000,181.3195,True,True,3.6111
AMZN,BMO Capital,2020-07-30,152.5940,175.0000,166.3795,True,False,4.9260
AMZN,Keybanc,2020-07-31,158.2340,175.0000,166.5740,True,False,4.8149
AMZN,Needham,2020-07-31,158.2340,185.0000,166.5740,True,False,9.9600
AMZN,Raymond James,2020-07-31,158.2340,175.0000,166.5740,True,False,4.8149
AMZN,Morgan Stanley,2020-07-31,158.2340,187.5000,166.5740,True,False,11.1605
AMZN,Credit Suisse,2020-07-31,158.2340,184.0000,166.5740,True,False,9.4706
AMZN,Canaccord Genuity,2020-07-31,158.2340,190.0000,166.5740,True,False,12.3295
AMZN,Barclays,2020-07-31,158.2340,176.5000,166.5740,True,False,5.6238
AMZN,Mizuho,2020-07-31,158.2340,185.0000,166.5740,True,False,9.9600
AMZN,Baird,2020-07-31,158.2340,175.0000,166.5740,True,False,4.8149
AMZN,Guggenheim,2020-07-31,158.2340,180.0000,166.5740,True,False,7.4589
AMZN,MKM Partners,2020-07-31,158.2340,182.5000,166.5740,True,False,8.7266
AMZN,DA Davidson,2020-07-31,158.2340,190.0000,166.5740,True,False,12.3295
AMZN,Benchmark,2020-07-31,158.2340,183.7500,166.5740,True,False,9.3475
AMZN,Bernstein,2020-09-22,156.4495,170.0000,169.0025,True,False,0.5868
AMZN,Pivotal Research,2020-10-01,161.0630,225.0000,164.1630,True,False,27.0387
AMZN,Benchmark,2020-10-07,159.7845,190.0000,165.1215,True,False,13.0939
AMZN,Mizuho,2020-10-09,164.3325,200.0000,162.3150,True,False,18.8425
AMZN,Morgan Stanley,2020-10-15,166.9325,187.0000,170.4510,True,False,8.8497
AMZN,Morgan Stanley,2020-10-16,163.6355,187.5000,172.3370,True,False,8.0869
AMZN,BMO Capital,2020-10-23,160.2200,190.0000,166.0185,True,False,12.6218
AMZN,Credit Suisse,2020-10-27,164.3165,185.0000,169.6245,True,False,8.3111
AMZN,Deutsche Bank,2020-10-27,164.3165,202.5000,169.6245,True,False,16.2348
AMZN,Bernstein,2020-10-30,151.8075,185.0000,165.9055,True,False,10.3214
AMZN,Credit Suisse,2020-10-30,151.8075,187.5000,165.9055,True,False,11.5171
AMZN,Barclays,2020-10-30,151.8075,183.0000,165.9055,True,False,9.3413
AMZN,Baird,2020-10-30,151.8075,185.0000,165.9055,True,False,10.3214
AMZN,MKM Partners,2020-10-30,151.8075,187.5000,165.9055,True,False,11.5171
AMZN,JP Morgan,2020-10-30,151.8075,205.0000,165.9055,True,False,19.0705
AMZN,Piper Sandler,2020-10-30,151.8075,195.1500,165.9055,True,False,14.9857
AMZN,Benchmark,2020-10-30,151.8075,200.0000,165.9055,True,False,17.0472
AMZN,Citigroup,2020-11-03,152.4205,180.0000,169.2000,True,False,6.0000
AMZN,China Renaissance,2020-11-04,162.0580,200.0000,173.8500,True,False,13.0750
AMZN,Baird,2021-01-11,155.7105,185.0000,161.4860,True,False,12.7103
AMZN,Morgan Stanley,2021-01-15,155.2125,195.0000,162.1380,True,False,16.8523
AMZN,Credit Suisse,2021-01-22,164.6115,193.0000,142.6430,True,False,26.0917
AMZN,Stifel,2021-01-27,161.6290,180.0000,138.8725,True,False,22.8486
AMZN,Oppenheimer,2021-02-01,167.1440,205.0000,149.5735,True,False,27.0373
AMZN,Keybanc,2021-02-03,165.6265,185.0000,150.6125,True,False,18.5878
AMZN,Pivotal Research,2021-02-03,165.6265,232.5000,150.6125,True,False,35.2204
AMZN,Raymond James,2021-02-03,165.6265,200.0000,150.6125,True,False,24.6937
AMZN,JMP Securities,2021-02-03,165.6265,217.5000,150.6125,True,False,30.7529
AMZN,Deutsche Bank,2021-02-03,165.6265,212.5000,150.6125,True,False,29.1235
AMZN,Barclays,2021-02-03,165.6265,193.0000,150.6125,True,False,21.9624
AMZN,Morgan Stanley,2021-02-03,165.6265,210.0000,150.6125,True,False,28.2798
AMZN,Credit Suisse,2021-02-03,165.6265,197.0000,150.6125,True,False,23.5470
AMZN,Canaccord Genuity,2021-02-03,165.6265,205.0000,150.6125,True,False,26.5305
AMZN,Stifel,2021-02-03,165.6265,200.0000,150.6125,True,False,24.6937
AMZN,JP Morgan,2021-02-03,165.6265,220.0000,150.6125,True,False,31.5398
AMZN,Guggenheim,2021-02-03,165.6265,200.0000,150.6125,True,False,24.6937
AMZN,Wedbush,2021-02-03,165.6265,200.0000,150.6125,True,False,24.6937
AMZN,MKM Partners,2021-02-03,165.6265,198.7500,150.6125,True,False,24.2201
AMZN,"Monness, Crespi, Hardt",2021-02-03,165.6265,212.5000,150.6125,True,False,29.1235
AMZN,Truist Securities,2021-02-03,165.6265,187.5000,150.6125,True,False,19.6733
AMZN,Jefferies,2021-02-03,165.6265,200.0000,150.6125,True,False,24.6937
AMZN,Cowen & Co.,2021-02-03,165.6265,220.0000,150.6125,True,False,31.5398
AMZN,Benchmark,2021-02-03,165.6265,220.0000,150.6125,True,False,31.5398
AMZN,UBS,2021-02-03,165.6265,207.5000,150.6125,True,False,27.4157
AMZN,Citigroup,2021-02-17,165.4320,187.5000,156.5105,True,False,16.5277
AMZN,"Monness, Crespi, Hardt",2021-03-26,152.6015,212.5000,164.7735,True,False,22.4595
AMZN,Guggenheim,2021-04-01,158.0500,200.0000,162.9975,True,False,18.5013
AMZN,Piper Sandler,2021-04-07,163.9695,195.1500,164.0550,True,False,15.9339
AMZN,Credit Suisse,2021-04-16,169.9720,197.5000,151.7065,True,False,23.1866
AMZN,Oppenheimer,2021-04-21,168.1010,210.0000,153.9980,True,False,26.6676
AMZN,BMO Capital,2021-04-23,167.0440,210.0000,144.3500,True,False,31.2619
AMZN,Keybanc,2021-04-30,173.3710,200.0000,124.2815,True,False,37.8592
AMZN,JMP Securities,2021-04-30,173.3710,225.0000,124.2815,True,False,44.7638
AMZN,Susquehanna,2021-04-30,173.3710,275.0000,124.2815,True,False,54.8067
AMZN,Morgan Stanley,2021-04-30,173.3710,225.0000,124.2815,True,False,44.7638
AMZN,Mizuho,2021-04-30,173.3710,220.0000,124.2815,True,False,43.5084
AMZN,Bernstein,2021-04-30,173.3710,200.0000,124.2815,True,False,37.8592
AMZN,Raymond James,2021-04-30,173.3710,206.2500,124.2815,True,False,39.7423
AMZN,Canaccord Genuity,2021-04-30,173.3710,220.0000,124.2815,True,False,43.5084
AMZN,Barclays,2021-04-30,173.3710,215.0000,124.2815,True,False,42.1947
AMZN,Truist Securities,2021-04-30,173.3710,200.0000,124.2815,True,False,37.8592
AMZN,UBS,2021-04-30,173.3710,217.5000,124.2815,True,False,42.8591
AMZN,Jefferies,2021-04-30,173.3710,210.0000,124.2815,True,False,40.8183
AMZN,Stifel,2021-04-30,173.3710,220.0000,124.2815,True,False,43.5084
AMZN,Needham,2021-04-30,173.3710,207.5000,124.2815,True,False,40.1053
AMZN,Wells Fargo,2021-04-30,173.3710,225.0000,124.2815,True,False,44.7638
AMZN,BMO Capital,2021-04-30,173.3710,215.0000,124.2815,True,False,42.1947
AMZN,Credit Suisse,2021-04-30,173.3710,200.0000,124.2815,True,False,37.8592
AMZN,MKM Partners,2021-04-30,173.3710,203.7500,124.2815,True,False,39.0029
AMZN,Piper Sandler,2021-04-30,173.3710,200.0000,124.2815,True,False,37.8592
AMZN,China Renaissance,2021-05-03,169.3245,225.0000,124.5000,True,False,44.6667
AMZN,Citigroup,2021-05-12,157.5970,208.7500,105.3720,True,False,49.5224
AMZN,Tigress Financial,2021-06-17,174.4620,218.5000,103.6600,True,False,52.5584
AMZN,JP Morgan,2021-06-18,174.3450,230.0000,106.2200,True,False,53.8174
AMZN,"Monness, Crespi, Hardt",2021-06-18,174.3450,225.0000,106.2200,True,False,52.7911
AMZN,Loop Capital,2021-06-21,172.6980,188.7500,108.6800,True,False,42.4212
AMZN,Jefferies,2021-06-21,172.6980,210.0000,108.6800,True,False,48.2476
AMZN,Jefferies,2021-06-28,172.1945,210.0000,107.4000,True,False,48.8571
AMZN,Bernstein,2021-07-21,179.2600,210.0000,124.6300,True,False,40.6524
AMZN,Credit Suisse,2021-07-26,184.9910,242.5000,114.8100,True,False,52.6557
AMZN,Mizuho,2021-07-30,166.3795,205.0000,135.3900,True,False,33.9561
AMZN,Raymond James,2021-07-30,166.3795,195.0000,135.3900,True,False,30.5692
AMZN,Credit Suisse,2021-07-30,166.3795,235.0000,135.3900,True,False,42.3872
AMZN,Cowen & Co.,2021-07-30,166.3795,220.0000,135.3900,True,False,38.4591
AMZN,UBS,2021-07-30,166.3795,201.0000,135.3900,True,False,32.6418
AMZN,Oppenheimer,2021-07-30,166.3795,210.0000,135.3900,True,False,35.5286
AMZN,Truist Securities,2021-07-30,166.3795,190.0000,135.3900,True,False,28.7421
AMZN,BMO Capital,2021-07-30,166.3795,205.0000,135.3900,True,False,33.9561
AMZN,Piper Sandler,2021-07-30,166.3795,195.2000,135.3900,True,False,30.6404
AMZN,Morgan Stanley,2021-07-30,166.3795,215.0000,135.3900,True,False,37.0279
AMZN,Jefferies,2021-07-30,166.3795,210.0000,135.3900,True,False,35.5286
AMZN,Benchmark,2021-07-30,166.3795,210.0000,135.3900,True,False,35.5286
AMZN,Goldman Sachs,2021-09-13,172.8585,212.5000,126.8200,True,False,40.3200
AMZN,Evercore ISI Group,2021-09-14,172.5000,235.0000,128.5500,True,False,45.2979
AMZN,Morgan Stanley,2021-09-27,170.2900,205.0000,114.4100,True,False,44.1902
AMZN,JP Morgan,2021-09-29,165.0560,217.5000,114.8000,True,False,47.2184
AMZN,RBC Capital,2021-10-01,164.1630,207.5000,115.8800,True,False,44.1542
AMZN,Wolfe Research,2021-10-05,161.0500,192.5000,120.9500,True,False,37.1688
AMZN,Cowen & Co.,2021-10-07,165.1215,215.0000,114.5600,True,False,46.7163
AMZN,Evercore ISI Group,2021-10-14,164.9930,235.0000,106.9000,True,False,54.5106
AMZN,Credit Suisse,2021-10-22,166.7775,210.0000,119.8200,True,False,42.9429
AMZN,BMO Capital,2021-10-22,166.7775,205.0000,119.8200,True,False,41.5512
AMZN,Telsey Advisory Group,2021-10-29,168.6215,192.5000,102.4400,True,False,46.7844
AMZN,JMP Securities,2021-10-29,168.6215,200.0000,102.4400,True,False,48.7800
AMZN,Barclays,2021-10-29,168.6215,190.0000,102.4400,True,False,46.0842
AMZN,Raymond James,2021-10-29,168.6215,192.0000,102.4400,True,False,46.6458
AMZN,Oppenheimer,2021-10-29,168.6215,210.0000,102.4400,True,False,51.2190
AMZN,Morgan Stanley,2021-10-29,168.6215,200.0000,102.4400,True,False,48.7800
AMZN,Credit Suisse,2021-10-29,168.6215,205.0000,102.4400,True,False,50.0293
AMZN,Wolfe Research,2021-10-29,168.6215,190.0000,102.4400,True,False,46.0842
AMZN,Mizuho,2021-10-29,168.6215,197.5000,102.4400,True,False,48.1316
AMZN,RBC Capital,2021-10-29,168.6215,200.0000,102.4400,True,False,48.7800
AMZN,Truist Securities,2021-10-29,168.6215,200.0000,102.4400,True,False,48.7800
AMZN,Jefferies,2021-10-29,168.6215,200.0000,102.4400,True,False,48.7800
AMZN,Piper Sandler,2021-10-29,168.6215,193.7500,102.4400,True,False,47.1277
AMZN,"Monness, Crespi, Hardt",2021-10-29,168.6215,225.0000,102.4400,True,False,54.4711
AMZN,Benchmark,2021-10-29,168.6215,200.0000,102.4400,True,False,48.7800
AMZN,Tigress Financial,2021-11-10,174.1025,223.0000,96.6300,True,False,56.6682
AMZN,Evercore ISI Group,2021-12-02,171.8680,215.0000,94.1300,True,False,56.2186
AMZN,"Monness, Crespi, Hardt",2021-12-17,170.0175,225.0000,84.9200,True,False,62.2578
AMZN,Wolfe Research,2022-01-04,167.5220,205.0000,83.1200,True,False,59.4537
AMZN,RBC Capital,2022-01-04,167.5220,200.0000,83.1200,True,False,58.4400
AMZN,Morgan Stanley,2022-01-11,165.3620,210.0000,95.2700,True,False,54.6333
AMZN,BMO Capital,2022-01-27,139.6375,180.0000,100.5500,True,False,44.1389
AMZN,Credit Suisse,2022-01-28,143.9780,200.0000,103.1300,True,False,48.4350
AMZN,Jefferies,2022-01-28,143.9780,200.0000,103.1300,True,False,48.4350
AMZN,UBS,2022-02-02,150.6125,227.5000,103.3900,True,False,54.5538
AMZN,JP Morgan,2022-02-04,157.6395,225.0000,102.1100,True,False,54.6178
AMZN,Goldman Sachs,2022-02-04,157.6395,210.0000,102.1100,True,False,51.3762
AMZN,UBS,2022-02-04,157.6395,231.2500,102.1100,True,False,55.8443
AMZN,Raymond James,2022-02-04,157.6395,197.5000,102.1100,True,False,48.2987
AMZN,Credit Suisse,2022-02-04,157.6395,205.0000,102.1100,True,False,50.1902
AMZN,Wolfe Research,2022-02-04,157.6395,210.0000,102.1100,True,False,51.3762
AMZN,BMO Capital,2022-02-04,157.6395,180.0000,102.1100,True,False,43.2722
AMZN,RBC Capital,2022-02-04,157.6395,200.0000,102.1100,True,False,48.9450
AMZN,Barclays,2022-02-04,157.6395,220.0000,102.1100,True,False,53.5864
AMZN,Canaccord Genuity,2022-02-04,157.6395,210.0000,102.1100,True,False,51.3762
AMZN,MKM Partners,2022-02-04,157.6395,205.0000,102.1100,True,False,50.1902
AMZN,Piper Sandler,2022-02-04,157.6395,195.0000,102.1100,True,False,47.6359
AMZN,Tigress Financial,2022-02-18,152.6015,232.7500,95.7900,True,False,58.8443
AMZN,Deutsche Bank,2022-03-11,145.5245,205.0000,94.8800,True,False,53.7171
AMZN,Exane BNP Paribas,2022-03-30,166.3010,140.0000,103.2900,False,True,26.2214
AMZN,RBC Capital,2022-04-01,163.5600,200.0000,103.9500,True,False,48.0250
AMZN,Rosenblatt,2022-04-19,158.1155,150.0000,103.8100,False,True,30.7933
AMZN,RBC Capital,2022-04-19,158.1155,194.0000,103.8100,True,False,46.4897
AMZN,UBS,2022-04-20,153.9980,227.5000,106.9600,True,False,52.9846
AMZN,Cowen & Co.,2022-04-20,153.9980,220.0000,106.9600,True,False,51.3818
AMZN,MKM Partners,2022-04-20,153.9980,200.0000,106.9600,True,False,46.5200
AMZN,Bernstein,2022-04-21,148.2960,195.0000,106.2100,True,False,45.5333
AMZN,Jefferies,2022-04-28,144.5965,200.0000,102.0500,True,False,48.9750
AMZN,Telsey Advisory Group,2022-04-29,124.2815,170.0000,103.6300,True,False,39.0412
AMZN,Needham,2022-04-29,124.2815,175.0000,103.6300,True,False,40.7829
AMZN,Piper Sandler,2022-04-29,124.2815,170.0000,103.6300,True,False,39.0412
AMZN,Raymond James,2022-04-29,124.2815,165.0000,103.6300,True,False,37.1939
AMZN,JMP Securities,2022-04-29,124.2815,180.0000,103.6300,True,False,42.4278
AMZN,Credit Suisse,2022-04-29,124.2815,185.0000,103.6300,True,False,43.9838
AMZN,UBS,2022-04-29,124.2815,209.2500,103.6300,True,False,50.4755
AMZN,RBC Capital,2022-04-29,124.2815,175.0000,103.6300,True,False,40.7829
AMZN,Deutsche Bank,2022-04-29,124.2815,175.0000,103.6300,True,False,40.7829
AMZN,Baird,2022-04-29,124.2815,187.5000,103.6300,True,False,44.7307
AMZN,JP Morgan,2022-04-29,124.2815,200.0000,103.6300,True,False,48.1850
AMZN,Susquehanna,2022-04-29,124.2815,190.0000,103.6300,True,False,45.4579
AMZN,Morgan Stanley,2022-04-29,124.2815,190.0000,103.6300,True,False,45.4579
AMZN,Canaccord Genuity,2022-04-29,124.2815,187.5000,103.6300,True,False,44.7307
AMZN,Wolfe Research,2022-04-29,124.2815,185.0000,103.6300,True,False,43.9838
AMZN,Stifel,2022-04-29,124.2815,190.0000,103.6300,True,False,45.4579
AMZN,Cowen & Co.,2022-04-29,124.2815,212.5000,103.6300,True,False,51.2329
AMZN,BMO Capital,2022-04-29,124.2815,172.5000,103.6300,True,False,39.9246
AMZN,Evercore ISI Group,2022-04-29,124.2815,205.0000,103.6300,True,False,49.4488
AMZN,Truist Securities,2022-04-29,124.2815,175.0000,103.6300,True,False,40.7829
AMZN,MKM Partners,2022-04-29,124.2815,181.2500,103.6300,True,False,42.8248
AMZN,Barclays,2022-04-29,124.2815,212.0000,103.6300,True,False,51.1179
AMZN,DA Davidson,2022-04-29,124.2815,156.2500,103.6300,True,False,33.6768
AMZN,Rosenblatt,2022-04-29,124.2815,145.0000,103.6300,True,False,28.5310
AMZN,Jefferies,2022-05-16,110.8105,185.0000,115.5000,True,False,37.5676
AMZN,Wolfe Research,2022-05-17,115.3685,145.0000,118.1500,True,False,18.5172
AMZN,Loop Capital,2022-05-27,115.1465,141.2500,120.5800,True,False,14.6336
AMZN,Jefferies,2022-05-31,120.2095,162.5000,122.7700,True,False,24.4492
AMZN,Morgan Stanley,2022-06-01,121.6840,175.0000,124.2500,True,False,29.0000
AMZN,JMP Securities,2022-06-01,121.6840,172.5000,124.2500,True,False,27.9710
AMZN,Morgan Stanley,2022-06-06,124.7900,8.7500,121.2300,False,False,1285.4858
AMZN,MKM Partners,2022-06-06,124.7900,9.0000,121.2300,False,False,1247.0000
AMZN,RBC Capital,2022-06-07,123.0000,175.0000,124.2500,True,False,29.0000
AMZN,DA Davidson,2022-06-07,123.0000,156.2500,124.2500,True,False,20.4800
AMZN,BMO Capital,2022-06-08,121.1800,172.5000,123.4300,True,False,28.4464
AMZN,Goldman Sachs,2022-06-10,109.6500,170.0000,126.6600,True,False,25.4941
AMZN,Jefferies,2022-06-10,109.6500,163.0000,126.6600,True,False,22.2945
AMZN,Rosenblatt,2022-06-14,102.3100,107.0000,127.1100,True,True,18.7944
AMZN,JP Morgan,2022-06-14,102.3100,200.0000,127.1100,True,False,36.4450
AMZN,"Monness, Crespi, Hardt",2022-06-22,108.9500,185.0000,129.3300,True,False,30.0919
AMZN,Evercore ISI Group,2022-06-24,116.4600,180.0000,129.1800,True,False,28.2333
AMZN,UBS,2022-06-28,107.4000,167.0000,127.9000,True,False,23.4132
AMZN,Wolfe Research,2022-06-29,108.9200,140.0000,130.3600,True,False,6.8857
AMZN,Redburn Partners,2022-06-29,108.9200,270.0000,130.3600,True,False,51.7185
AMZN,JP Morgan,2022-06-29,108.9200,175.0000,130.3600,True,False,25.5086
AMZN,Tigress Financial,2022-06-29,108.9200,232.0000,130.3600,True,False,43.8103
AMZN,Goldman Sachs,2022-06-30,106.2100,170.0000,130.2200,True,False,23.4000
AMZN,Goldman Sachs,2022-07-12,109.2200,170.0000,134.3000,True,False,21.0000
AMZN,Telsey Advisory Group,2022-07-13,110.4000,145.0000,134.6800,True,False,7.1172
AMZN,Citigroup,2022-07-14,110.6300,180.0000,133.5600,True,False,25.8000
AMZN,Barclays,2022-07-15,113.5500,195.0000,132.8300,True,False,31.8821
AMZN,Stifel,2022-07-15,113.5500,185.0000,132.8300,True,False,28.2000
AMZN,Jefferies,2022-07-20,122.7700,150.0000,130.0000,True,False,13.3333
AMZN,Mizuho,2022-07-21,124.6300,155.0000,128.8000,True,False,16.9032
AMZN,Bernstein,2022-07-21,124.6300,160.0000,128.8000,True,False,19.5000
AMZN,Deutsche Bank,2022-07-21,124.6300,155.0000,128.8000,True,False,16.9032
AMZN,Evercore ISI Group,2022-07-21,124.6300,180.0000,128.8000,True,False,28.4444
AMZN,Oppenheimer,2022-07-25,121.1400,160.0000,128.1500,True,False,19.9063
AMZN,Credit Suisse,2022-07-26,114.8100,170.0000,128.2500,True,False,24.5588
AMZN,Telsey Advisory Group,2022-07-29,134.9500,150.0000,131.6900,True,False,12.2067
AMZN,Piper Sandler,2022-07-29,134.9500,175.0000,131.6900,True,False,24.7486
AMZN,Raymond James,2022-07-29,134.9500,164.0000,131.6900,True,False,19.7012
AMZN,Wolfe Research,2022-07-29,134.9500,170.0000,131.6900,True,False,22.5353
AMZN,JMP Securities,2022-07-29,134.9500,180.0000,131.6900,True,False,26.8389
AMZN,Barclays,2022-07-29,134.9500,200.0000,131.6900,True,False,34.1550
AMZN,JP Morgan,2022-07-29,134.9500,185.0000,131.6900,True,False,28.8162
AMZN,Stifel,2022-07-29,134.9500,200.0000,131.6900,True,False,34.1550
AMZN,Rosenblatt,2022-07-29,134.9500,118.0000,131.6900,False,False,11.6017
AMZN,Goldman Sachs,2022-07-29,134.9500,175.0000,131.6900,True,False,24.7486
AMZN,Deutsche Bank,2022-07-29,134.9500,175.0000,131.6900,True,False,24.7486
AMZN,Citigroup,2022-07-29,134.9500,185.0000,131.6900,True,False,28.8162
AMZN,Canaccord Genuity,2022-07-29,134.9500,200.0000,131.6900,True,False,34.1550
AMZN,B of A Securities,2022-07-29,134.9500,170.0000,131.6900,True,False,22.5353
AMZN,Jefferies,2022-07-29,134.9500,165.0000,131.6900,True,False,20.1879
AMZN,Cowen & Co.,2022-07-29,134.9500,215.0000,131.6900,True,False,38.7488
AMZN,UBS,2022-07-29,134.9500,180.0000,131.6900,True,False,26.8389
AMZN,Needham,2022-07-29,134.9500,175.0000,131.6900,True,False,24.7486
AMZN,Evercore ISI Group,2022-07-29,134.9500,180.0000,131.6900,True,False,26.8389
AMZN,DA Davidson,2022-09-12,136.4500,151.0000,144.8500,True,False,4.0728
AMZN,Truist Securities,2022-09-28,118.0100,170.0000,127.1200,True,False,25.2235
AMZN,B of A Securities,2022-10-03,115.8800,157.0000,127.0000,True,False,19.1083
AMZN,Jefferies,2022-10-04,121.0900,165.0000,125.9600,True,False,23.6606
AMZN,"Monness, Crespi, Hardt",2022-10-04,121.0900,172.0000,125.9600,True,False,26.7674
AMZN,Bernstein,2022-10-19,115.0700,150.0000,125.1700,True,False,16.5533
AMZN,Credit Suisse,2022-10-20,115.2500,159.0000,126.5600,True,False,20.4025
AMZN,UBS,2022-10-20,115.2500,165.0000,126.5600,True,False,23.2970
AMZN,JP Morgan,2022-10-21,119.3200,175.0000,128.5600,True,False,26.5371
AMZN,"Monness, Crespi, Hardt",2022-10-24,119.8200,172.0000,121.3900,True,False,29.4244
AMZN,Goldman Sachs,2022-10-27,110.9600,175.0000,132.7100,True,False,24.1657
AMZN,Jefferies,2022-10-27,110.9600,165.0000,132.7100,True,False,19.5697
AMZN,Telsey Advisory Group,2022-10-28,103.4100,140.0000,133.0900,True,False,4.9357
AMZN,Needham,2022-10-28,103.4100,120.0000,133.0900,True,True,10.9083
AMZN,Piper Sandler,2022-10-28,103.4100,125.0000,133.0900,True,True,6.4720
AMZN,Oppenheimer,2022-10-28,103.4100,130.0000,133.0900,True,True,2.3769
AMZN,JP Morgan,2022-10-28,103.4100,145.0000,133.0900,True,False,8.2138
AMZN,JMP Securities,2022-10-28,103.4100,140.0000,133.0900,True,False,4.9357
AMZN,Credit Suisse,2022-10-28,103.4100,142.0000,133.0900,True,False,6.2747
AMZN,B of A Securities,2022-10-28,103.4100,137.0000,133.0900,True,False,2.8540
AMZN,Truist Securities,2022-10-28,103.4100,160.0000,133.0900,True,False,16.8188
AMZN,Barclays,2022-10-28,103.4100,140.0000,133.0900,True,False,4.9357
AMZN,Raymond James,2022-10-28,103.4100,130.0000,133.0900,True,True,2.3769
AMZN,Mizuho,2022-10-28,103.4100,135.0000,133.0900,True,False,1.4148
AMZN,Citigroup,2022-10-28,103.4100,145.0000,133.0900,True,False,8.2138
AMZN,Baird,2022-10-28,103.4100,130.0000,133.0900,True,True,2.3769
AMZN,RBC Capital,2022-10-28,103.4100,135.0000,133.0900,True,False,1.4148
AMZN,Deutsche Bank,2022-10-28,103.4100,130.0000,133.0900,True,True,2.3769
AMZN,Wolfe Research,2022-10-28,103.4100,130.0000,133.0900,True,True,2.3769
AMZN,Wells Fargo,2022-10-28,103.4100,155.0000,133.0900,True,False,14.1355
AMZN,Cowen & Co.,2022-10-28,103.4100,150.0000,133.0900,True,False,11.2733
AMZN,Wedbush,2022-10-28,103.4100,140.0000,133.0900,True,False,4.9357
AMZN,Morgan Stanley,2022-10-28,103.4100,140.0000,133.0900,True,False,4.9357
AMZN,DA Davidson,2022-10-28,103.4100,114.0000,133.0900,True,True,16.7456
AMZN,Benchmark,2022-10-28,103.4100,125.0000,133.0900,True,True,6.4720
AMZN,Tigress Financial,2022-11-02,92.1200,192.0000,138.6000,True,False,27.8125
AMZN,Rosenblatt,2022-11-14,98.4900,103.0000,143.2000,True,True,39.0291
AMZN,MoffettNathanson,2022-11-15,98.9400,118.0000,142.8300,True,True,21.0424
AMZN,Goldman Sachs,2022-11-18,94.1400,165.0000,143.9000,True,False,12.7879
AMZN,Piper Sandler,2022-11-22,93.2000,119.0000,146.7400,True,True,23.3109
AMZN,Cowen & Co.,2022-12-01,95.5000,160.0000,144.8400,True,False,9.4750
AMZN,Jefferies,2022-12-05,91.0100,135.0000,144.5200,True,True,7.0519
AMZN,JP Morgan,2022-12-16,87.8600,130.0000,153.7900,True,True,18.3000
AMZN,"Monness, Crespi, Hardt",2022-12-16,87.8600,136.0000,153.7900,True,True,13.0809
AMZN,Evercore ISI Group,2022-12-19,84.9200,150.0000,152.1200,True,True,1.4133
AMZN,Baird,2022-12-22,83.7900,120.0000,153.4100,True,True,27.8417
AMZN,New Street Research,2023-01-04,85.1400,130.0000,145.2400,True,True,11.7231
AMZN,UBS,2023-01-04,85.1400,125.0000,145.2400,True,True,16.1920
AMZN,Cowen & Co.,2023-01-11,95.0900,140.0000,154.6200,True,True,10.4429
AMZN,Bernstein,2023-01-12,95.2700,125.0000,153.1600,True,True,22.5280
AMZN,UBS,2023-01-12,95.2700,125.0000,153.1600,True,True,22.5280
AMZN,Goldman Sachs,2023-01-13,98.1200,145.0000,151.7100,True,True,4.6276
AMZN,Telsey Advisory Group,2023-01-24,96.3200,125.0000,157.7500,True,True,26.2000
AMZN,UBS,2023-01-25,97.1800,118.0000,159.1200,True,True,34.8475
AMZN,Bernstein,2023-01-26,99.2200,120.0000,161.2600,True,True,34.3833
AMZN,"Monness, Crespi, Hardt",2023-01-26,99.2200,136.0000,161.2600,True,True,18.5735
AMZN,Barclays,2023-01-30,100.5500,130.0000,155.2000,True,True,19.3846
AMZN,Credit Suisse,2023-01-30,100.5500,171.0000,155.2000,True,False,9.2398
AMZN,Loop Capital,2023-02-02,112.9100,140.0000,170.3100,True,True,21.6500
AMZN,Piper Sandler,2023-02-03,103.3900,123.0000,169.1500,True,True,37.5203
AMZN,Needham,2023-02-03,103.3900,120.0000,169.1500,True,True,40.9583
AMZN,Barclays,2023-02-03,103.3900,150.0000,169.1500,True,True,12.7667
AMZN,Baird,2023-02-03,103.3900,125.0000,169.1500,True,True,35.3200
AMZN,Oppenheimer,2023-02-03,103.3900,135.0000,169.1500,True,True,25.2963
AMZN,Cowen & Co.,2023-02-03,103.3900,150.0000,169.1500,True,True,12.7667
AMZN,Benchmark,2023-02-03,103.3900,130.0000,169.1500,True,True,30.1154
AMZN,JP Morgan,2023-02-03,103.3900,142.0000,169.1500,True,True,19.1197
AMZN,Morgan Stanley,2023-02-03,103.3900,150.0000,169.1500,True,True,12.7667
AMZN,Rosenblatt,2023-02-03,103.3900,106.0000,169.1500,True,True,59.5755
AMZN,Susquehanna,2023-02-03,103.3900,150.0000,169.1500,True,True,12.7667
AMZN,Credit Suisse,2023-02-03,103.3900,150.0000,169.1500,True,True,12.7667
AMZN,Wedbush,2023-02-03,103.3900,125.0000,169.1500,True,True,35.3200
AMZN,DA Davidson,2023-02-03,103.3900,134.0000,169.1500,True,True,26.2313
AMZN,Evercore ISI Group,2023-02-03,103.3900,160.0000,169.1500,True,True,5.7187
AMZN,Truist Securities,2023-02-03,103.3900,142.0000,169.1500,True,True,19.1197
AMZN,JMP Securities,2023-02-03,103.3900,140.0000,169.1500,True,True,20.8214
AMZN,UBS,2023-02-03,103.3900,127.0000,169.1500,True,True,33.1890
AMZN,Bernstein,2023-02-03,103.3900,125.0000,169.1500,True,True,35.3200
AMZN,Tigress Financial,2023-02-09,98.2400,192.0000,172.3400,True,False,10.2396
AMZN,Loop Capital,2023-02-14,99.7000,140.0000,169.8000,True,True,21.2857
AMZN,Bernstein,2023-03-10,90.7300,125.0000,175.3900,True,True,40.3120
AMZN,JMP Securities,2023-03-16,100.0400,140.0000,174.4800,True,True,24.6286
AMZN,JP Morgan,2023-03-16,100.0400,135.0000,174.4800,True,True,29.2444
AMZN,Needham,2023-03-20,97.7100,120.0000,178.1500,True,True,48.4583
AMZN,Bernstein,2023-03-29,100.2500,125.0000,180.9700,True,True,44.7760
AMZN,Evercore ISI Group,2023-04-03,102.4100,155.0000,180.0000,True,True,16.1290
AMZN,Jefferies,2023-04-04,103.9500,135.0000,185.0700,True,True,37.0889
AMZN,Piper Sandler,2023-04-04,103.9500,123.0000,185.0700,True,True,50.4634
AMZN,Needham,2023-04-05,101.1000,120.0000,185.1900,True,True,54.3250
AMZN,Oppenheimer,2023-04-06,102.0600,125.0000,185.6700,True,True,48.5360
AMZN,Bernstein,2023-04-11,99.9200,125.0000,189.0500,True,True,51.2400
AMZN,Needham,2023-04-12,97.8300,120.0000,186.1300,True,True,55.1083
AMZN,Truist Securities,2023-04-12,97.8300,144.0000,186.1300,True,True,29.2569
AMZN,JMP Securities,2023-04-19,104.3000,140.0000,174.6300,True,True,24.7357
AMZN,Telsey Advisory Group,2023-04-20,103.8100,125.0000,177.2300,True,True,41.7840
AMZN,Piper Sandler,2023-04-21,106.9600,123.0000,179.5400,True,True,45.9675
AMZN,Evercore ISI Group,2023-04-21,106.9600,155.0000,179.5400,True,True,15.8323
AMZN,UBS,2023-04-24,106.2100,125.0000,176.5900,True,True,41.2720
AMZN,Loop Capital,2023-04-24,106.2100,140.0000,176.5900,True,True,26.1357
AMZN,MoffettNathanson,2023-04-24,106.2100,116.0000,176.5900,True,True,52.2328
AMZN,Wedbush,2023-04-24,106.2100,125.0000,176.5900,True,True,41.2720
AMZN,"Monness, Crespi, Hardt",2023-04-24,106.2100,136.0000,176.5900,True,True,29.8456
AMZN,Credit Suisse,2023-04-25,102.5700,140.0000,173.6700,True,True,24.0500
AMZN,Piper Sandler,2023-04-25,102.5700,123.0000,173.6700,True,True,41.1951
AMZN,Telsey Advisory Group,2023-04-28,105.4500,125.0000,175.0000,True,True,40.0000
AMZN,JP Morgan,2023-04-28,105.4500,145.0000,175.0000,True,True,20.6897
AMZN,Wolfe Research,2023-04-28,105.4500,140.0000,175.0000,True,True,25.0000
AMZN,Needham,2023-04-28,105.4500,120.0000,175.0000,True,True,45.8333
AMZN,Baird,2023-04-28,105.4500,130.0000,175.0000,True,True,34.6154
AMZN,Rosenblatt,2023-04-28,105.4500,111.0000,175.0000,True,True,57.6577
AMZN,Barclays,2023-04-28,105.4500,140.0000,175.0000,True,True,25.0000
AMZN,B of A Securities,2023-04-28,105.4500,139.0000,175.0000,True,True,25.8993
AMZN,Loop Capital,2023-04-28,105.4500,140.0000,175.0000,True,True,25.0000
AMZN,JMP Securities,2023-04-28,105.4500,140.0000,175.0000,True,True,25.0000
AMZN,Goldman Sachs,2023-04-28,105.4500,165.0000,175.0000,True,True,6.0606
AMZN,Credit Suisse,2023-04-28,105.4500,142.0000,175.0000,True,True,23.2394
AMZN,UBS,2023-04-28,105.4500,130.0000,175.0000,True,True,34.6154
AMZN,Roth MKM,2023-04-28,105.4500,130.0000,175.0000,True,True,34.6154
AMZN,Wedbush,2023-04-28,105.4500,129.0000,175.0000,True,True,35.6589
AMZN,Mizuho,2023-04-28,105.4500,145.0000,175.0000,True,True,20.6897
AMZN,"Monness, Crespi, Hardt",2023-04-28,105.4500,136.0000,175.0000,True,True,28.6765
AMZN,New Street Research,2023-05-01,102.0500,123.0000,179.0000,True,True,45.5285
AMZN,Barclays,2023-05-01,102.0500,140.0000,179.0000,True,True,27.8571
AMZN,Needham,2023-05-05,105.6600,120.0000,188.7600,True,True,57.3000
AMZN,Jefferies,2023-05-18,118.1500,135.0000,183.5400,True,True,35.9556
AMZN,Mizuho,2023-05-24,116.7500,160.0000,180.7500,True,True,12.9688
AMZN,Bernstein,2023-05-31,120.5800,140.0000,176.4400,True,True,26.0286
AMZN,Piper Sandler,2023-06-07,121.2300,150.0000,184.3000,True,True,22.8667
AMZN,Wells Fargo,2023-06-08,124.2500,159.0000,187.0600,True,True,17.6478
AMZN,UBS,2023-06-08,124.2500,150.0000,187.0600,True,True,24.7067
AMZN,B of A Securities,2023-06-12,126.5700,154.0000,186.8900,True,True,21.3571
AMZN,JP Morgan,2023-06-20,125.7800,145.0000,186.1000,True,True,28.3448
AMZN,Morgan Stanley,2023-06-22,130.1500,150.0000,185.5700,True,True,23.7133
AMZN,JP Morgan,2023-06-22,130.1500,145.0000,185.5700,True,True,27.9793
AMZN,Roth MKM,2023-06-26,127.3300,155.0000,193.6100,True,True,24.9097
AMZN,Needham,2023-06-28,129.0400,150.0000,193.2500,True,True,28.8333
AMZN,DBS Bank,2023-07-03,130.2200,150.0000,197.5900,True,True,31.7267
AMZN,"Monness, Crespi, Hardt",2023-07-03,130.2200,136.0000,197.5900,True,True,45.2868
AMZN,Wolfe Research,2023-07-10,127.1300,150.0000,199.7900,True,True,33.1933
AMZN,JMP Securities,2023-07-11,128.7800,140.0000,195.0500,True,True,39.3214
AMZN,Evercore ISI Group,2023-07-11,128.7800,150.0000,195.0500,True,True,30.0333
AMZN,Telsey Advisory Group,2023-07-12,130.8000,145.0000,194.4900,True,True,34.1310
AMZN,Loop Capital,2023-07-12,130.8000,180.0000,194.4900,True,True,8.0500
AMZN,Tigress Financial,2023-07-13,134.3000,204.0000,192.7200,True,False,5.5294
AMZN,Jefferies,2023-07-13,134.3000,150.0000,192.7200,True,True,28.4800
AMZN,Baird,2023-07-14,134.6800,150.0000,193.0200,True,True,28.6800
AMZN,Goldman Sachs,2023-07-17,133.5600,165.0000,187.9300,True,True,13.8970
AMZN,JMP Securities,2023-07-18,132.8300,140.0000,183.7500,True,True,31.2500
AMZN,Credit Suisse,2023-07-31,133.6800,176.0000,186.9800,True,True,6.2386
AMZN,Wedbush,2023-07-31,133.6800,146.0000,186.9800,True,True,28.0685
AMZN,Evercore ISI Group,2023-07-31,133.6800,150.0000,186.9800,True,True,24.6533
AMZN,Telsey Advisory Group,2023-08-04,139.5700,160.0000,161.9300,True,True,1.2062
AMZN,JP Morgan,2023-08-04,139.5700,180.0000,161.9300,True,False,10.0389
AMZN,Rosenblatt,2023-08-04,139.5700,184.0000,161.9300,True,False,11.9946
AMZN,JMP Securities,2023-08-04,139.5700,175.0000,161.9300,True,False,7.4686
AMZN,Evercore ISI Group,2023-08-04,139.5700,190.0000,161.9300,True,False,14.7737
AMZN,Morgan Stanley,2023-08-04,139.5700,175.0000,161.9300,True,False,7.4686
AMZN,Needham,2023-08-04,139.5700,160.0000,161.9300,True,True,1.2062
AMZN,B of A Securities,2023-08-04,139.5700,174.0000,161.9300,True,False,6.9368
AMZN,Citigroup,2023-08-04,139.5700,167.0000,161.9300,True,False,3.0359
AMZN,Mizuho,2023-08-04,139.5700,180.0000,161.9300,True,False,10.0389
AMZN,Wolfe Research,2023-08-04,139.5700,180.0000,161.9300,True,False,10.0389
AMZN,Goldman Sachs,2023-08-04,139.5700,180.0000,161.9300,True,False,10.0389
AMZN,UBS,2023-08-04,139.5700,175.0000,161.9300,True,False,7.4686
AMZN,Deutsche Bank,2023-08-04,139.5700,175.0000,161.9300,True,False,7.4686
AMZN,Credit Suisse,2023-08-04,139.5700,189.0000,161.9300,True,False,14.3228
AMZN,Benchmark,2023-08-04,139.5700,170.0000,161.9300,True,False,4.7471
AMZN,Wedbush,2023-08-04,139.5700,170.0000,161.9300,True,False,4.7471
AMZN,Wells Fargo,2023-08-04,139.5700,165.0000,161.9300,True,False,1.8606
AMZN,Baird,2023-08-04,139.5700,155.0000,161.9300,True,True,4.4710
AMZN,TD Cowen,2023-08-04,139.5700,165.0000,161.9300,True,False,1.8606
AMZN,Truist Securities,2023-08-04,139.5700,176.0000,161.9300,True,False,7.9943
AMZN,Susquehanna,2023-08-04,139.5700,185.0000,161.9300,True,False,12.4703
AMZN,Canaccord Genuity,2023-08-04,139.5700,170.0000,161.9300,True,False,4.7471
AMZN,Exane BNP Paribas,2023-08-04,139.5700,140.0000,161.9300,True,True,15.6643
AMZN,Jefferies,2023-08-04,139.5700,175.0000,161.9300,True,False,7.4686
AMZN,"Monness, Crespi, Hardt",2023-08-04,139.5700,170.0000,161.9300,True,False,4.7471
AMZN,Barclays,2023-08-07,142.2200,180.0000,162.7700,True,False,9.5722
AMZN,DA Davidson,2023-08-07,142.2200,150.0000,162.7700,True,True,8.5133
AMZN,Redburn Partners,2023-08-11,138.4100,230.0000,170.2300,True,False,25.9870
AMZN,DA Davidson,2023-08-11,138.4100,150.0000,170.2300,True,True,13.4867
AMZN,Loop Capital,2023-08-23,135.5200,200.0000,177.0400,True,False,11.4800
AMZN,DA Davidson,2023-09-06,135.3600,150.0000,171.3900,True,True,14.2600
AMZN,Wedbush,2023-09-15,140.3900,180.0000,186.8800,True,True,3.8222
AMZN,Morgan Stanley,2023-09-20,135.2900,175.0000,191.6000,True,True,9.4857
AMZN,Wells Fargo,2023-09-21,129.3300,165.0000,193.8800,True,True,17.5030
AMZN,Telsey Advisory Group,2023-09-22,129.1200,160.0000,193.9600,True,True,21.2250
AMZN,Wedbush,2023-09-25,131.2700,180.0000,192.5300,True,True,6.9611
AMZN,Telsey Advisory Group,2023-09-25,131.2700,160.0000,192.5300,True,True,20.3312
AMZN,B of A Securities,2023-09-26,125.9800,174.0000,191.1600,True,True,9.8621
AMZN,Telsey Advisory Group,2023-09-27,125.9800,160.0000,187.9700,True,True,17.4813
AMZN,Wedbush,2023-09-27,125.9800,180.0000,187.9700,True,True,4.4278
AMZN,Mizuho,2023-09-27,125.9800,180.0000,187.9700,True,True,4.4278
AMZN,Argus Research,2023-09-27,125.9800,165.0000,187.9700,True,True,13.9212
AMZN,Needham,2023-09-28,125.9800,160.0000,186.3300,True,True,16.4563
AMZN,Wedbush,2023-09-28,125.9800,180.0000,186.3300,True,True,3.5167
AMZN,Morgan Stanley,2023-10-02,129.4600,175.0000,184.7600,True,True,5.5771
AMZN,Wells Fargo,2023-10-10,129.4800,165.0000,186.6500,True,True,13.1212
AMZN,Telsey Advisory Group,2023-10-11,131.8300,160.0000,188.8200,True,True,18.0125
AMZN,JMP Securities,2023-10-16,132.5500,175.0000,186.8900,True,True,6.7943
AMZN,Stifel,2023-10-17,131.4700,173.0000,187.5300,True,True,8.3988
AMZN,Deutsche Bank,2023-10-17,131.4700,175.0000,187.5300,True,True,7.1600
AMZN,Truist Securities,2023-10-17,131.4700,174.0000,187.5300,True,True,7.7759
AMZN,UBS,2023-10-17,131.4700,178.0000,187.5300,True,True,5.3539
AMZN,Wedbush,2023-10-18,128.1300,180.0000,188.9900,True,True,4.9944
AMZN,Oppenheimer,2023-10-19,128.4000,170.0000,189.0700,True,True,11.2177
AMZN,Seaport Global,2023-10-24,128.5600,145.0000,186.3800,True,True,28.5379
AMZN,Telsey Advisory Group,2023-10-27,127.7400,165.0000,190.8300,True,True,15.6545
AMZN,Needham,2023-10-27,127.7400,160.0000,190.8300,True,True,19.2688
AMZN,Rosenblatt,2023-10-27,127.7400,185.0000,190.8300,True,True,3.1514
AMZN,Barclays,2023-10-27,127.7400,190.0000,190.8300,True,True,0.4368
AMZN,DA Davidson,2023-10-27,127.7400,157.0000,190.8300,True,True,21.5478
AMZN,HSBC,2023-11-02,138.0700,160.0000,195.7800,True,True,22.3625
AMZN,Tigress Financial,2023-11-10,143.5600,210.0000,208.9100,True,False,0.5190
AMZN,JMP Securities,2023-11-29,146.3200,175.0000,207.8900,True,True,18.7943
AMZN,Truist Securities,2023-11-29,146.3200,176.0000,207.8900,True,True,18.1193
AMZN,Wedbush,2023-12-01,147.0300,180.0000,213.4400,True,True,18.5778
AMZN,Oppenheimer,2023-12-01,147.0300,200.0000,213.4400,True,True,6.7200
AMZN,Wedbush,2023-12-21,153.8400,210.0000,225.0600,True,True,7.1714
AMZN,BMO Capital,2024-01-09,151.3700,200.0000,218.9400,True,True,9.4700
AMZN,Stifel,2024-01-09,151.3700,175.0000,218.9400,True,True,25.1086
AMZN,Wedbush,2024-01-19,155.3400,210.0000,235.0100,True,True,11.9095
AMZN,Benchmark,2024-01-22,154.7800,175.0000,235.4200,True,True,34.5257
AMZN,Telsey Advisory Group,2024-01-24,156.8700,185.0000,235.4200,True,True,27.2541
AMZN,Telsey Advisory Group,2024-02-02,171.8100,200.0000,236.1700,True,True,18.0850
AMZN,Needham,2024-02-02,171.8100,205.0000,236.1700,True,True,15.2049
AMZN,JP Morgan,2024-02-02,171.8100,225.0000,236.1700,True,True,4.9644
AMZN,Barclays,2024-02-02,171.8100,220.0000,236.1700,True,True,7.3500
AMZN,Susquehanna,2024-02-02,171.8100,220.0000,236.1700,True,True,7.3500
AMZN,Wedbush,2024-02-02,171.8100,220.0000,236.1700,True,True,7.3500
AMZN,Raymond James,2024-02-02,171.8100,200.0000,236.1700,True,True,18.0850
AMZN,RBC Capital,2024-02-02,171.8100,215.0000,236.1700,True,True,9.8465
AMZN,JMP Securities,2024-02-02,171.8100,225.0000,236.1700,True,True,4.9644
AMZN,Roth MKM,2024-02-02,171.8100,205.0000,236.1700,True,True,15.2049
AMZN,Oppenheimer,2024-02-02,171.8100,210.0000,236.1700,True,True,12.4619
AMZN,UBS,2024-02-02,171.8100,198.0000,236.1700,True,True,19.2778
AMZN,Truist Securities,2024-02-02,171.8100,195.0000,236.1700,True,True,21.1128
AMZN,DA Davidson,2024-02-02,171.8100,200.0000,236.1700,True,True,18.0850
AMZN,Evercore ISI Group,2024-02-02,171.8100,220.0000,236.1700,True,True,7.3500
AMZN,Wells Fargo,2024-02-02,171.8100,211.0000,236.1700,True,True,11.9289
AMZN,Truist Securities,2024-03-22,178.8700,195.0000,201.1300,True,True,3.1436
AMZN,Telsey Advisory Group,2024-03-27,179.8300,200.0000,190.2600,True,False,4.8700
AMZN,Wells Fargo,2024-04-01,180.9700,217.0000,196.0100,True,False,9.6728
AMZN,DA Davidson,2024-04-10,185.9500,235.0000,184.8700,True,False,21.3319
AMZN,Wedbush,2024-04-10,185.9500,220.0000,184.8700,True,False,15.9682
AMZN,MoffettNathanson,2024-04-11,189.0500,228.0000,182.1200,True,False,20.1228
AMZN,Stifel,2024-04-16,183.3200,224.0000,172.6100,True,False,22.9420
AMZN,Roth MKM,2024-04-16,183.3200,205.0000,172.6100,True,False,15.8000
AMZN,Truist Securities,2024-04-17,181.2800,216.0000,167.3200,True,False,22.5370
AMZN,Maxim Group,2024-04-17,181.2800,218.0000,167.3200,True,False,23.2477
AMZN,Needham,2024-04-18,179.2200,205.0000,173.1800,True,False,15.5220
AMZN,DA Davidson,2024-04-18,179.2200,235.0000,173.1800,True,False,26.3064
AMZN,BMO Capital,2024-04-23,179.5400,215.0000,188.9900,True,False,12.0977
AMZN,Wedbush,2024-04-24,176.5900,225.0000,187.7000,True,False,16.5778
AMZN,Citigroup,2024-04-24,176.5900,235.0000,187.7000,True,False,20.1277
AMZN,Benchmark,2024-04-24,176.5900,200.0000,187.7000,True,False,6.1500
AMZN,JMP Securities,2024-04-24,176.5900,225.0000,187.7000,True,False,16.5778
AMZN,Telsey Advisory Group,2024-04-25,173.6700,200.0000,187.3900,True,False,6.3050
AMZN,UBS,2024-04-25,173.6700,215.0000,187.3900,True,False,12.8419
AMZN,Goldman Sachs,2024-05-01,179.0000,225.0000,186.3500,True,False,17.1778
AMZN,Mizuho,2024-05-01,179.0000,240.0000,186.3500,True,False,22.3542
AMZN,Raymond James,2024-05-01,179.0000,205.0000,186.3500,True,False,9.0976
AMZN,Needham,2024-05-01,179.0000,205.0000,186.3500,True,False,9.0976
AMZN,Evercore ISI Group,2024-05-01,179.0000,225.0000,186.3500,True,False,17.1778
AMZN,Piper Sandler,2024-05-01,179.0000,220.0000,186.3500,True,False,15.2955
AMZN,Baird,2024-05-01,179.0000,210.0000,186.3500,True,False,11.2619
AMZN,Telsey Advisory Group,2024-05-01,179.0000,215.0000,186.3500,True,False,13.3256
AMZN,Morgan Stanley,2024-05-01,179.0000,220.0000,186.3500,True,False,15.2955
AMZN,Oppenheimer,2024-05-01,179.0000,220.0000,186.3500,True,False,15.2955
AMZN,Rosenblatt,2024-05-01,179.0000,220.0000,186.3500,True,False,15.2955
AMZN,Truist Securities,2024-05-01,179.0000,220.0000,186.3500,True,False,15.2955
AMZN,Stifel,2024-05-01,179.0000,228.0000,186.3500,True,False,18.2675
AMZN,Barclays,2024-05-01,179.0000,230.0000,186.3500,True,False,18.9783
AMZN,Citigroup,2024-05-01,179.0000,245.0000,186.3500,True,False,23.9388
AMZN,UBS,2024-05-01,179.0000,217.0000,186.3500,True,False,14.1244
AMZN,Wedbush,2024-05-01,179.0000,225.0000,186.3500,True,False,17.1778
AMZN,JP Morgan,2024-05-01,179.0000,240.0000,186.3500,True,False,22.3542
AMZN,Benchmark,2024-05-01,179.0000,200.0000,186.3500,True,False,6.8250
AMZN,JMP Securities,2024-05-01,179.0000,225.0000,186.3500,True,False,17.1778
AMZN,Roth MKM,2024-05-01,179.0000,210.0000,186.3500,True,False,11.2619
AMZN,BMO Capital,2024-05-01,179.0000,220.0000,186.3500,True,False,15.2955
AMZN,Wells Fargo,2024-05-01,179.0000,234.0000,186.3500,True,False,20.3632
AMZN,Argus Research,2024-05-02,184.7200,205.0000,185.0100,True,False,9.7512
AMZN,Loop Capital,2024-05-06,188.7000,225.0000,192.0800,True,False,14.6311
AMZN,Needham,2024-05-15,185.9900,205.0000,206.1600,True,True,0.5659
AMZN,Tigress Financial,2024-05-30,179.3200,245.0000,205.7100,True,False,16.0367
AMZN,Baird,2024-06-21,189.0800,213.0000,211.9900,True,False,0.4742
AMZN,B of A Securities,2024-06-26,193.6100,220.0000,219.3900,True,False,0.2773
AMZN,Wells Fargo,2024-06-28,193.2500,239.0000,219.9200,True,False,7.9833
AMZN,Needham,2024-07-01,197.2000,205.0000,223.4100,True,True,8.9805
AMZN,Needham,2024-07-09,199.3400,205.0000,225.0200,True,True,9.7659
AMZN,Roth MKM,2024-07-09,199.3400,210.0000,225.0200,True,True,7.1524
AMZN,TD Cowen,2024-07-10,199.7900,245.0000,225.6900,True,False,7.8816
AMZN,Wolfe Research,2024-07-16,193.0200,250.0000,226.1300,True,False,9.5480
AMZN,Benchmark,2024-07-16,193.0200,200.0000,226.1300,True,True,13.0650
AMZN,Barclays,2024-07-16,193.0200,220.0000,226.1300,True,True,2.7864
AMZN,Needham,2024-07-17,187.9300,210.0000,229.3000,True,True,9.1905
AMZN,Truist Securities,2024-07-22,182.5500,230.0000,232.2300,True,True,0.9696
AMZN,Bernstein,2024-07-22,182.5500,215.0000,232.2300,True,True,8.0140
AMZN,JMP Securities,2024-07-23,186.4100,225.0000,231.4400,True,True,2.8622
AMZN,Morgan Stanley,2024-07-23,186.4100,240.0000,231.4400,True,False,3.5667
AMZN,BMO Capital,2024-07-25,179.8500,230.0000,231.0100,True,True,0.4391
AMZN,Wedbush,2024-07-26,182.5000,225.0000,230.1900,True,True,2.3067
AMZN,UBS,2024-07-30,181.7100,224.0000,214.7500,True,False,4.1295
AMZN,JMP Securities,2024-07-31,186.9800,225.0000,211.6500,True,False,5.9333
AMZN,Goldman Sachs,2024-08-02,167.9000,230.0000,222.3100,True,False,3.3435
AMZN,JP Morgan,2024-08-02,167.9000,230.0000,222.3100,True,False,3.3435
AMZN,Piper Sandler,2024-08-02,167.9000,215.0000,222.3100,True,True,3.4000
AMZN,Stifel,2024-08-02,167.9000,224.0000,222.3100,True,False,0.7545
AMZN,Jefferies,2024-08-02,167.9000,225.0000,222.3100,True,False,1.1956
AMZN,Wedbush,2024-08-02,167.9000,225.0000,222.3100,True,False,1.1956
AMZN,Barclays,2024-08-02,167.9000,235.0000,222.3100,True,False,5.4000
AMZN,Benchmark,2024-08-02,167.9000,200.0000,222.3100,True,True,11.1550
AMZN,Roth MKM,2024-08-02,167.9000,215.0000,222.3100,True,True,3.4000
AMZN,B of A Securities,2024-08-02,167.9000,210.0000,222.3100,True,True,5.8619
AMZN,Maxim Group,2024-08-02,167.9000,251.0000,222.3100,True,False,11.4303
AMZN,JMP Securities,2024-08-02,167.9000,245.0000,222.3100,True,False,9.2612
AMZN,RBC Capital,2024-08-02,167.9000,215.0000,222.3100,True,True,3.4000
AMZN,Rosenblatt,2024-08-02,167.9000,221.0000,222.3100,True,True,0.5928
AMZN,Morgan Stanley,2024-08-06,161.9300,210.0000,222.6900,True,True,6.0429
AMZN,Wells Fargo,2024-08-26,175.5000,225.0000,231.6000,True,True,2.9333
AMZN,JMP Securities,2024-09-03,176.2500,265.0000,232.3300,True,False,12.3283
AMZN,Cantor Fitzgerald,2024-09-05,177.8900,230.0000,238.2400,True,True,3.5826
AMZN,Cantor Fitzgerald,2024-09-05,177.8900,230.0000,238.2400,True,True,3.5826
AMZN,Needham,2024-09-12,187.0000,210.0000,234.0500,True,True,11.4524
AMZN,BMO Capital,2024-09-19,189.8700,230.0000,220.7100,True,False,4.0391
AMZN,Evercore ISI Group,2024-09-20,191.6000,240.0000,220.2100,True,False,8.2458
AMZN,Cantor Fitzgerald,2024-09-23,193.8800,230.0000,218.1500,True,False,5.1522
AMZN,Truist Securities,2024-09-30,186.3300,265.0000,222.4100,True,False,16.0717
AMZN,Cantor Fitzgerald,2024-09-30,186.3300,230.0000,222.4100,True,False,3.3000
AMZN,Morgan Stanley,2024-10-03,181.9600,210.0000,221.7800,True,True,5.6095
AMZN,JMP Securities,2024-10-04,186.5100,265.0000,225.2200,True,False,15.0113
AMZN,Wells Fargo,2024-10-07,180.8000,183.0000,227.7400,True,True,24.4481
AMZN,Cantor Fitzgerald,2024-10-09,185.1700,210.0000,220.0700,True,True,4.7952
AMZN,Telsey Advisory Group,2024-10-10,186.6500,215.0000,216.3900,True,True,0.6465
AMZN,DA Davidson,2024-10-10,186.6500,235.0000,216.3900,True,False,7.9191
AMZN,Pivotal Research,2024-10-11,188.8200,260.0000,215.5700,True,False,17.0885
AMZN,Scotiabank,2024-10-11,188.8200,245.0000,215.5700,True,False,12.0122
AMZN,Evercore ISI Group,2024-10-11,188.8200,240.0000,215.5700,True,False,10.1792
AMZN,JMP Securities,2024-10-15,187.6900,265.0000,213.0400,True,False,19.6075
AMZN,Needham,2024-10-24,186.3800,210.0000,229.2500,True,True,9.1667
AMZN,UBS,2024-10-28,188.3900,223.0000,222.8600,True,False,0.0628
AMZN,Goldman Sachs,2024-11-01,197.9300,240.0000,250.2000,True,True,4.2500
AMZN,B of A Securities,2024-11-01,197.9300,230.0000,250.2000,True,True,8.7826
AMZN,Evercore ISI Group,2024-11-01,197.9300,260.0000,250.2000,True,False,3.7692
AMZN,Needham,2024-11-01,197.9300,210.0000,250.2000,True,True,19.1429
AMZN,Rosenblatt,2024-11-01,197.9300,236.0000,250.2000,True,True,6.0169
AMZN,Telsey Advisory Group,2024-11-01,197.9300,235.0000,250.2000,True,True,6.4681
AMZN,Piper Sandler,2024-11-01,197.9300,225.0000,250.2000,True,True,11.2000
AMZN,TD Cowen,2024-11-01,197.9300,240.0000,250.2000,True,True,4.2500
AMZN,JMP Securities,2024-11-01,197.9300,285.0000,250.2000,True,False,12.2105
AMZN,Stifel,2024-11-01,197.9300,245.0000,250.2000,True,True,2.1224
AMZN,Baird,2024-11-01,197.9300,220.0000,250.2000,True,True,13.7273
AMZN,Jefferies,2024-11-01,197.9300,235.0000,250.2000,True,True,6.4681
AMZN,JP Morgan,2024-11-01,197.9300,250.0000,250.2000,True,True,0.0800
AMZN,Oppenheimer,2024-11-01,197.9300,230.0000,250.2000,True,True,8.7826
AMZN,Benchmark,2024-11-01,197.9300,215.0000,250.2000,True,True,16.3721
AMZN,Truist Securities,2024-11-01,197.9300,270.0000,250.2000,True,False,7.3333
AMZN,Scotiabank,2024-11-01,197.9300,246.0000,250.2000,True,True,1.7073
AMZN,Susquehanna,2024-11-01,197.9300,230.0000,250.2000,True,True,8.7826
AMZN,BMO Capital,2024-11-01,197.9300,236.0000,250.2000,True,True,6.0169
AMZN,RBC Capital,2024-11-01,197.9300,225.0000,250.2000,True,True,11.2000
AMZN,Deutsche Bank,2024-11-01,197.9300,232.0000,250.2000,True,True,7.8448
AMZN,Maxim Group,2024-11-01,197.9300,260.0000,250.2000,True,False,3.7692
AMZN,UBS,2024-11-01,197.9300,230.0000,250.2000,True,True,8.7826
AMZN,Bernstein,2024-11-01,197.9300,235.0000,250.2000,True,True,6.4681
AMZN,Wedbush,2024-11-01,197.9300,250.0000,250.2000,True,True,0.0800
AMZN,Morgan Stanley,2024-11-04,195.7800,230.0000,243.0400,True,True,5.6696
AMZN,Needham,2024-11-06,207.0900,210.0000,248.4000,True,True,18.2857
AMZN,Loop Capital,2024-11-06,207.0900,275.0000,248.4000,True,False,9.6727
AMZN,Needham,2024-11-14,211.4800,250.0000,222.5500,True,False,10.9800
AMZN,Wells Fargo,2024-11-20,202.8800,197.0000,226.2800,False,False,14.8629
AMZN,Redburn Atlantic,2024-11-26,207.8600,235.0000,233.8800,True,False,0.4766
AMZN,MoffettNathanson,2024-11-26,207.8600,248.0000,233.8800,True,False,5.6935
AMZN,BMO Capital,2024-12-03,213.4400,236.0000,229.5300,True,False,2.7415
AMZN,Needham,2024-12-04,218.1600,250.0000,226.8900,True,False,9.2440
AMZN,Roth MKM,2024-12-09,226.0900,250.0000,230.2800,True,False,7.8880
AMZN,Needham,2024-12-10,225.0400,250.0000,226.1900,True,False,9.5240
AMZN,Mizuho,2024-12-10,225.0400,260.0000,226.1900,True,False,13.0038
AMZN,TD Cowen,2024-12-12,228.9700,265.0000,222.5600,True,False,16.0151
AMZN,Baird,2024-12-13,227.4600,260.0000,221.2700,True,False,14.8962
AMZN,UBS,2024-12-16,232.9300,264.0000,226.7600,True,False,14.1061
AMZN,Jefferies,2024-12-16,232.9300,275.0000,226.7600,True,False,17.5418
AMZN,JMP Securities,2024-12-16,232.9300,285.0000,226.7600,True,False,20.4351
AMZN,JP Morgan,2024-12-18,220.5200,280.0000,228.4300,True,False,18.4179
AMZN,Bernstein,2024-12-18,220.5200,265.0000,228.4300,True,False,13.8000
AMZN,Tigress Financial,2024-12-20,224.9200,290.0000,232.3800,True,False,19.8690
AMZN,Wolfe Research,2025-01-03,224.1900,270.0000,241.5600,True,False,10.5333
AMZN,Wedbush,2025-01-06,227.6100,260.0000,246.2900,True,False,5.2731
AMZN,Cantor Fitzgerald,2025-01-07,222.1100,270.0000,247.3800,True,False,8.3778
AMZN,JMP Securities,2025-01-10,218.9400,285.0000,242.6000,True,False,14.8772
AMZN,Morgan Stanley,2025-01-13,218.4600,280.0000,236.6500,True,False,15.4821
AMZN,HSBC,2025-01-13,218.4600,270.0000,236.6500,True,False,12.3519
AMZN,Wells Fargo,2025-01-14,217.7600,212.0000,238.1800,False,False,12.3491
AMZN,BMO Capital,2025-01-17,225.9400,265.0000,231.3100,True,False,12.7132
AMZN,Needham,2025-01-21,230.7100,250.0000,234.3400,True,False,6.2640
AMZN,Raymond James,2025-01-21,230.7100,260.0000,234.3400,True,False,9.8692
AMZN,Cantor Fitzgerald,2025-01-22,235.0100,270.0000,239.1600,True,False,11.4222
AMZN,Scotiabank,2025-01-24,234.8500,306.0000,244.6800,True,False,20.0392
AMZN,Wedbush,2025-01-27,235.4200,280.0000,243.0100,True,False,13.2107
AMZN,UBS,2025-01-30,234.6400,275.0000,242.9600,True,False,11.6509
AMZN,JMP Securities,2025-01-30,234.6400,285.0000,242.9600,True,False,14.7509
AMZN,Telsey Advisory Group,2025-01-31,237.6800,275.0000,238.6200,True,False,13.2291
AMZN,Benchmark,2025-02-04,242.0600,265.0000,222.6900,True,False,15.9660
AMZN,B of A Securities,2025-02-07,229.1500,257.0000,206.9600,True,False,19.4708
AMZN,UBS,2025-02-07,229.1500,272.0000,206.9600,True,False,23.9118
AMZN,BMO Capital,2025-02-07,229.1500,280.0000,206.9600,True,False,26.0857
AMZN,Deutsche Bank,2025-02-07,229.1500,287.0000,206.9600,True,False,27.8885
AMZN,Goldman Sachs,2025-02-07,229.1500,255.0000,206.9600,True,False,18.8392
AMZN,JP Morgan,2025-02-07,229.1500,270.0000,206.9600,True,False,23.3481
AMZN,Telsey Advisory Group,2025-02-07,229.1500,275.0000,206.9600,True,False,24.7418
AMZN,Needham,2025-02-07,229.1500,250.0000,206.9600,True,False,17.2160
AMZN,Raymond James,2025-02-07,229.1500,275.0000,206.9600,True,False,24.7418
AMZN,Rosenblatt,2025-02-07,229.1500,287.0000,206.9600,True,False,27.8885
AMZN,Truist Securities,2025-02-07,229.1500,265.0000,206.9600,True,False,21.9019
AMZN,Piper Sandler,2025-02-07,229.1500,265.0000,206.9600,True,False,21.9019
AMZN,Wells Fargo,2025-02-07,229.1500,207.0000,206.9600,False,True,0.0193
AMZN,Stifel,2025-02-07,229.1500,275.0000,206.9600,True,False,24.7418
AMZN,JMP Securities,2025-02-07,229.1500,285.0000,206.9600,True,False,27.3825
AMZN,Benchmark,2025-02-07,229.1500,270.0000,206.9600,True,False,23.3481
AMZN,Oppenheimer,2025-02-07,229.1500,260.0000,206.9600,True,False,20.4000
AMZN,Cantor Fitzgerald,2025-02-07,229.1500,270.0000,206.9600,True,False,23.3481
AMZN,Canaccord Genuity,2025-02-07,229.1500,280.0000,206.9600,True,False,26.0857
AMZN,Wedbush,2025-02-07,229.1500,280.0000,206.9600,True,False,26.0857
AMZN,RBC Capital,2025-02-07,229.1500,265.0000,206.9600,True,False,21.9019
AMZN,DA Davidson,2025-02-07,229.1500,280.0000,206.9600,True,False,26.0857
AMZN,Barclays,2025-02-07,229.1500,265.0000,206.9600,True,False,21.9019
AMZN,Maxim Group,2025-02-07,229.1500,280.0000,206.9600,True,False,26.0857
AMZN,Citigroup,2025-02-07,229.1500,273.0000,206.9600,True,False,24.1905
AMZN,Bernstein,2025-02-10,233.1400,275.0000,204.0800,True,False,25.7891
AMZN,Loop Capital,2025-02-12,228.9300,285.0000,198.7900,True,False,30.2491
AMZN,Wells Fargo,2025-02-25,212.8000,203.0000,207.9200,False,False,2.4236
AMZN,Citizens Capital Markets,2025-03-20,194.9500,285.0000,210.1400,True,False,26.2667
AMZN,Jefferies,2025-03-31,190.2600,250.0000,210.5700,True,False,15.7720
AMZN,WestPark Capital,2025-04-01,192.1700,280.0000,209.7700,True,False,25.0821
AMZN,JP Morgan,2025-04-08,170.6600,220.0000,238.3800,True,True,8.3545
AMZN,B of A Securities,2025-04-09,191.1000,225.0000,239.8900,True,True,6.6178
AMZN,Mizuho,2025-04-09,191.1000,255.0000,239.8900,True,False,5.9255
AMZN,Piper Sandler,2025-04-10,181.2200,215.0000,249.0200,True,True,15.8233
AMZN,Truist Securities,2025-04-10,181.2200,230.0000,249.0200,True,True,8.2696
AMZN,JMP Securities,2025-04-14,182.1200,240.0000,249.7000,True,True,4.0417
AMZN,Morgan Stanley,2025-04-14,182.1200,245.0000,249.7000,True,True,1.9184
AMZN,Deutsche Bank,2025-04-14,182.1200,206.0000,249.7000,True,True,21.2136
AMZN,DA Davidson,2025-04-14,182.1200,230.0000,249.7000,True,True,8.5652
AMZN,Citigroup,2025-04-14,182.1200,225.0000,249.7000,True,True,10.9778
AMZN,Wedbush,2025-04-15,179.5900,225.0000,250.5600,True,True,11.3600
AMZN,BMO Capital,2025-04-16,174.3300,235.0000,248.2800,True,True,5.6511
AMZN,Cantor Fitzgerald,2025-04-16,174.3300,230.0000,248.2800,True,True,7.9478
AMZN,Raymond James,2025-04-21,167.3200,195.0000,255.3600,True,True,30.9538
AMZN,Scotiabank,2025-04-21,167.3200,250.0000,255.3600,True,True,2.1440
AMZN,Goldman Sachs,2025-04-22,173.1800,220.0000,255.0800,True,True,15.9455
AMZN,Telsey Advisory Group,2025-04-23,180.6000,235.0000,263.9900,True,True,12.3362
AMZN,Stifel,2025-04-23,180.6000,248.0000,263.9900,True,True,6.4476
AMZN,Oppenheimer,2025-04-28,187.7000,220.0000,263.0400,True,True,19.5636
AMZN,UBS,2025-04-29,187.3900,253.0000,265.0600,True,True,4.7668
AMZN,Bernstein,2025-04-29,187.3900,235.0000,265.0600,True,True,12.7915
AMZN,Benchmark,2025-05-01,190.2000,260.0000,272.0500,True,True,4.6346
AMZN,JMP Securities,2025-05-01,190.2000,240.0000,272.0500,True,True,13.3542
AMZN,B of A Securities,2025-05-02,189.9800,230.0000,273.5500,True,True,18.9348
AMZN,Oppenheimer,2025-05-02,189.9800,215.0000,273.5500,True,True,27.2326
AMZN,BMO Capital,2025-05-02,189.9800,233.0000,273.5500,True,True,17.4034
AMZN,Telsey Advisory Group,2025-05-02,189.9800,235.0000,273.5500,True,True,16.4043
AMZN,Needham,2025-05-02,189.9800,220.0000,273.5500,True,True,24.3409
AMZN,JP Morgan,2025-05-02,189.9800,225.0000,273.5500,True,True,21.5778
AMZN,Rosenblatt,2025-05-02,189.9800,288.0000,273.5500,True,False,5.0174
AMZN,WestPark Capital,2025-05-02,189.9800,280.0000,273.5500,True,False,2.3036
AMZN,Susquehanna,2025-05-02,189.9800,225.0000,273.5500,True,True,21.5778
AMZN,Stifel,2025-05-02,189.9800,245.0000,273.5500,True,True,11.6531
AMZN,Truist Securities,2025-05-02,189.9800,226.0000,273.5500,True,True,21.0398
AMZN,Evercore ISI Group,2025-05-02,189.9800,260.0000,273.5500,True,True,5.2115
AMZN,Cantor Fitzgerald,2025-05-02,189.9800,240.0000,273.5500,True,True,13.9792
AMZN,Barclays,2025-05-02,189.9800,240.0000,273.5500,True,True,13.9792
AMZN,JMP Securities,2025-05-02,189.9800,250.0000,273.5500,True,True,9.4200
AMZN,Benchmark,2025-05-02,189.9800,260.0000,273.5500,True,True,5.2115
AMZN,Piper Sandler,2025-05-02,189.9800,212.0000,273.5500,True,True,29.0330
AMZN,Wedbush,2025-05-02,189.9800,235.0000,273.5500,True,True,16.4043
AMZN,RBC Capital,2025-05-02,189.9800,230.0000,273.5500,True,True,18.9348
AMZN,Bernstein,2025-05-02,189.9800,230.0000,273.5500,True,True,18.9348
AMZN,UBS,2025-05-02,189.9800,249.0000,273.5500,True,True,9.8594
AMZN,Baird,2025-05-05,186.3500,220.0000,274.9900,True,True,24.9955
AMZN,Tigress Financial,2025-05-06,185.0100,305.0000,271.1700,True,False,11.0918
AMZN,B of A Securities,2025-06-02,206.6500,248.0000,250.0200,True,True,0.8145
AMZN,JP Morgan,2025-06-04,207.2300,240.0000,246.0300,True,True,2.5125
AMZN,Oppenheimer,2025-06-20,209.6900,250.0000,234.1100,True,False,6.3560
AMZN,Truist Securities,2025-07-02,219.9200,250.0000,244.1600,True,False,2.3360
AMZN,Wells Fargo,2025-07-08,219.3600,238.0000,247.0400,True,True,3.7983
AMZN,Roth Capital,2025-07-08,219.3600,250.0000,247.0400,True,False,1.1840
AMZN,Telsey Advisory Group,2025-07-10,222.2600,235.0000,247.3100,True,True,5.2383
AMZN,JMP Securities,2025-07-10,222.2600,285.0000,247.3100,True,False,13.2246
AMZN,Morgan Stanley,2025-07-10,222.2600,300.0000,247.3100,True,False,17.5633
AMZN,JP Morgan,2025-07-11,225.0200,255.0000,247.4900,True,False,2.9451
AMZN,Piper Sandler,2025-07-11,225.0200,250.0000,247.4900,True,False,1.0040
AMZN,Cantor Fitzgerald,2025-07-16,223.1900,260.0000,247.2300,True,False,4.9115
AMZN,Baird,2025-07-21,229.3000,244.0000,244.8500,True,True,0.3484
AMZN,Needham,2025-07-22,227.4700,265.0000,233.6600,True,False,11.8264
AMZN,BMO Capital,2025-07-22,227.4700,270.0000,233.6600,True,False,13.4593
AMZN,Citigroup,2025-07-22,227.4700,265.0000,233.6600,True,False,11.8264
AMZN,Scotiabank,2025-07-22,227.4700,275.0000,233.6600,True,False,15.0327
AMZN,B of A Securities,2025-07-23,228.2900,265.0000,232.1100,True,False,12.4113
AMZN,UBS,2025-07-28,232.7900,271.0000,226.6500,True,False,16.3653
AMZN,Stifel,2025-07-29,231.0100,262.0000,235.5000,True,False,10.1145
AMZN,Wells Fargo,2025-07-29,231.0100,245.0000,235.5000,True,False,3.8776
AMZN,Wedbush,2025-07-30,230.1900,250.0000,271.5800,True,True,8.6320
AMZN,Needham,2025-08-01,214.7500,265.0000,277.4200,True,True,4.6868
AMZN,Benchmark,2025-08-01,214.7500,260.0000,277.4200,True,True,6.7000
AMZN,Goldman Sachs,2025-08-01,214.7500,240.0000,277.4200,True,True,15.5917
AMZN,B of A Securities,2025-08-01,214.7500,272.0000,277.4200,True,True,1.9927
AMZN,Telsey Advisory Group,2025-08-01,214.7500,265.0000,277.4200,True,True,4.6868
AMZN,WestPark Capital,2025-08-01,214.7500,280.0000,277.4200,True,False,0.9214
AMZN,Piper Sandler,2025-08-01,214.7500,255.0000,277.4200,True,True,8.7922
AMZN,Rosenblatt,2025-08-01,214.7500,297.0000,277.4200,True,False,6.5926
AMZN,Canaccord Genuity,2025-08-01,214.7500,280.0000,277.4200,True,False,0.9214
AMZN,Barclays,2025-08-01,214.7500,275.0000,277.4200,True,True,0.8800
AMZN,Susquehanna,2025-08-01,214.7500,260.0000,277.4200,True,True,6.7000
AMZN,JMP Securities,2025-08-01,214.7500,285.0000,277.4200,True,False,2.6596
AMZN,Wedbush,2025-08-01,214.7500,250.0000,277.4200,True,True,10.9680
AMZN,Cantor Fitzgerald,2025-08-01,214.7500,280.0000,277.4200,True,False,0.9214
AMZN,Stifel,2025-08-01,214.7500,260.0000,277.4200,True,True,6.7000
AMZN,RBC Capital,2025-08-01,214.7500,240.0000,277.4200,True,True,15.5917
AMZN,JP Morgan,2025-08-01,214.7500,265.0000,277.4200,True,True,4.6868
AMZN,BMO Capital,2025-08-01,214.7500,280.0000,277.4200,True,False,0.9214
AMZN,Oppenheimer,2025-08-01,214.7500,245.0000,277.4200,True,True,13.2327
AMZN,Citigroup,2025-08-01,214.7500,270.0000,277.4200,True,True,2.7482
AMZN,DA Davidson,2025-08-01,214.7500,265.0000,277.4200,True,True,4.6868
AMZN,HSBC,2025-08-04,211.6500,256.0000,272.6500,True,True,6.5039
AMZN,Evercore ISI Group,2025-08-13,224.5600,280.0000,262.6500,True,False,6.1964
AMZN,Telsey Advisory Group,2025-08-13,224.5600,265.0000,262.6500,True,False,0.8868
AMZN,Morgan Stanley,2025-08-14,230.9800,300.0000,261.3100,True,False,12.8967
AMZN,Truist Securities,2025-09-16,234.0500,270.0000,251.1900,True,False,6.9667
AMZN,Wedbush,2025-09-19,231.4800,250.0000,254.9800,True,True,1.9920
AMZN,Wells Fargo,2025-09-24,220.2100,280.0000,249.6700,True,False,10.8321
AMZN,Telsey Advisory Group,2025-09-24,220.2100,265.0000,249.6700,True,False,5.7849
GOOGL,Stifel,2017-10-27,51.6835,57.5000,51.7365,True,False,10.0235
GOOGL,Citigroup,2017-10-27,51.6835,60.0000,51.7365,True,False,13.7725
GOOGL,BMO Capital,2017-10-27,51.6835,50.0000,51.7365,False,False,3.4730
GOOGL,Canaccord Genuity,2017-10-27,51.6835,52.5000,51.7365,True,False,1.4543
GOOGL,Citigroup,2017-10-30,51.6565,60.0000,52.4755,True,False,12.5408
GOOGL,Evercore ISI Group,2017-12-06,51.6360,61.5000,52.3290,True,False,14.9122
GOOGL,Morgan Stanley,2018-01-26,59.3780,60.7500,53.5030,True,False,11.9292
GOOGL,Stifel,2018-02-02,55.9600,57.5000,57.5935,True,True,0.1626
GOOGL,Morgan Stanley,2018-02-02,55.9600,60.0000,57.5935,True,False,4.0108
GOOGL,BMO Capital,2018-02-02,55.9600,55.0000,57.5935,False,False,4.7155
GOOGL,B of A Securities,2018-02-02,55.9600,68.0000,57.5935,True,False,15.3037
GOOGL,Barclays,2018-02-02,55.9600,66.5000,57.5935,True,False,13.3932
GOOGL,Morgan Stanley,2018-04-10,51.8250,58.7500,60.3225,True,True,2.6766
GOOGL,Credit Suisse,2018-04-20,53.8660,67.5000,63.5295,True,False,5.8822
GOOGL,Credit Suisse,2018-04-23,53.6905,67.5000,63.0025,True,False,6.6630
GOOGL,Keybanc,2018-04-24,51.1320,61.5000,63.3670,True,True,3.0358
GOOGL,Stifel,2018-04-24,51.1320,61.7000,63.3670,True,True,2.7018
GOOGL,Morgan Stanley,2018-04-24,51.1320,60.0000,63.3670,True,True,5.6117
GOOGL,Barclays,2018-04-24,51.1320,62.5000,63.3670,True,True,1.3872
GOOGL,Morgan Stanley,2018-06-28,56.3390,62.5000,55.0000,True,False,12.0000
GOOGL,Nomura,2018-07-11,58.5730,70.0000,57.2670,True,False,18.1900
GOOGL,Barclays,2018-07-13,60.2210,67.5000,57.6730,True,False,14.5585
GOOGL,Credit Suisse,2018-07-16,59.8255,66.5000,57.3370,True,False,13.7789
GOOGL,Stifel,2018-07-24,62.9075,72.8000,56.7970,True,False,21.9821
GOOGL,JMP Securities,2018-07-24,62.9075,69.5000,56.7970,True,False,18.2777
GOOGL,Canaccord Genuity,2018-07-24,62.9075,58.5000,56.7970,False,True,2.9111
GOOGL,Barclays,2018-07-24,62.9075,70.7500,56.7970,True,False,19.7216
GOOGL,Morgan Stanley,2018-07-24,62.9075,66.2500,56.7970,True,False,14.2687
GOOGL,B. Riley Securities,2018-07-24,62.9075,73.7500,56.7970,True,False,22.9871
GOOGL,BMO Capital,2018-07-24,62.9075,57.5000,56.7970,False,True,1.2226
GOOGL,Credit Suisse,2018-07-24,62.9075,68.7500,56.7970,True,False,17.3862
GOOGL,B of A Securities,2018-07-24,62.9075,69.5000,56.7970,True,False,18.2777
GOOGL,Morgan Stanley,2018-08-29,63.2325,75.7500,59.5265,True,False,21.4172
GOOGL,Wedbush,2018-10-18,54.8955,67.5000,62.2140,True,False,7.8311
GOOGL,Canaccord Genuity,2018-10-26,54.1875,57.0000,63.0330,True,True,10.5842
GOOGL,Barclays,2018-10-26,54.1875,70.0000,63.0330,True,False,9.9529
GOOGL,B of A Securities,2018-10-26,54.1875,67.5000,63.0330,True,False,6.6178
GOOGL,JMP Securities,2018-11-02,53.5745,68.7500,64.5720,True,False,6.0771
GOOGL,Morgan Stanley,2018-11-14,52.7290,75.0000,66.6770,True,False,11.0973
GOOGL,Guggenheim,2018-12-06,53.9040,66.5000,66.9695,True,True,0.7060
GOOGL,Pivotal Research,2019-01-07,53.7960,62.0000,69.7555,True,True,12.5089
GOOGL,Barclays,2019-02-05,57.5935,67.5000,72.3025,True,True,7.1148
GOOGL,Nomura,2019-02-05,57.5935,65.5000,72.3025,True,True,10.3855
GOOGL,BMO Capital,2019-02-05,57.5935,55.0000,72.3025,False,False,31.4591
GOOGL,Citigroup,2019-02-05,57.5935,66.2500,72.3025,True,True,9.1358
GOOGL,Needham,2019-03-05,58.4595,67.5000,69.0800,True,True,2.3407
GOOGL,BMO Capital,2019-04-25,63.3670,60.0000,63.8300,False,False,6.3833
GOOGL,Stifel,2019-04-30,59.9480,64.3500,67.1090,True,True,4.2875
GOOGL,Morgan Stanley,2019-04-30,59.9480,71.2500,67.1090,True,False,5.8119
GOOGL,Nomura,2019-04-30,59.9480,65.0000,67.1090,True,True,3.2446
GOOGL,Pivotal Research,2019-05-29,55.9970,62.5000,70.9120,True,True,13.4592
GOOGL,China Renaissance,2019-05-29,55.9970,63.5000,70.9120,True,True,11.6724
GOOGL,Loop Capital,2019-06-04,52.7245,62.5000,71.9625,True,True,15.1400
GOOGL,Morgan Stanley,2019-07-15,57.5255,70.0000,76.0430,True,True,8.6329
GOOGL,Keybanc,2019-07-26,62.2610,75.8000,76.4715,True,True,0.8859
GOOGL,Nomura,2019-07-26,62.2610,70.0000,76.4715,True,True,9.2450
GOOGL,Citigroup,2019-07-26,62.2610,72.5000,76.4715,True,True,5.4779
GOOGL,Canaccord Genuity,2019-07-26,62.2610,67.5000,76.4715,True,True,13.2911
GOOGL,Morgan Stanley,2019-07-26,62.2610,72.5000,76.4715,True,True,5.4779
GOOGL,Mizuho,2019-07-26,62.2610,70.0000,76.4715,True,True,9.2450
GOOGL,Credit Suisse,2019-07-26,62.2610,75.0000,76.4715,True,True,1.9620
GOOGL,Wedbush,2019-07-26,62.2610,75.0000,76.4715,True,True,1.9620
GOOGL,Stifel,2019-07-26,62.2610,64.9500,76.4715,True,True,17.7390
GOOGL,BMO Capital,2019-10-25,63.2150,62.2500,79.2145,False,False,27.2522
GOOGL,Keybanc,2019-10-29,63.0330,77.3000,75.5400,True,False,2.2768
GOOGL,Canaccord Genuity,2019-10-29,63.0330,72.5000,75.5400,True,True,4.1931
GOOGL,Barclays,2019-10-29,63.0330,70.0000,75.5400,True,True,7.9143
GOOGL,BMO Capital,2019-10-29,63.0330,62.5000,75.5400,False,False,20.8640
GOOGL,Piper Sandler,2019-12-03,64.7370,75.0000,91.2485,True,True,21.6647
GOOGL,Stifel,2019-12-05,66.3480,76.2500,91.1880,True,True,19.5908
GOOGL,Pivotal Research,2020-01-06,69.8905,82.5000,87.0025,True,True,5.4576
GOOGL,Bernstein,2020-01-10,71.4480,80.0000,87.8145,True,True,9.7681
GOOGL,Evercore ISI Group,2020-01-13,72.0015,80.0000,86.8715,True,True,8.5894
GOOGL,UBS,2020-01-17,73.9760,83.7500,89.2235,True,True,6.5355
GOOGL,Morgan Stanley,2020-01-21,74.1125,78.0000,94.0035,True,True,20.5173
GOOGL,Keybanc,2020-01-24,73.3085,88.4500,94.7140,True,True,7.0820
GOOGL,Mizuho,2020-01-27,71.5865,82.5000,95.3975,True,True,15.6333
GOOGL,Wedbush,2020-01-30,72.7125,81.2500,91.3680,True,True,12.4529
GOOGL,BMO Capital,2020-01-31,71.6390,67.5000,94.6535,False,False,40.2274
GOOGL,Pivotal Research,2020-02-04,72.2705,85.0000,102.9440,True,True,21.1106
GOOGL,Nomura,2020-02-04,72.2705,84.0000,102.9440,True,True,22.5524
GOOGL,Needham,2020-02-04,72.2705,90.0000,102.9440,True,True,14.3822
GOOGL,B of A Securities,2020-02-04,72.2705,81.0000,102.9440,True,True,27.0914
GOOGL,Piper Sandler,2020-02-04,72.2705,80.0000,102.9440,True,True,28.6800
GOOGL,Raymond James,2020-02-04,72.2705,79.0000,102.9440,True,True,30.3089
GOOGL,Deutsche Bank,2020-02-04,72.2705,85.0000,102.9440,True,True,21.1106
GOOGL,Nomura Instinet,2020-02-04,72.2705,84.0000,102.9440,True,True,22.5524
GOOGL,Oppenheimer,2020-02-04,72.2705,81.0000,102.9440,True,True,27.0914
GOOGL,Susquehanna,2020-02-04,72.2705,90.0000,102.9440,True,True,14.3822
GOOGL,Baird,2020-02-04,72.2705,80.0000,102.9440,True,True,28.6800
GOOGL,BMO Capital,2020-02-04,72.2705,70.0000,102.9440,False,False,47.0629
GOOGL,JMP Securities,2020-02-04,72.2705,77.5000,102.9440,True,True,32.8310
GOOGL,SunTrust Robinson Humphrey,2020-02-04,72.2705,80.0000,102.9440,True,True,28.6800
GOOGL,Argus Research,2020-02-05,72.3025,81.0000,102.6815,True,True,26.7673
GOOGL,CFRA,2020-02-06,73.7985,88.0500,104.4415,True,True,18.6161
GOOGL,Citigroup,2020-02-07,73.9555,85.0000,104.2260,True,True,22.6188
GOOGL,Morgan Stanley,2020-02-25,69.3160,82.5000,104.1905,True,True,26.2915
GOOGL,B of A Securities,2020-03-05,65.7380,80.0000,104.8535,True,True,31.0669
GOOGL,JP Morgan,2020-03-18,54.5595,67.0000,101.0670,True,True,50.8463
GOOGL,SunTrust Robinson Humphrey,2020-03-26,58.1460,67.5000,101.2365,True,True,49.9800
GOOGL,UBS,2020-03-30,57.3155,76.5000,102.3235,True,True,33.7562
GOOGL,Morgan Stanley,2020-03-30,57.3155,65.5000,102.3235,True,True,56.2191
GOOGL,JMP Securities,2020-03-30,57.3155,67.5000,102.3235,True,True,51.5904
GOOGL,Barclays,2020-04-07,59.1280,65.0000,112.5215,True,True,73.1100
GOOGL,Oppenheimer,2020-04-17,63.9500,72.2500,114.4880,True,True,58.4609
GOOGL,Mizuho,2020-04-17,63.9500,75.0000,114.4880,True,True,52.6507
GOOGL,Credit Suisse,2020-04-20,63.0575,75.0000,113.9505,True,True,51.9340
GOOGL,Raymond James,2020-04-21,60.6080,71.2500,113.9175,True,True,59.8842
GOOGL,Deutsche Bank,2020-04-21,60.6080,75.7500,113.9175,True,True,50.3861
GOOGL,Wedbush,2020-04-22,62.9205,68.7500,112.6260,True,True,63.8196
GOOGL,Pivotal Research,2020-04-28,61.6295,78.7500,117.9520,True,True,49.7803
GOOGL,JP Morgan,2020-04-29,67.1090,75.2500,119.6380,True,True,58.9874
GOOGL,Nomura,2020-04-29,67.1090,85.0000,119.6380,True,True,40.7506
GOOGL,Credit Suisse,2020-04-29,67.1090,80.0000,119.6380,True,True,49.5475
GOOGL,Morgan Stanley,2020-04-29,67.1090,70.0000,119.6380,True,True,70.9114
GOOGL,MKM Partners,2020-04-29,67.1090,75.0000,119.6380,True,True,59.5173
GOOGL,RBC Capital,2020-04-29,67.1090,75.0000,119.6380,True,True,59.5173
GOOGL,Stifel,2020-04-29,67.1090,70.0000,119.6380,True,True,70.9114
GOOGL,BMO Capital,2020-04-29,67.1090,77.5000,119.6380,True,True,54.3716
GOOGL,Barclays,2020-04-29,67.1090,70.0000,119.6380,True,True,70.9114
GOOGL,Nomura Instinet,2020-04-29,67.1090,85.0000,119.6380,True,True,40.7506
GOOGL,Mizuho,2020-04-29,67.1090,78.0000,119.6380,True,True,53.3821
GOOGL,B of A Securities,2020-04-29,67.1090,71.0000,119.6380,True,True,68.5042
GOOGL,SunTrust Robinson Humphrey,2020-04-29,67.1090,77.5000,119.6380,True,True,54.3716
GOOGL,Deutsche Bank,2020-05-05,67.4510,85.0000,115.7385,True,True,36.1629
GOOGL,Citigroup,2020-05-12,68.7590,80.0000,110.0125,True,True,37.5156
GOOGL,B of A Securities,2020-06-10,73.2350,80.5000,121.7565,True,True,51.2503
GOOGL,B of A Securities,2020-06-22,72.5330,80.5000,122.3305,True,True,51.9634
GOOGL,Goldman Sachs,2020-06-24,71.6350,88.7500,122.5000,True,True,38.0282
GOOGL,Morgan Stanley,2020-07-09,75.9330,85.0000,125.5185,True,True,47.6688
GOOGL,Mizuho,2020-07-13,75.6115,82.5000,127.3415,True,True,54.3533
GOOGL,Jefferies,2020-07-13,75.6115,90.0000,127.3415,True,True,41.4906
GOOGL,Barclays,2020-07-13,75.6115,80.0000,127.3415,True,True,59.1769
GOOGL,Bernstein,2020-07-16,75.7460,87.5000,126.9700,True,True,45.1086
GOOGL,SunTrust Robinson Humphrey,2020-07-16,75.7460,90.2500,126.9700,True,True,40.6870
GOOGL,B of A Securities,2020-07-20,78.1920,80.5000,126.2095,True,True,56.7820
GOOGL,Credit Suisse,2020-07-20,78.1920,92.5000,126.2095,True,True,36.4427
GOOGL,Mizuho,2020-07-21,77.7960,87.5000,127.5490,True,True,45.7703
GOOGL,MKM Partners,2020-07-27,76.4715,85.0000,131.9000,True,True,55.1765
GOOGL,Deutsche Bank,2020-07-28,75.1825,98.7500,136.0940,True,True,37.8167
GOOGL,BMO Capital,2020-07-29,76.1755,87.5000,135.7775,True,True,55.1743
GOOGL,Morgan Stanley,2020-07-31,74.3975,88.0000,134.8545,True,True,53.2438
GOOGL,B of A Securities,2020-07-31,74.3975,86.5000,134.8545,True,True,55.9012
GOOGL,Raymond James,2020-07-31,74.3975,85.0000,134.8545,True,True,58.6524
GOOGL,Canaccord Genuity,2020-07-31,74.3975,90.0000,134.8545,True,True,49.8383
GOOGL,Susquehanna,2020-07-31,74.3975,92.5000,134.8545,True,True,45.7887
GOOGL,Baird,2020-07-31,74.3975,83.7500,134.8545,True,True,61.0203
GOOGL,Wedbush,2020-07-31,74.3975,85.0000,134.8545,True,True,58.6524
GOOGL,JMP Securities,2020-08-03,74.1380,85.0000,135.6300,True,True,59.5647
GOOGL,UBS,2020-08-25,80.2925,98.5000,142.0790,True,True,44.2426
GOOGL,Keybanc,2020-09-15,76.7560,97.7500,144.4295,True,True,47.7540
GOOGL,B of A Securities,2020-09-23,70.4695,92.5000,141.2160,True,True,52.6659
GOOGL,Morgan Stanley,2020-09-24,71.1430,90.0000,142.2150,True,True,58.0167
GOOGL,Deutsche Bank,2020-10-12,78.2295,101.0000,136.4490,True,True,35.0980
GOOGL,Bernstein,2020-10-16,78.3850,90.0000,142.7780,True,True,58.6422
GOOGL,Jefferies,2020-10-20,77.5540,92.5000,141.7690,True,True,53.2638
GOOGL,BMO Capital,2020-10-23,81.6490,95.0000,137.4470,True,True,44.6811
GOOGL,Keybanc,2020-10-30,80.8055,98.5000,143.4970,True,True,45.6822
GOOGL,B of A Securities,2020-10-30,80.8055,100.0000,143.4970,True,True,43.4970
GOOGL,Morgan Stanley,2020-10-30,80.8055,94.0000,143.4970,True,True,52.6564
GOOGL,Raymond James,2020-10-30,80.8055,90.0000,143.4970,True,True,59.4411
GOOGL,Mizuho,2020-10-30,80.8055,90.5000,143.4970,True,True,58.5602
GOOGL,Credit Suisse,2020-10-30,80.8055,97.5000,143.4970,True,True,47.1764
GOOGL,Susquehanna,2020-10-30,80.8055,100.0000,143.4970,True,True,43.4970
GOOGL,Deutsche Bank,2020-10-30,80.8055,112.5000,143.4970,True,True,27.5529
GOOGL,BMO Capital,2020-10-30,80.8055,97.5000,143.4970,True,True,47.1764
GOOGL,Barclays,2020-10-30,80.8055,95.0000,143.4970,True,True,51.0495
GOOGL,MKM Partners,2020-10-30,80.8055,97.5000,143.4970,True,True,47.1764
GOOGL,Stifel,2020-10-30,80.8055,85.0000,143.4970,True,True,68.8200
GOOGL,Wedbush,2020-10-30,80.8055,92.5000,143.4970,True,True,55.1319
GOOGL,Truist Securities,2020-10-30,80.8055,100.0000,143.4970,True,True,43.4970
GOOGL,Argus Research,2020-11-02,81.2160,92.5000,145.4325,True,True,57.2243
GOOGL,Canaccord Genuity,2020-11-02,81.2160,95.0000,145.4325,True,True,53.0868
GOOGL,Citigroup,2020-11-03,82.2830,100.0000,146.5980,True,True,46.5980
GOOGL,B of A Securities,2020-12-18,86.3110,100.0000,141.6070,True,True,41.6070
GOOGL,Baird,2020-12-31,87.6320,100.0000,144.8520,True,True,44.8520
GOOGL,Morgan Stanley,2021-01-05,87.0025,102.5000,144.3995,True,True,40.8776
GOOGL,Jefferies,2021-01-11,87.8145,107.5000,138.6695,True,True,28.9949
GOOGL,Keybanc,2021-01-19,89.2235,103.0000,135.9980,True,True,32.0369
GOOGL,Piper Sandler,2021-01-21,94.2075,102.8000,133.3075,True,True,29.6766
GOOGL,Credit Suisse,2021-01-22,94.6280,100.0000,130.3515,True,True,30.3515
GOOGL,Mizuho,2021-01-25,94.7140,105.0000,130.8040,True,True,24.5752
GOOGL,Canaccord Genuity,2021-01-25,94.7140,112.5000,130.8040,True,True,16.2702
GOOGL,Wells Fargo,2021-01-28,92.6600,105.0000,129.0050,True,True,22.8619
GOOGL,Wedbush,2021-01-28,92.6600,107.5000,129.0050,True,True,20.0047
GOOGL,Truist Securities,2021-02-01,94.6535,105.0000,135.3035,True,True,28.8605
GOOGL,Keybanc,2021-02-03,102.9440,117.6500,148.0000,True,True,25.7969
GOOGL,Needham,2021-02-03,102.9440,125.0000,148.0000,True,True,18.4000
GOOGL,JP Morgan,2021-02-03,102.9440,119.5000,148.0000,True,True,23.8494
GOOGL,Morgan Stanley,2021-02-03,102.9440,110.0000,148.0000,True,True,34.5455
GOOGL,Credit Suisse,2021-02-03,102.9440,118.0000,148.0000,True,True,25.4237
GOOGL,Raymond James,2021-02-03,102.9440,122.0000,148.0000,True,True,21.3115
GOOGL,Canaccord Genuity,2021-02-03,102.9440,120.0000,148.0000,True,True,23.3333
GOOGL,Wedbush,2021-02-03,102.9440,123.5000,148.0000,True,True,19.8381
GOOGL,MKM Partners,2021-02-03,102.9440,110.0000,148.0000,True,True,34.5455
GOOGL,Evercore ISI Group,2021-02-03,102.9440,120.0000,148.0000,True,True,23.3333
GOOGL,"Monness, Crespi, Hardt",2021-02-03,102.9440,125.0000,148.0000,True,True,18.4000
GOOGL,Cowen & Co.,2021-02-03,102.9440,120.0000,148.0000,True,True,23.3333
GOOGL,Truist Securities,2021-02-03,102.9440,112.5000,148.0000,True,True,31.5556
GOOGL,Deutsche Bank,2021-02-03,102.9440,130.0000,148.0000,True,True,13.8462
GOOGL,Barclays,2021-02-03,102.9440,125.0000,148.0000,True,True,18.4000
GOOGL,UBS,2021-02-03,102.9440,115.0000,148.0000,True,True,28.6957
GOOGL,Jefferies,2021-02-03,102.9440,120.0000,148.0000,True,True,23.3333
GOOGL,Pivotal Research,2021-02-03,102.9440,137.5000,148.0000,True,True,7.6364
GOOGL,Bernstein,2021-02-03,102.9440,125.0000,148.0000,True,True,18.4000
GOOGL,Stifel,2021-02-03,102.9440,101.2500,148.0000,False,False,46.1728
GOOGL,Citigroup,2021-02-12,104.7515,120.7500,134.2825,True,True,11.2070
GOOGL,Loop Capital,2021-02-16,105.5350,126.2500,135.5260,True,True,7.3473
GOOGL,B of A Securities,2021-03-19,101.3480,122.0000,136.1255,True,True,11.5783
GOOGL,Morgan Stanley,2021-03-25,101.6230,117.5000,141.5720,True,True,20.4868
GOOGL,Stifel,2021-03-30,102.3235,117.5000,142.5055,True,True,21.2813
GOOGL,Wolfe Research,2021-04-01,106.4890,122.5000,139.0675,True,True,13.5245
GOOGL,Argus Research,2021-04-09,113.5335,125.0000,135.8885,True,True,8.7108
GOOGL,TD Cowen,2021-04-15,114.2625,130.0000,129.8940,True,False,0.0815
GOOGL,Oppenheimer,2021-04-19,114.4880,117.5000,127.6765,True,True,8.6608
GOOGL,Canaccord Genuity,2021-04-19,114.4880,130.0000,127.6765,True,False,1.7873
GOOGL,Mizuho,2021-04-19,114.4880,130.0000,127.6765,True,False,1.7873
GOOGL,Keybanc,2021-04-20,113.9505,131.2500,130.0090,True,False,0.9455
GOOGL,Jefferies,2021-04-22,112.6260,135.0000,124.8145,True,False,7.5448
GOOGL,BMO Capital,2021-04-23,114.9965,130.0000,119.6355,True,False,7.9727
GOOGL,Credit Suisse,2021-04-23,114.9965,125.0000,119.6355,True,False,4.2916
GOOGL,Truist Securities,2021-04-26,115.4965,120.0000,123.0740,True,True,2.5617
GOOGL,Keybanc,2021-04-28,117.9520,134.0500,114.2945,True,False,14.7374
GOOGL,Needham,2021-04-28,117.9520,135.0000,114.2945,True,False,15.3374
GOOGL,Barclays,2021-04-28,117.9520,150.0000,114.2945,True,False,23.8037
GOOGL,Wells Fargo,2021-04-28,117.9520,142.5000,114.2945,True,False,19.7933
GOOGL,Oppenheimer,2021-04-28,117.9520,125.5000,114.2945,True,False,8.9287
GOOGL,JMP Securities,2021-04-28,117.9520,142.5000,114.2945,True,False,19.7933
GOOGL,B of A Securities,2021-04-28,117.9520,137.7500,114.2945,True,False,17.0276
GOOGL,Piper Sandler,2021-04-28,117.9520,131.7500,114.2945,True,False,13.2490
GOOGL,Morgan Stanley,2021-04-28,117.9520,128.7500,114.2945,True,False,11.2276
GOOGL,Mizuho,2021-04-28,117.9520,140.0000,114.2945,True,False,18.3611
GOOGL,Credit Suisse,2021-04-28,117.9520,137.7500,114.2945,True,False,17.0276
GOOGL,Raymond James,2021-04-28,117.9520,137.5000,114.2945,True,False,16.8767
GOOGL,Canaccord Genuity,2021-04-28,117.9520,140.0000,114.2945,True,False,18.3611
GOOGL,Jefferies,2021-04-28,117.9520,142.5000,114.2945,True,False,19.7933
GOOGL,Susquehanna,2021-04-28,117.9520,155.0000,114.2945,True,False,26.2616
GOOGL,BMO Capital,2021-04-28,117.9520,135.0000,114.2945,True,False,15.3374
GOOGL,Evercore ISI Group,2021-04-28,117.9520,141.2500,114.2945,True,False,19.0835
GOOGL,Stifel,2021-04-28,117.9520,135.0000,114.2945,True,False,15.3374
GOOGL,Argus Research,2021-04-29,119.6380,140.0000,118.5225,True,False,15.3411
GOOGL,China Renaissance,2021-05-03,117.1540,150.0000,116.5830,True,False,22.2780
GOOGL,Citigroup,2021-05-10,114.5875,120.7500,112.5110,True,False,6.8232
GOOGL,KGI Securities,2021-06-02,118.5295,150.0000,113.8920,True,False,24.0720
GOOGL,Tigress Financial,2021-06-11,121.5100,159.2500,111.1615,True,False,30.1969
GOOGL,Jefferies,2021-07-20,126.2095,147.5000,113.9000,True,False,22.7797
GOOGL,Credit Suisse,2021-07-23,133.0150,167.5000,107.5100,True,False,35.8149
GOOGL,Keybanc,2021-07-28,136.0940,153.5500,114.2200,True,False,25.6138
GOOGL,Needham,2021-07-28,136.0940,160.0000,114.2200,True,False,28.6125
GOOGL,Barclays,2021-07-28,136.0940,160.0000,114.2200,True,False,28.6125
GOOGL,Susquehanna,2021-07-28,136.0940,180.0000,114.2200,True,False,36.5444
GOOGL,BMO Capital,2021-07-28,136.0940,150.0000,114.2200,True,False,23.8533
GOOGL,Oppenheimer,2021-07-28,136.0940,150.0000,114.2200,True,False,23.8533
GOOGL,B of A Securities,2021-07-28,136.0940,157.5000,114.2200,True,False,27.4794
GOOGL,Truist Securities,2021-07-28,136.0940,155.0000,114.2200,True,False,26.3097
GOOGL,Morgan Stanley,2021-07-28,136.0940,150.0000,114.2200,True,False,23.8533
GOOGL,Credit Suisse,2021-07-28,136.0940,170.0000,114.2200,True,False,32.8118
GOOGL,Piper Sandler,2021-07-28,136.0940,151.7000,114.2200,True,False,24.7067
GOOGL,Stifel,2021-07-28,136.0940,150.0000,114.2200,True,False,23.8533
GOOGL,Raymond James,2021-07-28,136.0940,160.0000,114.2200,True,False,28.6125
GOOGL,Mizuho,2021-07-28,136.0940,150.0000,114.2200,True,False,23.8533
GOOGL,Jefferies,2021-07-28,136.0940,157.5000,114.2200,True,False,27.4794
GOOGL,JP Morgan,2021-07-28,136.0940,162.5000,114.2200,True,False,29.7108
GOOGL,Canaccord Genuity,2021-07-28,136.0940,155.0000,114.2200,True,False,26.3097
GOOGL,JMP Securities,2021-07-28,136.0940,155.0000,114.2200,True,False,26.3097
GOOGL,Bernstein,2021-07-28,136.0940,160.0000,114.2200,True,False,28.6125
GOOGL,MKM Partners,2021-07-28,136.0940,157.5000,114.2200,True,False,27.4794
GOOGL,Wolfe Research,2021-07-28,136.0940,170.0000,114.2200,True,False,32.8118
GOOGL,Argus Research,2021-07-29,135.7775,155.0000,116.3200,True,False,24.9548
GOOGL,Goldman Sachs,2021-09-13,142.3325,167.5000,104.3200,True,False,37.7194
GOOGL,RBC Capital,2021-10-01,136.5430,170.0000,98.6400,True,False,41.9765
GOOGL,Mizuho,2021-10-21,141.8860,155.0000,101.1300,True,False,34.7548
GOOGL,Stifel,2021-10-25,137.4470,160.0000,104.4800,True,False,34.7000
GOOGL,Baird,2021-10-26,139.3085,158.7500,94.9300,True,False,40.2016
GOOGL,Keybanc,2021-10-27,146.2175,154.5000,92.2200,True,False,40.3107
GOOGL,Oppenheimer,2021-10-27,146.2175,175.0000,92.2200,True,False,47.3029
GOOGL,Credit Suisse,2021-10-27,146.2175,172.5000,92.2200,True,False,46.5391
GOOGL,B of A Securities,2021-10-27,146.2175,160.5000,92.2200,True,False,42.5421
GOOGL,Canaccord Genuity,2021-10-27,146.2175,167.5000,92.2200,True,False,44.9433
GOOGL,Barclays,2021-10-27,146.2175,165.0000,92.2200,True,False,44.1091
GOOGL,Raymond James,2021-10-27,146.2175,170.0000,92.2200,True,False,45.7529
GOOGL,JMP Securities,2021-10-27,146.2175,165.0000,92.2200,True,False,44.1091
GOOGL,Needham,2021-10-27,146.2175,160.0000,92.2200,True,False,42.3625
GOOGL,BMO Capital,2021-10-27,146.2175,160.0000,92.2200,True,False,42.3625
GOOGL,Jefferies,2021-10-27,146.2175,175.0000,92.2200,True,False,47.3029
GOOGL,Wells Fargo,2021-10-27,146.2175,170.0000,92.2200,True,False,45.7529
GOOGL,"Monness, Crespi, Hardt",2021-10-27,146.2175,183.0000,92.2200,True,False,49.6066
GOOGL,Piper Sandler,2021-10-27,146.2175,157.5000,92.2200,True,False,41.4476
GOOGL,Goldman Sachs,2021-10-27,146.2175,167.5000,92.2200,True,False,44.9433
GOOGL,Truist Securities,2021-10-27,146.2175,170.0000,92.2200,True,False,45.7529
GOOGL,Bernstein,2021-10-27,146.2175,167.5000,92.2200,True,False,44.9433
GOOGL,Citigroup,2021-10-28,145.8490,148.2500,96.2900,True,False,35.0489
GOOGL,Morgan Stanley,2021-11-02,145.4325,160.0000,86.9700,True,False,45.6437
GOOGL,Goldman Sachs,2021-11-17,148.0470,167.5000,98.3600,True,False,41.2776
GOOGL,Tigress Financial,2021-12-03,142.0015,177.0000,99.4800,True,False,43.7966
GOOGL,B of A Securities,2022-01-19,135.1165,173.5000,98.0200,True,False,43.5043
GOOGL,Morgan Stanley,2022-01-19,135.1165,171.5000,98.0200,True,False,42.8455
GOOGL,Goldman Sachs,2022-01-24,130.8040,167.5000,95.2200,True,False,43.1522
GOOGL,BMO Capital,2022-01-25,126.9350,160.0000,97.5200,True,False,39.0500
GOOGL,Bernstein,2022-01-27,129.0050,162.5000,96.9400,True,False,40.3446
GOOGL,Credit Suisse,2022-01-28,133.3510,170.0000,98.8400,True,False,41.8588
GOOGL,Baird,2022-02-01,137.6440,160.0000,107.7400,True,False,32.6625
GOOGL,RBC Capital,2022-02-01,137.6440,175.0000,107.7400,True,False,38.4343
GOOGL,Stifel,2022-02-01,137.6440,175.0000,107.7400,True,False,38.4343
GOOGL,Keybanc,2022-02-02,148.0000,170.0000,104.7800,True,False,38.3647
GOOGL,Jefferies,2022-02-02,148.0000,180.0000,104.7800,True,False,41.7889
GOOGL,JP Morgan,2022-02-02,148.0000,172.5000,104.7800,True,False,39.2580
GOOGL,Morgan Stanley,2022-02-02,148.0000,172.5000,104.7800,True,False,39.2580
GOOGL,B of A Securities,2022-02-02,148.0000,175.5000,104.7800,True,False,40.2963
GOOGL,Credit Suisse,2022-02-02,148.0000,175.0000,104.7800,True,False,40.1257
GOOGL,Raymond James,2022-02-02,148.0000,181.5000,104.7800,True,False,42.2700
GOOGL,Piper Sandler,2022-02-02,148.0000,173.7500,104.7800,True,False,39.6950
GOOGL,Needham,2022-02-02,148.0000,160.0000,104.7800,True,False,34.5125
GOOGL,Mizuho,2022-02-02,148.0000,180.0000,104.7800,True,False,41.7889
GOOGL,Goldman Sachs,2022-02-02,148.0000,170.0000,104.7800,True,False,38.3647
GOOGL,BMO Capital,2022-02-02,148.0000,165.0000,104.7800,True,False,36.4970
GOOGL,MKM Partners,2022-02-02,148.0000,168.7500,104.7800,True,False,37.9081
GOOGL,Bernstein,2022-02-02,148.0000,175.0000,104.7800,True,False,40.1257
GOOGL,Wells Fargo,2022-02-02,148.0000,180.0000,104.7800,True,False,41.7889
GOOGL,Wolfe Research,2022-02-02,148.0000,180.0000,104.7800,True,False,41.7889
GOOGL,Truist Securities,2022-02-02,148.0000,180.0000,104.7800,True,False,41.7889
GOOGL,RBC Capital,2022-03-02,134.5715,177.5000,93.6500,True,False,47.2394
GOOGL,Deutsche Bank,2022-03-11,129.8705,157.5000,93.9700,True,False,40.3365
GOOGL,Tigress Financial,2022-03-18,136.1255,183.5000,104.9200,True,False,42.8229
GOOGL,MKM Partners,2022-04-14,126.7300,165.0000,104.5000,True,False,36.6667
GOOGL,Rosenblatt,2022-04-19,130.0090,209.1500,105.2900,True,False,49.6581
GOOGL,RBC Capital,2022-04-19,130.0090,171.0000,105.2900,True,False,38.4269
GOOGL,Keybanc,2022-04-20,128.0400,153.7500,105.4100,True,False,31.4406
GOOGL,Citigroup,2022-04-20,128.0400,175.0000,105.4100,True,False,39.7657
GOOGL,Credit Suisse,2022-04-21,124.8145,172.5000,105.9700,True,False,38.5681
GOOGL,Baird,2022-04-26,118.6500,150.0000,107.5900,True,False,28.2733
GOOGL,Mizuho,2022-04-27,114.2945,175.0000,107.3400,True,False,38.6629
GOOGL,Piper Sandler,2022-04-27,114.2945,145.0000,107.3400,True,False,25.9724
GOOGL,Wolfe Research,2022-04-27,114.2945,145.0000,107.3400,True,False,25.9724
GOOGL,Credit Suisse,2022-04-27,114.2945,170.0000,107.3400,True,False,36.8588
GOOGL,BMO Capital,2022-04-27,114.2945,150.0000,107.3400,True,False,28.4400
GOOGL,UBS,2022-04-27,114.2945,180.0000,107.3400,True,False,40.3667
GOOGL,Barclays,2022-04-27,114.2945,160.0000,107.3400,True,False,32.9125
GOOGL,Rosenblatt,2022-04-27,114.2945,205.9000,107.3400,True,False,47.8679
GOOGL,Wells Fargo,2022-04-27,114.2945,170.0000,107.3400,True,False,36.8588
GOOGL,Stifel,2022-04-27,114.2945,155.0000,107.3400,True,False,30.7484
GOOGL,Morgan Stanley,2022-04-27,114.2945,163.5000,107.3400,True,False,34.3486
GOOGL,Truist Securities,2022-04-27,114.2945,175.0000,107.3400,True,False,38.6629
GOOGL,Jefferies,2022-04-27,114.2945,170.0000,107.3400,True,False,36.8588
GOOGL,Raymond James,2022-04-27,114.2945,159.0000,107.3400,True,False,32.4906
GOOGL,Canaccord Genuity,2022-04-27,114.2945,165.0000,107.3400,True,False,34.9455
GOOGL,B of A Securities,2022-04-27,114.2945,147.0000,107.3400,True,False,26.9796
GOOGL,Deutsche Bank,2022-04-27,114.2945,145.0000,107.3400,True,False,25.9724
GOOGL,Needham,2022-04-27,114.2945,160.0000,107.3400,True,False,32.9125
GOOGL,Goldman Sachs,2022-04-27,114.2945,150.0000,107.3400,True,False,28.4400
GOOGL,JMP Securities,2022-04-27,114.2945,165.0000,107.3400,True,False,34.9455
GOOGL,Citigroup,2022-04-27,114.2945,158.7500,107.3400,True,False,32.3843
GOOGL,Jefferies,2022-05-24,105.9700,155.0000,123.4800,True,False,20.3355
GOOGL,Morgan Stanley,2022-06-01,113.8920,150.0000,124.6700,True,False,16.8867
GOOGL,Piper Sandler,2022-06-02,117.6225,138.7500,126.0100,True,False,9.1820
GOOGL,Wolfe Research,2022-06-02,117.6225,140.0000,126.0100,True,False,9.9929
GOOGL,Goldman Sachs,2022-06-10,111.1615,150.0000,123.8300,True,False,17.4467
GOOGL,UBS,2022-06-16,106.0335,132.5000,123.1000,True,False,7.0943
GOOGL,B of A Securities,2022-06-17,107.1435,131.8000,120.5500,True,False,8.5357
GOOGL,RBC Capital,2022-06-23,112.2420,135.0000,118.3400,True,False,12.3407
GOOGL,JP Morgan,2022-06-29,111.7015,140.0000,119.7000,True,False,14.5000
GOOGL,JMP Securities,2022-06-30,108.9630,160.0000,119.9000,True,False,25.0625
GOOGL,Barclays,2022-07-05,113.2630,150.0000,120.1100,True,False,19.9267
GOOGL,Evercore ISI Group,2022-07-07,118.7830,155.5000,116.4500,True,False,25.1125
GOOGL,TD Cowen,2022-07-13,111.3535,150.0000,125.4200,True,False,16.3867
GOOGL,Citigroup,2022-07-14,110.3675,145.0000,124.6500,True,False,14.0345
GOOGL,Morgan Stanley,2022-07-18,109.0300,7.5000,122.0300,False,False,1527.0667
GOOGL,Stifel,2022-07-18,109.0300,7.7500,122.0300,False,False,1474.5806
GOOGL,Credit Suisse,2022-07-19,113.8100,143.0000,119.2000,True,False,16.6434
GOOGL,Morgan Stanley,2022-07-19,113.8100,140.0000,119.2000,True,False,14.8571
GOOGL,Oppenheimer,2022-07-19,113.8100,165.0000,119.2000,True,False,27.7576
GOOGL,Truist Securities,2022-07-19,113.8100,150.0000,119.2000,True,False,20.5333
GOOGL,RBC Capital,2022-07-19,113.8100,135.0000,119.2000,True,False,11.7037
GOOGL,Exane BNP Paribas,2022-07-20,113.9000,118.0000,120.0200,True,True,1.7119
GOOGL,Deutsche Bank,2022-07-21,114.3400,135.0000,121.5300,True,False,9.9778
GOOGL,Mizuho,2022-07-22,107.9000,150.0000,122.2100,True,False,18.5267
GOOGL,Stifel,2022-07-22,107.9000,145.0000,122.2100,True,False,15.7172
GOOGL,Rosenblatt,2022-07-25,107.5100,205.0000,129.2700,True,False,36.9415
GOOGL,Keybanc,2022-07-26,105.0200,125.0000,129.4000,True,True,3.5200
GOOGL,Itau BBA,2022-07-26,105.0200,113.0000,129.4000,True,True,14.5133
GOOGL,Citigroup,2022-07-27,113.0600,140.0000,132.5800,True,False,5.3000
GOOGL,Credit Suisse,2022-07-27,113.0600,140.0000,132.5800,True,False,5.3000
GOOGL,Morgan Stanley,2022-07-27,113.0600,145.0000,132.5800,True,False,8.5655
GOOGL,Rosenblatt,2022-07-27,113.0600,154.0000,132.5800,True,False,13.9091
GOOGL,Wells Fargo,2022-07-27,113.0600,160.0000,132.5800,True,False,17.1375
GOOGL,Evercore ISI Group,2022-07-27,113.0600,140.0000,132.5800,True,False,5.3000
GOOGL,Jefferies,2022-07-27,113.0600,130.0000,132.5800,True,True,1.9846
GOOGL,UBS,2022-07-27,113.0600,132.0000,132.5800,True,True,0.4394
GOOGL,Piper Sandler,2022-07-27,113.0600,135.0000,132.5800,True,False,1.7926
GOOGL,B of A Securities,2022-07-27,113.0600,125.0000,132.5800,True,True,6.0640
GOOGL,Raymond James,2022-07-27,113.0600,143.0000,132.5800,True,False,7.2867
GOOGL,Needham,2022-07-27,113.0600,160.0000,132.5800,True,False,17.1375
GOOGL,Goldman Sachs,2022-07-27,113.0600,150.0000,132.5800,True,False,11.6133
GOOGL,Barclays,2022-07-27,113.0600,150.0000,132.5800,True,False,11.6133
GOOGL,Susquehanna,2022-07-27,113.0600,150.0000,132.5800,True,False,11.6133
GOOGL,Wolfe Research,2022-07-27,113.0600,130.0000,132.5800,True,True,1.9846
GOOGL,Truist Securities,2022-08-02,115.1300,145.0000,128.4500,True,False,11.4138
GOOGL,Tigress Financial,2022-08-03,118.0800,186.0000,128.1100,True,False,31.1237
GOOGL,Rosenblatt,2022-09-07,109.4500,156.0000,136.3800,True,False,12.5769
GOOGL,Goldman Sachs,2022-09-14,105.0000,150.0000,137.4000,True,False,8.4000
GOOGL,Truist Securities,2022-09-28,100.0500,136.0000,130.8600,True,False,3.7794
GOOGL,B of A Securities,2022-10-04,101.6400,114.0000,135.0700,True,True,18.4825
GOOGL,Goldman Sachs,2022-10-06,101.4200,146.0000,138.4200,True,False,5.1918
GOOGL,Morgan Stanley,2022-10-10,97.8600,135.0000,140.5500,True,True,4.1111
GOOGL,Credit Suisse,2022-10-11,97.1800,134.0000,138.9700,True,True,3.7090
GOOGL,MKM Partners,2022-10-19,99.6300,134.0000,135.6000,True,True,1.1940
GOOGL,JP Morgan,2022-10-21,101.1300,136.0000,138.8100,True,True,2.0662
GOOGL,Deutsche Bank,2022-10-21,101.1300,130.0000,138.8100,True,True,6.7769
GOOGL,Keybanc,2022-10-25,104.4800,120.0000,122.2800,True,True,1.9000
GOOGL,Baird,2022-10-25,104.4800,120.0000,122.2800,True,True,1.9000
GOOGL,Keybanc,2022-10-26,94.9300,118.0000,122.1700,True,True,3.5339
GOOGL,Bernstein,2022-10-26,94.9300,120.0000,122.1700,True,True,1.8083
GOOGL,Credit Suisse,2022-10-26,94.9300,128.0000,122.1700,True,False,4.5547
GOOGL,Citigroup,2022-10-26,94.9300,120.0000,122.1700,True,True,1.8083
GOOGL,RBC Capital,2022-10-26,94.9300,130.0000,122.1700,True,False,6.0231
GOOGL,Mizuho,2022-10-26,94.9300,140.0000,122.1700,True,False,12.7357
GOOGL,JMP Securities,2022-10-26,94.9300,145.0000,122.1700,True,False,15.7448
GOOGL,Rosenblatt,2022-10-26,94.9300,130.0000,122.1700,True,False,6.0231
GOOGL,JP Morgan,2022-10-26,94.9300,115.0000,122.1700,True,True,6.2348
GOOGL,Truist Securities,2022-10-26,94.9300,130.0000,122.1700,True,False,6.0231
GOOGL,Wells Fargo,2022-10-26,94.9300,145.0000,122.1700,True,False,15.7448
GOOGL,Oppenheimer,2022-10-26,94.9300,135.0000,122.1700,True,False,9.5037
GOOGL,Piper Sandler,2022-10-26,94.9300,122.0000,122.1700,True,True,0.1393
GOOGL,Susquehanna,2022-10-26,94.9300,120.0000,122.1700,True,True,1.8083
GOOGL,Evercore ISI Group,2022-10-26,94.9300,130.0000,122.1700,True,False,6.0231
GOOGL,TD Cowen,2022-10-26,94.9300,135.0000,122.1700,True,False,9.5037
GOOGL,Morgan Stanley,2022-10-26,94.9300,125.0000,122.1700,True,False,2.2640
GOOGL,Raymond James,2022-10-26,94.9300,120.0000,122.1700,True,True,1.8083
GOOGL,Deutsche Bank,2022-10-26,94.9300,120.0000,122.1700,True,True,1.8083
GOOGL,Goldman Sachs,2022-10-26,94.9300,135.0000,122.1700,True,False,9.5037
GOOGL,Jefferies,2022-10-26,94.9300,130.0000,122.1700,True,False,6.0231
GOOGL,Morgan Stanley,2022-11-15,98.4400,120.0000,136.9300,True,True,14.1083
GOOGL,Goldman Sachs,2022-11-18,97.4300,135.0000,136.9700,True,True,1.4593
GOOGL,JMP Securities,2022-11-23,98.4600,132.0000,136.4100,True,True,3.3409
GOOGL,Mizuho,2022-11-30,100.9900,135.0000,131.8600,True,False,2.3259
GOOGL,Societe Generale,2022-11-30,100.9900,132.0000,131.8600,True,False,0.1061
GOOGL,Evercore ISI Group,2022-12-21,89.5800,120.0000,141.4900,True,True,17.9083
GOOGL,Needham,2022-12-22,87.7600,115.0000,141.5200,True,True,23.0609
GOOGL,Baird,2022-12-22,87.7600,115.0000,141.5200,True,True,23.0609
GOOGL,New Street Research,2023-01-04,88.0800,118.0000,135.7300,True,True,15.0254
GOOGL,Wolfe Research,2023-01-05,86.2000,110.0000,138.8400,True,True,26.2182
GOOGL,Tigress Financial,2023-01-06,87.3400,160.0000,140.9500,True,False,11.9063
GOOGL,TD Cowen,2023-01-11,91.5200,125.0000,142.6500,True,True,14.1200
GOOGL,Morgan Stanley,2023-01-18,91.1200,125.0000,146.3800,True,True,17.1040
GOOGL,Raymond James,2023-01-24,97.7000,116.0000,151.8700,True,True,30.9224
GOOGL,Credit Suisse,2023-01-25,95.2200,145.0000,152.1900,True,True,4.9586
GOOGL,MKM Partners,2023-01-25,95.2200,120.0000,152.1900,True,True,26.8250
GOOGL,Oppenheimer,2023-01-26,97.5200,130.0000,153.5100,True,True,18.0846
GOOGL,Keybanc,2023-01-30,96.9400,117.0000,140.1000,True,True,19.7436
GOOGL,B of A Securities,2023-01-31,98.8400,119.0000,141.1600,True,True,18.6219
GOOGL,Needham,2023-02-03,104.7800,115.0000,144.1000,True,True,25.3044
GOOGL,Barclays,2023-02-03,104.7800,160.0000,144.1000,True,False,9.9375
GOOGL,B of A Securities,2023-02-03,104.7800,125.0000,144.1000,True,True,15.2800
GOOGL,JP Morgan,2023-02-03,104.7800,118.0000,144.1000,True,True,22.1186
GOOGL,Morgan Stanley,2023-02-03,104.7800,135.0000,144.1000,True,True,6.7407
GOOGL,Credit Suisse,2023-02-03,104.7800,136.0000,144.1000,True,True,5.9559
GOOGL,Rosenblatt,2023-02-03,104.7800,128.0000,144.1000,True,True,12.5781
GOOGL,Oppenheimer,2023-02-03,104.7800,155.0000,144.1000,True,False,7.0323
GOOGL,Piper Sandler,2023-02-03,104.7800,120.0000,144.1000,True,True,20.0833
GOOGL,Truist Securities,2023-02-03,104.7800,120.0000,144.1000,True,True,20.0833
GOOGL,JMP Securities,2023-02-03,104.7800,132.0000,144.1000,True,True,9.1667
GOOGL,Roth MKM,2023-02-03,104.7800,126.0000,144.1000,True,True,14.3651
GOOGL,Raymond James,2023-02-03,104.7800,119.0000,144.1000,True,True,21.0924
GOOGL,Wells Fargo,2023-02-03,104.7800,150.0000,144.1000,True,False,3.9333
GOOGL,Goldman Sachs,2023-02-03,104.7800,128.0000,144.1000,True,True,12.5781
GOOGL,Wolfe Research,2023-02-03,104.7800,120.0000,144.1000,True,True,20.0833
GOOGL,Bernstein,2023-02-06,102.9000,130.0000,145.5400,True,True,11.9538
GOOGL,New Street Research,2023-02-07,107.6400,130.0000,145.9100,True,True,12.2385
GOOGL,Loop Capital,2023-02-08,99.3700,125.0000,149.0000,True,True,19.2000
GOOGL,JP Morgan,2023-02-09,95.0100,118.0000,147.5300,True,True,25.0254
GOOGL,Jefferies,2023-02-10,94.5700,130.0000,145.1400,True,True,11.6462
GOOGL,Needham,2023-03-08,94.2500,115.0000,135.4100,True,True,17.7478
GOOGL,JMP Securities,2023-03-16,100.3200,132.0000,147.6800,True,True,11.8788
GOOGL,Exane BNP Paribas,2023-03-17,101.6200,123.0000,147.0300,True,True,19.5366
GOOGL,Piper Sandler,2023-03-31,103.7300,117.0000,154.9200,True,True,32.4103
GOOGL,Needham,2023-04-03,104.3600,115.0000,150.5300,True,True,30.8957
GOOGL,UBS,2023-04-06,108.4200,123.0000,156.6000,True,True,27.3171
GOOGL,Goldman Sachs,2023-04-06,108.4200,128.0000,156.6000,True,True,22.3438
GOOGL,Bernstein,2023-04-20,105.2900,125.0000,156.2800,True,True,25.0240
GOOGL,Oppenheimer,2023-04-24,105.9700,135.0000,159.1300,True,True,17.8741
GOOGL,Keybanc,2023-04-26,103.7100,122.0000,171.9500,True,True,40.9426
GOOGL,Needham,2023-04-26,103.7100,115.0000,171.9500,True,True,49.5217
GOOGL,Evercore ISI Group,2023-04-26,103.7100,130.0000,171.9500,True,True,32.2692
GOOGL,Credit Suisse,2023-04-26,103.7100,135.0000,171.9500,True,True,27.3704
GOOGL,Rosenblatt,2023-04-26,103.7100,132.0000,171.9500,True,True,30.2651
GOOGL,Morgan Stanley,2023-04-26,103.7100,140.0000,171.9500,True,True,22.8214
GOOGL,Baird,2023-04-26,103.7100,123.0000,171.9500,True,True,39.7967
GOOGL,JMP Securities,2023-04-26,103.7100,132.0000,171.9500,True,True,30.2651
GOOGL,Oppenheimer,2023-04-26,103.7100,145.0000,171.9500,True,True,18.5862
GOOGL,RBC Capital,2023-04-26,103.7100,132.0000,171.9500,True,True,30.2651
GOOGL,Piper Sandler,2023-04-26,103.7100,128.0000,171.9500,True,True,34.3359
GOOGL,Roth MKM,2023-04-26,103.7100,134.0000,171.9500,True,True,28.3209
GOOGL,Raymond James,2023-04-26,103.7100,130.0000,171.9500,True,True,32.2692
GOOGL,Truist Securities,2023-04-26,103.7100,122.0000,171.9500,True,True,40.9426
GOOGL,Deutsche Bank,2023-04-26,103.7100,125.0000,171.9500,True,True,37.5600
GOOGL,Citigroup,2023-04-26,103.7100,130.0000,171.9500,True,True,32.2692
GOOGL,TD Cowen,2023-04-26,103.7100,130.0000,171.9500,True,True,32.2692
GOOGL,B of A Securities,2023-04-26,103.7100,128.0000,171.9500,True,True,34.3359
GOOGL,JP Morgan,2023-04-26,103.7100,121.0000,171.9500,True,True,42.1074
GOOGL,Loop Capital,2023-04-26,103.7100,125.0000,171.9500,True,True,37.5600
GOOGL,Wolfe Research,2023-04-26,103.7100,130.0000,171.9500,True,True,32.2692
GOOGL,Bernstein,2023-05-09,107.3500,125.0000,169.9600,True,True,35.9680
GOOGL,JMP Securities,2023-05-11,116.5700,132.0000,169.1400,True,True,28.1364
GOOGL,RBC Capital,2023-05-11,116.5700,132.0000,169.1400,True,True,28.1364
GOOGL,Goldman Sachs,2023-05-11,116.5700,132.0000,169.1400,True,True,28.1364
GOOGL,Loop Capital,2023-05-15,116.5100,125.0000,172.5100,True,True,38.0080
GOOGL,Jefferies,2023-05-23,122.5600,150.0000,173.5500,True,True,15.7000
GOOGL,JMP Securities,2023-05-24,120.9000,132.0000,174.9900,True,True,32.5682
GOOGL,JMP Securities,2023-06-05,126.0100,132.0000,175.4100,True,True,32.8864
GOOGL,Wells Fargo,2023-06-08,122.1400,117.0000,175.0100,False,False,49.5812
GOOGL,B of A Securities,2023-06-15,125.0900,128.0000,177.2400,True,True,38.4688
GOOGL,UBS,2023-06-26,118.3400,132.0000,183.8800,True,True,39.3030
GOOGL,Bernstein,2023-06-27,118.3300,125.0000,185.4100,True,True,48.3280
GOOGL,Piper Sandler,2023-07-05,121.7500,140.0000,190.6000,True,True,36.1429
GOOGL,B of A Securities,2023-07-05,121.7500,128.0000,190.6000,True,True,48.9063
GOOGL,Morgan Stanley,2023-07-13,124.5400,150.0000,186.5300,True,True,24.3533
GOOGL,Tigress Financial,2023-07-14,125.4200,172.0000,183.9200,True,True,6.9302
GOOGL,Credit Suisse,2023-07-17,124.6500,150.0000,181.0200,True,True,20.6800
GOOGL,Keybanc,2023-07-18,123.7600,140.0000,177.6900,True,True,26.9214
GOOGL,B of A Securities,2023-07-20,119.2000,142.0000,181.6700,True,True,27.9366
GOOGL,Stifel,2023-07-21,120.0200,135.0000,181.7900,True,True,34.6593
GOOGL,Keybanc,2023-07-26,129.2700,145.0000,167.0000,True,True,15.1724
GOOGL,Needham,2023-07-26,129.2700,140.0000,167.0000,True,True,19.2857
GOOGL,Rosenblatt,2023-07-26,129.2700,163.0000,167.0000,True,True,2.4540
GOOGL,JMP Securities,2023-07-26,129.2700,138.0000,167.0000,True,True,21.0145
GOOGL,Credit Suisse,2023-07-26,129.2700,151.0000,167.0000,True,True,10.5960
GOOGL,Wells Fargo,2023-07-26,129.2700,121.0000,167.0000,False,False,38.0165
GOOGL,RBC Capital,2023-07-26,129.2700,155.0000,167.0000,True,True,7.7419
GOOGL,Citigroup,2023-07-26,129.2700,153.0000,167.0000,True,True,9.1503
GOOGL,Morgan Stanley,2023-07-26,129.2700,155.0000,167.0000,True,True,7.7419
GOOGL,Susquehanna,2023-07-26,129.2700,150.0000,167.0000,True,True,11.3333
GOOGL,Evercore ISI Group,2023-07-26,129.2700,160.0000,167.0000,True,True,4.3750
GOOGL,Needham,2023-08-11,129.5600,140.0000,164.1600,True,True,17.2571
GOOGL,Loop Capital,2023-08-18,127.4600,140.0000,167.1800,True,True,19.4143
GOOGL,Wedbush,2023-08-22,129.0800,160.0000,163.8000,True,True,2.3750
GOOGL,JMP Securities,2023-08-30,135.8800,138.0000,163.3800,True,True,18.3913
GOOGL,B of A Securities,2023-08-30,135.8800,146.0000,163.3800,True,True,11.9041
GOOGL,Susquehanna,2023-08-31,136.1700,150.0000,157.3600,True,True,4.9067
GOOGL,Needham,2023-09-13,136.7100,140.0000,157.4600,True,True,12.4714
GOOGL,Piper Sandler,2023-10-03,132.4300,147.0000,165.8600,True,True,12.8299
GOOGL,B of A Securities,2023-10-04,135.2400,146.0000,167.0600,True,True,14.4247
GOOGL,Wells Fargo,2023-10-10,138.0600,126.0000,162.0800,False,False,28.6349
GOOGL,Keybanc,2023-10-13,137.3600,155.0000,165.4600,True,True,6.7484
GOOGL,Keybanc,2023-10-25,125.6100,153.0000,165.2700,True,True,8.0196
GOOGL,Needham,2023-10-25,125.6100,160.0000,165.2700,True,True,3.2938
GOOGL,Rosenblatt,2023-10-25,125.6100,174.0000,165.2700,True,False,5.0172
GOOGL,Morgan Stanley,2023-10-25,125.6100,150.0000,165.2700,True,True,10.1800
GOOGL,Barclays,2023-10-25,125.6100,180.0000,165.2700,True,False,8.1833
GOOGL,Wedbush,2023-10-25,125.6100,160.0000,165.2700,True,True,3.2938
GOOGL,JMP Securities,2023-10-25,125.6100,140.0000,165.2700,True,True,18.0500
GOOGL,Roth MKM,2023-10-25,125.6100,152.0000,165.2700,True,True,8.7303
GOOGL,RBC Capital,2023-10-25,125.6100,155.0000,165.2700,True,True,6.6258
GOOGL,Piper Sandler,2023-10-25,125.6100,150.0000,165.2700,True,True,10.1800
GOOGL,Wells Fargo,2023-11-16,136.9300,129.0000,175.3000,False,False,35.8915
GOOGL,Tigress Financial,2023-11-21,136.9700,176.0000,167.6300,True,False,4.7557
GOOGL,Roth MKM,2023-12-07,136.9300,166.0000,175.3700,True,True,5.6446
GOOGL,BMO Capital,2024-01-09,140.9500,170.0000,192.0400,True,True,12.9647
GOOGL,Mizuho,2024-01-17,141.4700,170.0000,196.0000,True,True,15.2941
GOOGL,JMP Securities,2024-01-19,146.3800,150.0000,198.3700,True,True,32.2467
GOOGL,Keybanc,2024-01-29,153.5100,165.0000,200.8700,True,True,21.7394
GOOGL,Barclays,2024-01-31,140.1000,173.0000,201.2300,True,True,16.3179
GOOGL,Needham,2024-01-31,140.1000,160.0000,201.2300,True,True,25.7687
GOOGL,Wolfe Research,2024-01-31,140.1000,180.0000,201.2300,True,True,11.7944
GOOGL,Redburn Atlantic,2024-01-31,140.1000,165.0000,201.2300,True,True,21.9576
GOOGL,Wedbush,2024-01-31,140.1000,160.0000,201.2300,True,True,25.7687
GOOGL,RBC Capital,2024-01-31,140.1000,155.0000,201.2300,True,True,29.8258
GOOGL,Susquehanna,2024-01-31,140.1000,170.0000,201.2300,True,True,18.3706
GOOGL,Roth MKM,2024-01-31,140.1000,164.0000,201.2300,True,True,22.7012
GOOGL,BMO Capital,2024-01-31,140.1000,178.0000,201.2300,True,True,13.0506
GOOGL,JMP Securities,2024-01-31,140.1000,160.0000,201.2300,True,True,25.7687
GOOGL,Truist Securities,2024-01-31,140.1000,158.0000,201.2300,True,True,27.3608
GOOGL,Rosenblatt,2024-01-31,140.1000,172.0000,201.2300,True,True,16.9942
GOOGL,Citigroup,2024-01-31,140.1000,168.0000,201.2300,True,True,19.7798
GOOGL,Wells Fargo,2024-03-18,147.6800,144.0000,162.8000,False,False,13.0556
GOOGL,Wedbush,2024-03-22,150.7700,175.0000,165.0600,True,False,5.6800
GOOGL,Wells Fargo,2024-04-03,154.9200,141.0000,145.6000,False,False,3.2624
GOOGL,Wedbush,2024-04-10,156.1400,175.0000,157.1400,True,False,10.2057
GOOGL,BMO Capital,2024-04-10,156.1400,185.0000,157.1400,True,False,15.0595
GOOGL,JMP Securities,2024-04-10,156.1400,160.0000,157.1400,True,False,1.7875
GOOGL,Citigroup,2024-04-10,156.1400,168.0000,157.1400,True,False,6.4643
GOOGL,UBS,2024-04-16,154.4000,166.0000,151.1600,True,False,8.9398
GOOGL,Canaccord Genuity,2024-04-17,155.4700,190.0000,147.6700,True,False,22.2789
GOOGL,Truist Securities,2024-04-17,155.4700,170.0000,147.6700,True,False,13.1353
GOOGL,Jefferies,2024-04-19,154.0900,180.0000,155.3500,True,False,13.6944
GOOGL,Keybanc,2024-04-22,156.2800,175.0000,159.2800,True,False,8.9829
GOOGL,Bernstein,2024-04-26,171.9500,180.0000,158.8000,True,False,11.7778
GOOGL,Wolfe Research,2024-04-26,171.9500,200.0000,158.8000,True,False,20.6000
GOOGL,Barclays,2024-04-26,171.9500,200.0000,158.8000,True,False,20.6000
GOOGL,Citigroup,2024-04-26,171.9500,190.0000,158.8000,True,False,16.4211
GOOGL,Needham,2024-04-26,171.9500,210.0000,158.8000,True,False,24.3810
GOOGL,Mizuho,2024-04-26,171.9500,190.0000,158.8000,True,False,16.4211
GOOGL,Rosenblatt,2024-04-26,171.9500,182.0000,158.8000,True,False,12.7473
GOOGL,Wells Fargo,2024-04-26,171.9500,168.0000,158.8000,False,True,5.4762
GOOGL,Canaccord Genuity,2024-04-26,171.9500,210.0000,158.8000,True,False,24.3810
GOOGL,Baird,2024-04-26,171.9500,200.0000,158.8000,True,False,20.6000
GOOGL,Evercore ISI Group,2024-04-26,171.9500,220.0000,158.8000,True,False,27.8182
GOOGL,JMP Securities,2024-04-26,171.9500,200.0000,158.8000,True,False,20.6000
GOOGL,Morgan Stanley,2024-04-26,171.9500,195.0000,158.8000,True,False,18.5641
GOOGL,Wedbush,2024-04-26,171.9500,205.0000,158.8000,True,False,22.5366
GOOGL,Jefferies,2024-04-26,171.9500,200.0000,158.8000,True,False,20.6000
GOOGL,JP Morgan,2024-04-26,171.9500,200.0000,158.8000,True,False,20.6000
GOOGL,Piper Sandler,2024-04-26,171.9500,200.0000,158.8000,True,False,20.6000
GOOGL,Stifel,2024-04-26,171.9500,196.0000,158.8000,True,False,18.9796
GOOGL,Truist Securities,2024-04-26,171.9500,190.0000,158.8000,True,False,16.4211
GOOGL,RBC Capital,2024-04-26,171.9500,200.0000,158.8000,True,False,20.6000
GOOGL,Roth MKM,2024-04-26,171.9500,202.0000,158.8000,True,False,21.3861
GOOGL,TD Cowen,2024-04-26,171.9500,200.0000,158.8000,True,False,20.6000
GOOGL,Raymond James,2024-04-26,171.9500,200.0000,158.8000,True,False,20.6000
GOOGL,Oppenheimer,2024-04-26,171.9500,205.0000,158.8000,True,False,22.5366
GOOGL,BMO Capital,2024-04-26,171.9500,215.0000,158.8000,True,False,26.1395
GOOGL,Susquehanna,2024-04-29,166.1500,225.0000,161.3000,True,False,28.3111
GOOGL,Argus Research,2024-04-30,162.7800,200.0000,164.0300,True,False,17.9850
GOOGL,JMP Securities,2024-04-30,162.7800,200.0000,164.0300,True,False,17.9850
GOOGL,Loop Capital,2024-05-01,163.8600,170.0000,164.2100,True,False,3.4059
GOOGL,Stifel,2024-05-15,172.5100,196.0000,166.5400,True,False,15.0306
GOOGL,JMP Securities,2024-05-15,172.5100,200.0000,166.5400,True,False,16.7300
GOOGL,BMO Capital,2024-05-15,172.5100,215.0000,166.5400,True,False,22.5395
GOOGL,Morgan Stanley,2024-05-15,172.5100,195.0000,166.5400,True,False,14.5949
GOOGL,Tigress Financial,2024-05-24,174.9900,210.0000,171.8600,True,False,18.1619
GOOGL,Evercore ISI Group,2024-06-11,176.6200,225.0000,174.6700,True,False,22.3689
GOOGL,B of A Securities,2024-06-11,176.6200,200.0000,174.6700,True,False,12.6650
GOOGL,Jefferies,2024-06-26,183.8800,215.0000,176.2300,True,False,18.0326
GOOGL,Needham,2024-06-28,182.1500,210.0000,178.6400,True,False,14.9333
GOOGL,Rosenblatt,2024-06-28,182.1500,181.0000,178.6400,False,True,1.3039
GOOGL,Needham,2024-07-03,185.8200,210.0000,174.3600,True,False,16.9714
GOOGL,Loop Capital,2024-07-03,185.8200,170.0000,174.3600,False,False,2.5647
GOOGL,Wells Fargo,2024-07-08,189.0300,187.0000,177.6200,False,True,5.0160
GOOGL,Wolfe Research,2024-07-16,183.9200,240.0000,185.0600,True,False,22.8917
GOOGL,Argus Research,2024-07-16,183.9200,215.0000,185.0600,True,False,13.9256
GOOGL,B of A Securities,2024-07-17,181.0200,206.0000,190.1000,True,False,7.7184
GOOGL,BMO Capital,2024-07-17,181.0200,222.0000,190.1000,True,False,14.3694
GOOGL,Wedbush,2024-07-22,181.6700,205.0000,192.1700,True,False,6.2585
GOOGL,Needham,2024-07-23,181.7900,210.0000,193.1800,True,False,8.0095
GOOGL,Morgan Stanley,2024-07-23,181.7900,210.0000,193.1800,True,False,8.0095
GOOGL,Needham,2024-07-24,172.6300,210.0000,192.5800,True,False,8.2952
GOOGL,Rosenblatt,2024-07-24,172.6300,181.0000,192.5800,True,True,6.3978
GOOGL,Morgan Stanley,2024-07-24,172.6300,205.0000,192.5800,True,False,6.0585
GOOGL,Piper Sandler,2024-07-24,172.6300,206.0000,192.5800,True,False,6.5146
GOOGL,Wells Fargo,2024-07-24,172.6300,190.0000,192.5800,True,True,1.3579
GOOGL,JP Morgan,2024-07-24,172.6300,208.0000,192.5800,True,False,7.4135
GOOGL,Truist Securities,2024-07-24,172.6300,196.0000,192.5800,True,False,1.7449
GOOGL,Roth MKM,2024-07-24,172.6300,206.0000,192.5800,True,False,6.5146
GOOGL,UBS,2024-07-24,172.6300,204.0000,192.5800,True,False,5.5980
GOOGL,RBC Capital,2024-07-24,172.6300,204.0000,192.5800,True,False,5.5980
GOOGL,Citigroup,2024-07-24,172.6300,212.0000,192.5800,True,False,9.1604
GOOGL,Wedbush,2024-07-24,172.6300,205.0000,192.5800,True,False,6.0585
GOOGL,JMP Securities,2024-07-24,172.6300,200.0000,192.5800,True,False,3.7100
GOOGL,Guggenheim,2024-07-24,172.6300,205.0000,192.5800,True,False,6.0585
GOOGL,JMP Securities,2024-07-30,170.2900,200.0000,189.1300,True,False,5.4350
GOOGL,Needham,2024-07-31,171.5400,210.0000,195.0400,True,False,7.1238
GOOGL,Needham,2024-08-06,158.2900,210.0000,201.4200,True,False,4.0857
GOOGL,BMO Capital,2024-08-06,158.2900,222.0000,201.4200,True,False,9.2703
GOOGL,Needham,2024-08-14,160.3700,210.0000,203.5000,True,False,3.0952
GOOGL,Needham,2024-08-19,166.6700,210.0000,199.7500,True,False,4.8810
GOOGL,Roth MKM,2024-08-29,161.7800,206.0000,230.6600,True,True,11.9709
GOOGL,Needham,2024-08-30,163.3800,210.0000,232.3000,True,True,10.6190
GOOGL,Morgan Stanley,2024-09-03,157.3600,190.0000,235.0000,True,True,23.6842
GOOGL,Wedbush,2024-09-05,157.2400,205.0000,239.6300,True,True,16.8927
GOOGL,Cantor Fitzgerald,2024-09-05,157.2400,190.0000,239.6300,True,True,26.1211
GOOGL,Piper Sandler,2024-09-10,148.6600,200.0000,240.8000,True,True,20.4000
GOOGL,DA Davidson,2024-09-10,148.6600,170.0000,240.8000,True,True,41.6471
GOOGL,Evercore ISI Group,2024-09-16,158.0600,200.0000,252.0300,True,True,26.0150
GOOGL,BMO Capital,2024-09-16,158.0600,222.0000,252.0300,True,True,13.5270
GOOGL,JMP Securities,2024-09-16,158.0600,200.0000,252.0300,True,True,26.0150
GOOGL,Truist Securities,2024-09-16,158.0600,196.0000,252.0300,True,True,28.5867
GOOGL,Cantor Fitzgerald,2024-09-23,161.8500,190.0000,245.7900,True,True,29.3632
GOOGL,JMP Securities,2024-09-25,161.4900,200.0000,244.0500,True,True,22.0250
GOOGL,Tigress Financial,2024-09-26,162.7300,220.0000,243.1000,True,True,10.5000
GOOGL,Cantor Fitzgerald,2024-09-30,165.8500,190.0000,245.6900,True,True,29.3105
GOOGL,Piper Sandler,2024-09-30,165.8500,200.0000,245.6900,True,True,22.8450
GOOGL,Wells Fargo,2024-10-02,165.8600,182.0000,250.4300,True,True,37.5989
GOOGL,BMO Capital,2024-10-09,161.8600,215.0000,244.1500,True,True,13.5581
GOOGL,Cantor Fitzgerald,2024-10-09,161.8600,190.0000,244.1500,True,True,28.5000
GOOGL,Needham,2024-10-15,165.4600,210.0000,253.3000,True,True,20.6190
GOOGL,Truist Securities,2024-10-16,165.1600,220.0000,256.5500,True,True,16.6136
GOOGL,Wedbush,2024-10-24,162.7200,205.0000,267.4700,True,True,30.4732
GOOGL,Needham,2024-10-30,174.4600,210.0000,283.7200,True,True,35.1048
GOOGL,B of A Securities,2024-10-30,174.4600,210.0000,283.7200,True,True,35.1048
GOOGL,Morgan Stanley,2024-10-30,174.4600,205.0000,283.7200,True,True,38.4000
GOOGL,BMO Capital,2024-10-30,174.4600,217.0000,283.7200,True,True,30.7465
GOOGL,Evercore ISI Group,2024-10-30,174.4600,205.0000,283.7200,True,True,38.4000
GOOGL,Wells Fargo,2024-10-30,174.4600,187.0000,283.7200,True,True,51.7219
GOOGL,Truist Securities,2024-10-30,174.4600,225.0000,283.7200,True,True,26.0978
GOOGL,RBC Capital,2024-10-30,174.4600,210.0000,283.7200,True,True,35.1048
GOOGL,Piper Sandler,2024-10-30,174.4600,210.0000,283.7200,True,True,35.1048
GOOGL,Keybanc,2024-10-30,174.4600,215.0000,283.7200,True,True,31.9628
GOOGL,Roth MKM,2024-10-30,174.4600,212.0000,283.7200,True,True,33.8302
GOOGL,Cantor Fitzgerald,2024-10-30,174.4600,190.0000,283.7200,True,True,49.3263
GOOGL,JMP Securities,2024-10-30,174.4600,220.0000,283.7200,True,True,28.9636
GOOGL,Bernstein,2024-10-30,174.4600,185.0000,283.7200,True,True,53.3622
GOOGL,Pivotal Research,2024-10-30,174.4600,225.0000,283.7200,True,True,26.0978
GOOGL,Loop Capital,2024-11-06,176.5100,185.0000,290.1000,True,True,56.8108
GOOGL,Baird,2024-12-10,185.1700,205.0000,309.2900,True,True,50.8732
GOOGL,Goldman Sachs,2024-12-12,191.9600,210.0000,306.5700,True,True,45.9857
GOOGL,JP Morgan,2024-12-18,188.4000,232.0000,309.7800,True,True,33.5259
GOOGL,B of A Securities,2024-12-23,194.6300,210.0000,313.5100,True,True,49.2905
GOOGL,JMP Securities,2025-01-02,189.4300,220.0000,314.3400,True,True,42.8818
GOOGL,Wolfe Research,2025-01-03,191.7900,230.0000,321.9800,True,True,39.9913
GOOGL,Wedbush,2025-01-06,196.8700,220.0000,325.4400,True,True,47.9273
GOOGL,Cantor Fitzgerald,2025-01-07,195.4900,215.0000,328.5700,True,True,52.8233
GOOGL,Keybanc,2025-01-10,192.0400,225.0000,335.9700,True,True,49.3200
GOOGL,Wells Fargo,2025-01-13,191.0100,190.0000,335.8400,False,False,76.7579
GOOGL,Stifel,2025-01-13,191.0100,225.0000,335.8400,True,True,49.2622
GOOGL,Morgan Stanley,2025-01-13,191.0100,215.0000,335.8400,True,True,56.2046
GOOGL,BMO Capital,2025-01-17,196.0000,230.0000,328.3800,True,True,42.7739
GOOGL,Cantor Fitzgerald,2025-01-22,198.3700,210.0000,327.9300,True,True,56.1571
GOOGL,DA Davidson,2025-01-24,200.2100,200.0000,334.5500,False,False,67.2750
GOOGL,Needham,2025-01-27,191.8100,225.0000,336.0100,True,True,49.3378
GOOGL,Oppenheimer,2025-01-30,200.8700,225.0000,343.6900,True,True,52.7511
GOOGL,Rosenblatt,2025-02-05,191.3300,205.0000,322.8600,True,True,57.4927
GOOGL,Needham,2025-02-05,191.3300,225.0000,322.8600,True,True,43.4933
GOOGL,Keybanc,2025-02-05,191.3300,220.0000,322.8600,True,True,46.7545
GOOGL,UBS,2025-02-05,191.3300,209.0000,322.8600,True,True,54.4785
GOOGL,Raymond James,2025-02-05,191.3300,205.0000,322.8600,True,True,57.4927
GOOGL,Morgan Stanley,2025-02-05,191.3300,210.0000,322.8600,True,True,53.7429
GOOGL,Truist Securities,2025-02-05,191.3300,220.0000,322.8600,True,True,46.7545
GOOGL,Citigroup,2025-02-05,191.3300,229.0000,322.8600,True,True,40.9869
GOOGL,JP Morgan,2025-02-05,191.3300,220.0000,322.8600,True,True,46.7545
GOOGL,Piper Sandler,2025-02-05,191.3300,208.0000,322.8600,True,True,55.2211
GOOGL,Keybanc,2025-03-18,160.6700,202.0000,307.1300,True,True,52.0446
GOOGL,Rosenblatt,2025-03-19,163.8900,205.0000,301.0000,True,True,46.8293
GOOGL,Roth MKM,2025-03-19,163.8900,220.0000,301.0000,True,True,36.8182
GOOGL,Cantor Fitzgerald,2025-03-19,163.8900,200.0000,301.0000,True,True,50.5000
GOOGL,Jefferies,2025-03-31,154.6400,200.0000,297.3900,True,True,48.6950
GOOGL,Wells Fargo,2025-03-31,154.6400,167.0000,297.3900,True,True,78.0779
GOOGL,JP Morgan,2025-04-08,144.7000,180.0000,317.2400,True,True,76.2444
GOOGL,B of A Securities,2025-04-09,158.7100,185.0000,321.3100,True,True,73.6811
GOOGL,Mizuho,2025-04-09,158.7100,205.0000,321.3100,True,True,56.7366
GOOGL,Piper Sandler,2025-04-10,152.8200,185.0000,332.9100,True,True,79.9514
GOOGL,Oppenheimer,2025-04-10,152.8200,185.0000,332.9100,True,True,79.9514
GOOGL,Citigroup,2025-04-10,152.8200,195.0000,332.9100,True,True,70.7231
GOOGL,Needham,2025-04-11,157.1400,178.0000,337.1200,True,True,89.3933
GOOGL,DA Davidson,2025-04-14,159.0700,160.0000,336.0200,True,True,110.0125
GOOGL,Wedbush,2025-04-15,156.3100,190.0000,341.6800,True,True,79.8316
GOOGL,Needham,2025-04-16,153.3300,178.0000,337.4200,True,True,89.5618
GOOGL,Cantor Fitzgerald,2025-04-16,153.3300,159.0000,337.4200,True,True,112.2138
GOOGL,Truist Securities,2025-04-17,151.1600,200.0000,332.2900,True,True,66.1450
GOOGL,BMO Capital,2025-04-17,151.1600,200.0000,332.2900,True,True,66.1450
GOOGL,Morgan Stanley,2025-04-17,151.1600,185.0000,332.2900,True,True,79.6162
GOOGL,RBC Capital,2025-04-23,155.3500,200.0000,344.4000,True,True,72.2000
GOOGL,Stifel,2025-04-23,155.3500,192.0000,344.4000,True,True,79.3750
GOOGL,Rosenblatt,2025-04-25,161.9600,189.0000,349.7800,True,True,85.0688
GOOGL,Wells Fargo,2025-04-25,161.9600,175.0000,349.7800,True,True,99.8743
GOOGL,B of A Securities,2025-04-25,161.9600,200.0000,349.7800,True,True,74.8900
GOOGL,Needham,2025-04-25,161.9600,178.0000,349.7800,True,True,96.5056
GOOGL,Oppenheimer,2025-04-25,161.9600,200.0000,349.7800,True,True,74.8900
GOOGL,Piper Sandler,2025-04-25,161.9600,195.0000,349.7800,True,True,79.3744
GOOGL,Citigroup,2025-04-25,161.9600,200.0000,349.7800,True,True,74.8900
GOOGL,Bernstein,2025-04-25,161.9600,185.0000,349.7800,True,True,89.0703
GOOGL,UBS,2025-04-25,161.9600,186.0000,349.7800,True,True,88.0538
GOOGL,Keybanc,2025-04-25,161.9600,195.0000,349.7800,True,True,79.3744
GOOGL,Susquehanna,2025-04-25,161.9600,220.0000,349.7800,True,True,58.9909
GOOGL,Tigress Financial,2025-04-30,158.8000,240.0000,385.6900,True,True,60.7042
GOOGL,WestPark Capital,2025-05-08,154.2800,210.0000,388.6400,True,True,85.0667
GOOGL,Rosenblatt,2025-05-21,168.5600,189.0000,382.9700,True,True,102.6296
GOOGL,Citigroup,2025-06-24,166.7700,203.0000,343.7100,True,True,69.3153
GOOGL,Cantor Fitzgerald,2025-06-25,170.6800,171.0000,337.3900,True,True,97.3041
GOOGL,JMP Securities,2025-06-27,178.5300,220.0000,357.3700,True,True,62.4409
GOOGL,Truist Securities,2025-07-02,178.6400,200.0000,366.4600,True,True,83.2300
GOOGL,Wells Fargo,2025-07-08,174.3600,177.0000,358.8900,True,True,102.7627
GOOGL,Roth Capital,2025-07-08,174.3600,205.0000,358.8900,True,True,75.0683
GOOGL,BMO Capital,2025-07-15,182.0000,208.0000,354.4600,True,True,70.4135
GOOGL,Needham,2025-07-16,182.9700,210.0000,346.7700,True,True,65.1286
GOOGL,Cantor Fitzgerald,2025-07-16,182.9700,196.0000,346.7700,True,True,76.9235
GOOGL,UBS,2025-07-16,182.9700,192.0000,346.7700,True,True,80.6094
GOOGL,Keybanc,2025-07-17,183.5800,215.0000,351.9900,True,True,63.7163
GOOGL,B of A Securities,2025-07-18,185.0600,210.0000,347.1500,True,True,65.3095
GOOGL,Morgan Stanley,2025-07-21,190.1000,205.0000,342.0900,True,True,66.8732
GOOGL,Stifel,2025-07-22,191.3400,218.0000,317.6900,True,True,45.7294
GOOGL,Bernstein,2025-07-22,191.3400,195.0000,317.6900,True,True,62.9179
GOOGL,Guggenheim,2025-07-23,190.2300,210.0000,319.7400,True,True,52.2571
GOOGL,Needham,2025-07-24,192.1700,220.0000,326.5600,True,True,48.4364
GOOGL,JMP Securities,2025-07-24,192.1700,225.0000,326.5600,True,True,45.1378
GOOGL,WestPark Capital,2025-07-24,192.1700,220.0000,326.5600,True,True,48.4364
GOOGL,Rosenblatt,2025-07-24,192.1700,191.0000,326.5600,False,False,70.9738
GOOGL,Stifel,2025-07-24,192.1700,222.0000,326.5600,True,True,47.0991
GOOGL,B of A Securities,2025-07-24,192.1700,217.0000,326.5600,True,True,50.4885
GOOGL,Barclays,2025-07-24,192.1700,235.0000,326.5600,True,True,38.9617
GOOGL,Morgan Stanley,2025-07-24,192.1700,210.0000,326.5600,True,True,55.5048
GOOGL,Keybanc,2025-07-24,192.1700,230.0000,326.5600,True,True,41.9826
GOOGL,Cantor Fitzgerald,2025-07-24,192.1700,201.0000,326.5600,True,True,62.4677
GOOGL,Susquehanna,2025-07-24,192.1700,225.0000,326.5600,True,True,45.1378
GOOGL,Wells Fargo,2025-07-24,192.1700,184.0000,326.5600,False,False,77.4783
GOOGL,Wedbush,2025-07-24,192.1700,225.0000,326.5600,True,True,45.1378
GOOGL,Roth Capital,2025-07-24,192.1700,210.0000,326.5600,True,True,55.5048
GOOGL,JP Morgan,2025-07-24,192.1700,232.0000,326.5600,True,True,40.7586
GOOGL,BMO Capital,2025-07-24,192.1700,225.0000,326.5600,True,True,45.1378
GOOGL,UBS,2025-07-24,192.1700,202.0000,326.5600,True,True,61.6634
GOOGL,Citigroup,2025-07-24,192.1700,225.0000,326.5600,True,True,45.1378
GOOGL,Piper Sandler,2025-07-24,192.1700,220.0000,326.5600,True,True,48.4364
GOOGL,DA Davidson,2025-07-24,192.1700,180.0000,326.5600,False,False,81.4222
GOOGL,Wells Fargo,2025-07-29,195.7500,187.0000,333.6600,False,False,78.4278
GOOGL,Loop Capital,2025-08-05,194.6700,190.0000,357.7500,False,False,88.2895
GOOGL,Needham,2025-08-21,199.7500,220.0000,348.0600,True,True,58.2091
GOOGL,DA Davidson,2025-09-02,211.3500,190.0000,337.1200,False,False,77.4316
GOOGL,Wedbush,2025-09-03,230.6600,245.0000,342.4800,True,True,39.7878
GOOGL,Rosenblatt,2025-09-03,230.6600,224.0000,342.4800,False,False,52.8929
GOOGL,Needham,2025-09-03,230.6600,260.0000,342.4800,True,True,31.7231
GOOGL,JMP Securities,2025-09-03,230.6600,250.0000,342.4800,True,True,36.9920
GOOGL,Keybanc,2025-09-03,230.6600,265.0000,342.4800,True,True,29.2377
GOOGL,RBC Capital,2025-09-03,230.6600,260.0000,342.4800,True,True,31.7231
GOOGL,Barclays,2025-09-03,230.6600,250.0000,342.4800,True,True,36.9920
GOOGL,Oppenheimer,2025-09-03,230.6600,270.0000,342.4800,True,True,26.8444
GOOGL,Canaccord Genuity,2025-09-04,232.3000,270.0000,338.4600,True,True,25.3556
GOOGL,Tigress Financial,2025-09-05,235.0000,280.0000,338.3600,True,True,20.8429
GOOGL,Evercore ISI Group,2025-09-08,234.0400,300.0000,330.6500,True,True,10.2167
GOOGL,Citigroup,2025-09-15,251.6100,280.0000,342.8700,True,True,22.4536
GOOGL,Piper Sandler,2025-09-18,252.0300,285.0000,354.9700,True,True,24.5509
GOOGL,JMP Securities,2025-09-19,254.7200,290.0000,351.1600,True,True,21.0897
GOOGL,Truist Securities,2025-09-22,252.5300,285.0000,337.8300,True,True,18.5368
GOOGL,Baird,2025-09-22,252.5300,275.0000,337.8300,True,True,22.8473
GOOGL,Cantor Fitzgerald,2025-09-24,247.1400,201.0000,343.9200,False,False,71.1045
GOOGL,MoffettNathanson,2025-09-25,245.7900,295.0000,342.7500,True,True,16.1864
META,Argus Research,2021-05-03,322.5800,385.0000,211.1300,True,False,45.1610
META,Morgan Stanley,2022-01-19,319.5900,395.0000,139.3700,True,False,64.7165
META,RBC Capital,2022-01-26,294.6300,400.0000,151.7400,True,False,62.0650
META,Keybanc,2022-02-03,237.7600,280.0000,186.0600,True,False,33.5500
META,Raymond James,2022-02-03,237.7600,340.0000,186.0600,True,False,45.2765
META,BMO Capital,2022-02-03,237.7600,290.0000,186.0600,True,False,35.8414
META,Mizuho,2022-02-03,237.7600,425.0000,186.0600,True,False,56.2212
META,JMP Securities,2022-02-03,237.7600,350.0000,186.0600,True,False,46.8400
META,Barclays,2022-02-03,237.7600,350.0000,186.0600,True,False,46.8400
META,Goldman Sachs,2022-02-03,237.7600,355.0000,186.0600,True,False,47.5887
META,Piper Sandler,2022-02-03,237.7600,301.0000,186.0600,True,False,38.1860
META,Truist Securities,2022-02-03,237.7600,350.0000,186.0600,True,False,46.8400
META,UBS,2022-02-03,237.7600,280.0000,186.0600,True,False,33.5500
META,JP Morgan,2022-02-03,237.7600,284.0000,186.0600,True,False,34.4859
META,Morgan Stanley,2022-02-03,237.7600,360.0000,186.0600,True,False,48.3167
META,Credit Suisse,2022-02-03,237.7600,336.0000,186.0600,True,False,44.6250
META,Loop Capital,2022-02-03,237.7600,230.0000,186.0600,False,True,19.1043
META,DZ Bank,2022-02-04,237.0900,225.0000,191.6200,False,True,14.8356
META,China Renaissance,2022-02-04,237.0900,280.0000,191.6200,True,False,31.5643
META,Rosenblatt,2022-02-04,237.0900,300.0000,191.6200,True,False,36.1267
META,KGI Securities,2022-02-08,220.1800,270.0000,177.9200,True,False,34.1037
META,Morgan Stanley,2022-03-02,208.1100,325.0000,185.2500,True,False,43.0000
META,Piper Sandler,2022-03-08,190.2900,240.0000,181.6900,True,False,24.2958
META,Deutsche Bank,2022-03-11,187.6100,265.0000,194.0200,True,False,26.7849
META,UBS,2022-04-05,231.8400,300.0000,216.1000,True,False,27.9667
META,RBC Capital,2022-04-13,214.9900,240.0000,218.8600,True,False,8.8083
META,Rosenblatt,2022-04-19,217.3100,228.0000,213.0700,True,False,6.5482
META,JMP Securities,2022-04-19,217.3100,265.0000,213.0700,True,False,19.5962
META,Citigroup,2022-04-20,200.4200,300.0000,212.8900,True,False,29.0367
META,Credit Suisse,2022-04-21,188.0700,272.0000,212.7900,True,False,21.7684
META,Mizuho,2022-04-25,186.9900,325.0000,209.4000,True,False,35.5692
META,Piper Sandler,2022-04-28,205.7300,230.0000,243.1800,True,True,5.7304
META,Morgan Stanley,2022-04-28,205.7300,330.0000,243.1800,True,False,26.3091
META,Raymond James,2022-04-28,205.7300,290.0000,243.1800,True,False,16.1448
META,Susquehanna,2022-04-28,205.7300,290.0000,243.1800,True,False,16.1448
META,BMO Capital,2022-04-28,205.7300,222.0000,243.1800,True,True,9.5405
META,Truist Securities,2022-04-28,205.7300,320.0000,243.1800,True,False,24.0063
META,Credit Suisse,2022-04-28,205.7300,273.0000,243.1800,True,False,10.9231
META,Wedbush,2022-04-28,205.7300,220.0000,243.1800,True,True,10.5364
META,Rosenblatt,2022-04-28,205.7300,212.0000,243.1800,True,True,14.7075
META,Canaccord Genuity,2022-04-28,205.7300,330.0000,243.1800,True,False,26.3091
META,Evercore ISI Group,2022-04-28,205.7300,325.0000,243.1800,True,False,25.1754
META,Guggenheim,2022-05-18,192.2400,250.0000,245.6400,True,False,1.7440
META,Jefferies,2022-05-24,181.2800,310.0000,252.6900,True,False,18.4871
META,Morgan Stanley,2022-06-01,188.6400,300.0000,272.6100,True,False,9.1300
META,Piper Sandler,2022-06-02,198.8600,220.0000,271.3900,True,True,23.3591
META,Goldman Sachs,2022-06-10,175.5700,290.0000,271.3200,True,False,6.4414
META,UBS,2022-06-16,160.8700,215.0000,284.3300,True,True,32.2465
META,JP Morgan,2022-06-29,163.9400,225.0000,286.9800,True,True,27.5467
META,JMP Securities,2022-06-30,161.2500,240.0000,286.0200,True,True,19.1750
META,Barclays,2022-07-05,168.1900,280.0000,291.9900,True,True,4.2821
META,Evercore ISI Group,2022-07-07,172.1900,280.0000,294.1000,True,True,5.0357
META,Cowen & Co.,2022-07-13,163.4900,275.0000,308.8700,True,True,12.3164
META,Citigroup,2022-07-14,158.0500,270.0000,310.6200,True,True,15.0444
META,Credit Suisse,2022-07-19,175.7800,245.0000,302.5200,True,True,23.4775
META,Morgan Stanley,2022-07-19,175.7800,280.0000,302.5200,True,True,8.0429
META,Deutsche Bank,2022-07-21,183.1700,235.0000,291.6100,True,True,24.0894
META,Rosenblatt,2022-07-25,166.6500,181.0000,298.5700,True,True,64.9558
META,Mizuho,2022-07-25,166.6500,250.0000,298.5700,True,True,19.4280
META,Keybanc,2022-07-26,159.1500,190.0000,311.7100,True,True,64.0579
META,Keybanc,2022-07-28,160.7200,196.0000,318.6000,True,True,62.5510
META,Piper Sandler,2022-07-28,160.7200,190.0000,318.6000,True,True,67.6842
META,Oppenheimer,2022-07-28,160.7200,190.0000,318.6000,True,True,67.6842
META,Citigroup,2022-07-28,160.7200,222.0000,318.6000,True,True,43.5135
META,Raymond James,2022-07-28,160.7200,215.0000,318.6000,True,True,48.1860
META,JMP Securities,2022-07-28,160.7200,215.0000,318.6000,True,True,48.1860
META,Credit Suisse,2022-07-28,160.7200,214.0000,318.6000,True,True,48.8785
META,Mizuho,2022-07-28,160.7200,225.0000,318.6000,True,True,41.6000
META,JP Morgan,2022-07-28,160.7200,200.0000,318.6000,True,True,59.3000
META,Wolfe Research,2022-07-28,160.7200,200.0000,318.6000,True,True,59.3000
META,Goldman Sachs,2022-07-28,160.7200,255.0000,318.6000,True,True,24.9412
META,Rosenblatt,2022-07-28,160.7200,156.0000,318.6000,False,False,104.2308
META,Barclays,2022-07-28,160.7200,250.0000,318.6000,True,True,27.4400
META,Wells Fargo,2022-07-28,160.7200,275.0000,318.6000,True,True,15.8545
META,Deutsche Bank,2022-07-28,160.7200,200.0000,318.6000,True,True,59.3000
META,B of A Securities,2022-07-28,160.7200,218.0000,318.6000,True,True,46.1468
META,Truist Securities,2022-07-28,160.7200,260.0000,318.6000,True,True,22.5385
META,Stifel,2022-07-28,160.7200,230.0000,318.6000,True,True,38.5217
META,MKM Partners,2022-07-28,160.7200,240.0000,318.6000,True,True,32.7500
META,Evercore ISI Group,2022-07-28,160.7200,240.0000,318.6000,True,True,32.7500
META,UBS,2022-07-28,160.7200,195.0000,318.6000,True,True,63.3846
META,RBC Capital,2022-07-28,160.7200,190.0000,318.6000,True,True,67.6842
META,DZ Bank,2022-07-29,159.1000,140.0000,322.7100,False,False,130.5071
META,Morgan Stanley,2022-08-19,167.9600,225.0000,287.6000,True,True,27.8222
META,Loop Capital,2022-08-22,163.0500,165.0000,294.2400,True,True,78.3273
META,Rosenblatt,2022-09-07,160.3900,154.0000,297.8900,False,False,93.4351
META,Piper Sandler,2022-09-12,168.9600,175.0000,305.0600,True,True,74.3200
META,Truist Securities,2022-09-28,141.6100,240.0000,300.2100,True,True,25.0875
META,B of A Securities,2022-10-04,140.2800,196.0000,304.7900,True,True,55.5051
META,Goldman Sachs,2022-10-06,139.0700,200.0000,318.3600,True,True,59.1800
META,Morgan Stanley,2022-10-10,133.7900,205.0000,327.8200,True,True,59.9122
META,Atlantic Equities,2022-10-11,128.5400,160.0000,324.1600,True,True,102.6000
META,Credit Suisse,2022-10-11,128.5400,174.0000,324.1600,True,True,86.2989
META,Cowen & Co.,2022-10-13,130.2900,205.0000,321.1500,True,True,56.6585
META,MKM Partners,2022-10-19,133.2300,195.0000,308.6500,True,True,58.2820
META,JP Morgan,2022-10-21,130.0100,180.0000,312.5500,True,True,73.6389
META,Deutsche Bank,2022-10-21,130.0100,170.0000,312.5500,True,True,83.8529
META,B of A Securities,2022-10-24,129.7200,150.0000,299.5300,True,True,99.6867
META,Mizuho,2022-10-24,129.7200,180.0000,299.5300,True,True,66.4056
META,Keybanc,2022-10-25,137.5100,175.0000,288.3500,True,True,64.7714
META,Jefferies,2022-10-25,137.5100,200.0000,288.3500,True,True,44.1750
META,Cowen & Co.,2022-10-27,97.9400,135.0000,302.6600,True,True,124.1926
META,Morgan Stanley,2022-10-27,97.9400,105.0000,302.6600,True,True,188.2476
META,Piper Sandler,2022-10-27,97.9400,116.0000,302.6600,True,True,160.9138
META,Barclays,2022-10-27,97.9400,165.0000,302.6600,True,True,83.4303
META,Mizuho,2022-10-27,97.9400,160.0000,302.6600,True,True,89.1625
META,Wolfe Research,2022-10-27,97.9400,140.0000,302.6600,True,True,116.1857
META,Credit Suisse,2022-10-27,97.9400,145.0000,302.6600,True,True,108.7310
META,Bernstein,2022-10-27,97.9400,135.0000,302.6600,True,True,124.1926
META,Oppenheimer,2022-10-27,97.9400,140.0000,302.6600,True,True,116.1857
META,JMP Securities,2022-10-27,97.9400,150.0000,302.6600,True,True,101.7733
META,Rosenblatt,2022-10-27,97.9400,114.0000,302.6600,True,True,165.4912
META,Citigroup,2022-10-27,97.9400,168.0000,302.6600,True,True,80.1548
META,Raymond James,2022-10-27,97.9400,171.0000,302.6600,True,True,76.9942
META,Guggenheim,2022-10-27,97.9400,125.0000,302.6600,True,True,142.1280
META,UBS,2022-10-27,97.9400,121.0000,302.6600,True,True,150.1322
META,B of A Securities,2022-10-27,97.9400,136.0000,302.6600,True,True,122.5441
META,JP Morgan,2022-10-27,97.9400,115.0000,302.6600,True,True,163.1826
META,Truist Securities,2022-10-27,97.9400,160.0000,302.6600,True,True,89.1625
META,Canaccord Genuity,2022-10-27,97.9400,200.0000,302.6600,True,True,51.3300
META,Deutsche Bank,2022-10-27,97.9400,125.0000,302.6600,True,True,142.1280
META,Stifel,2022-10-27,97.9400,185.0000,302.6600,True,True,63.6000
META,MKM Partners,2022-10-27,97.9400,140.0000,302.6600,True,True,116.1857
META,Goldman Sachs,2022-10-27,97.9400,165.0000,302.6600,True,True,83.4303
META,Tigress Financial,2022-11-02,90.5400,260.0000,314.6000,True,True,21.0000
META,Rosenblatt,2022-11-10,111.8700,104.0000,329.1900,False,False,216.5288
META,Oppenheimer,2022-11-14,114.2200,145.0000,332.7100,True,True,129.4552
META,Morgan Stanley,2022-11-15,117.0800,100.0000,334.1900,False,False,234.1900
META,JP Morgan,2022-12-16,119.4300,150.0000,350.3600,True,True,133.5733
META,New Street Research,2023-01-04,127.3700,145.0000,351.9500,True,True,142.7241
META,Mizuho,2023-01-05,126.9400,170.0000,358.6600,True,True,110.9765
META,Morgan Stanley,2023-01-18,133.0200,130.0000,383.4500,False,False,194.9615
META,MKM Partners,2023-01-20,139.3700,155.0000,385.2000,True,True,148.5161
META,Credit Suisse,2023-01-25,141.5000,180.0000,394.1400,True,True,118.9667
META,Piper Sandler,2023-01-26,147.3000,136.0000,401.0200,False,False,194.8676
META,LightShed Partners,2023-01-31,148.9700,200.0000,394.7800,True,True,97.3900
META,Piper Sandler,2023-02-02,188.7700,215.0000,459.4100,True,True,113.6791
META,Wolfe Research,2023-02-02,188.7700,220.0000,459.4100,True,True,108.8227
META,Evercore ISI Group,2023-02-02,188.7700,275.0000,459.4100,True,True,67.0582
META,Stifel,2023-02-02,188.7700,210.0000,459.4100,True,True,118.7667
META,Bernstein,2023-02-02,188.7700,210.0000,459.4100,True,True,118.7667
META,Raymond James,2023-02-02,188.7700,220.0000,459.4100,True,True,108.8227
META,B of A Securities,2023-02-02,188.7700,220.0000,459.4100,True,True,108.8227
META,Barclays,2023-02-02,188.7700,260.0000,459.4100,True,True,76.6962
META,UBS,2023-02-02,188.7700,235.0000,459.4100,True,True,95.4936
META,JP Morgan,2023-02-02,188.7700,225.0000,459.4100,True,True,104.1822
META,Mizuho,2023-02-02,188.7700,210.0000,459.4100,True,True,118.7667
META,Rosenblatt,2023-02-02,188.7700,220.0000,459.4100,True,True,108.8227
META,Credit Suisse,2023-02-02,188.7700,220.0000,459.4100,True,True,108.8227
META,Baird,2023-02-02,188.7700,205.0000,459.4100,True,True,124.1024
META,Morgan Stanley,2023-02-02,188.7700,190.0000,459.4100,True,True,141.7947
META,Oppenheimer,2023-02-02,188.7700,220.0000,459.4100,True,True,108.8227
META,JMP Securities,2023-02-02,188.7700,210.0000,459.4100,True,True,118.7667
META,Canaccord Genuity,2023-02-02,188.7700,220.0000,459.4100,True,True,108.8227
META,Wells Fargo,2023-02-02,188.7700,250.0000,459.4100,True,True,83.7640
META,Truist Securities,2023-02-02,188.7700,215.0000,459.4100,True,True,113.6791
META,Cowen & Co.,2023-02-02,188.7700,175.0000,459.4100,False,False,162.5200
META,Susquehanna,2023-02-02,188.7700,225.0000,459.4100,True,True,104.1822
META,Jefferies,2023-02-02,188.7700,225.0000,459.4100,True,True,104.1822
META,Guggenheim,2023-02-02,188.7700,210.0000,459.4100,True,True,118.7667
META,RBC Capital,2023-02-02,188.7700,225.0000,459.4100,True,True,104.1822
META,Deutsche Bank,2023-02-02,188.7700,200.0000,459.4100,True,True,129.7050
META,HSBC,2023-02-03,186.5300,110.0000,454.7200,False,False,313.3818
META,Citigroup,2023-02-03,186.5300,228.0000,454.7200,True,True,99.4386
META,Loop Capital,2023-02-08,183.4300,188.0000,468.1100,True,True,148.9947
META,Tigress Financial,2023-02-10,174.1500,285.0000,460.1200,True,True,61.4456
META,Oppenheimer,2023-03-09,181.6900,235.0000,483.5900,True,True,105.7830
META,Evercore ISI Group,2023-03-14,194.0200,305.0000,491.8300,True,True,61.2557
META,Oppenheimer,2023-03-15,197.7500,260.0000,484.1000,True,True,86.1923
META,Citigroup,2023-03-15,197.7500,260.0000,484.1000,True,True,86.1923
META,Raymond James,2023-03-15,197.7500,238.0000,484.1000,True,True,103.4034
META,Wolfe Research,2023-03-15,197.7500,230.0000,484.1000,True,True,110.4783
META,JMP Securities,2023-03-16,204.9300,240.0000,496.9800,True,True,107.0750
META,Morgan Stanley,2023-03-21,202.1600,250.0000,507.7600,True,True,103.1040
META,Keybanc,2023-03-22,199.8100,240.0000,509.5800,True,True,112.3250
META,Barclays,2023-03-24,206.0100,270.0000,495.8900,True,True,83.6630
META,JP Morgan,2023-03-24,206.0100,270.0000,495.8900,True,True,83.6630
META,Guggenheim,2023-03-27,202.8400,240.0000,493.8600,True,True,105.7750
META,Credit Suisse,2023-03-30,207.8400,251.0000,497.3700,True,True,98.1554
META,Jefferies,2023-04-05,211.4800,250.0000,519.2500,True,True,107.7000
META,UBS,2023-04-06,216.1000,280.0000,516.9000,True,True,84.6072
META,Argus Research,2023-04-06,216.1000,270.0000,516.9000,True,True,91.4445
META,Goldman Sachs,2023-04-13,220.3500,245.0000,500.2300,True,True,104.1755
META,Piper Sandler,2023-04-13,220.3500,250.0000,500.2300,True,True,100.0920
META,TD Cowen,2023-04-14,221.4900,195.0000,499.7600,False,False,156.2872
META,New Street Research,2023-04-17,218.8600,220.0000,494.1700,True,True,124.6227
META,B of A Securities,2023-04-19,215.7000,250.0000,481.0700,True,True,92.4280
META,Wolfe Research,2023-04-19,215.7000,260.0000,481.0700,True,True,85.0269
META,RBC Capital,2023-04-21,212.8900,225.0000,496.1000,True,True,120.4889
META,Keybanc,2023-04-27,238.5600,280.0000,432.6200,True,True,54.5071
META,Piper Sandler,2023-04-27,238.5600,270.0000,432.6200,True,True,60.2296
META,Goldman Sachs,2023-04-27,238.5600,300.0000,432.6200,True,True,44.2067
META,Evercore ISI Group,2023-04-27,238.5600,350.0000,432.6200,True,True,23.6057
META,Wolfe Research,2023-04-27,238.5600,300.0000,432.6200,True,True,44.2067
META,Barclays,2023-04-27,238.5600,320.0000,432.6200,True,True,35.1937
META,Raymond James,2023-04-27,238.5600,287.0000,432.6200,True,True,50.7387
META,Stifel,2023-04-27,238.5600,280.0000,432.6200,True,True,54.5071
META,JMP Securities,2023-04-27,238.5600,270.0000,432.6200,True,True,60.2296
META,Bernstein,2023-04-27,238.5600,275.0000,432.6200,True,True,57.3164
META,B of A Securities,2023-04-27,238.5600,300.0000,432.6200,True,True,44.2067
META,Credit Suisse,2023-04-27,238.5600,277.0000,432.6200,True,True,56.1805
META,Mizuho,2023-04-27,238.5600,280.0000,432.6200,True,True,54.5071
META,Rosenblatt,2023-04-27,238.5600,263.0000,432.6200,True,True,64.4943
META,Morgan Stanley,2023-04-27,238.5600,300.0000,432.6200,True,True,44.2067
META,JP Morgan,2023-04-27,238.5600,305.0000,432.6200,True,True,41.8426
META,Baird,2023-04-27,238.5600,260.0000,432.6200,True,True,66.3923
META,TD Cowen,2023-04-27,238.5600,220.0000,432.6200,False,False,96.6455
META,Oppenheimer,2023-04-27,238.5600,285.0000,432.6200,True,True,51.7965
META,RBC Capital,2023-04-27,238.5600,285.0000,432.6200,True,True,51.7965
META,Huber Research,2023-04-27,238.5600,290.0000,432.6200,True,True,49.1793
META,Deutsche Bank,2023-04-27,238.5600,290.0000,432.6200,True,True,49.1793
META,Guggenheim,2023-04-27,238.5600,320.0000,432.6200,True,True,35.1937
META,Truist Securities,2023-04-27,238.5600,265.0000,432.6200,True,True,63.2528
META,Roth Capital,2023-04-27,238.5600,255.0000,432.6200,True,True,69.6549
META,Citigroup,2023-04-27,238.5600,315.0000,432.6200,True,True,37.3397
META,Goldman Sachs,2023-04-28,240.3200,300.0000,430.1700,True,True,43.3900
META,Loop Capital,2023-05-15,238.8600,320.0000,481.5400,True,True,50.4813
META,Oppenheimer,2023-06-05,271.3900,350.0000,495.0600,True,True,41.4457
META,JMP Securities,2023-06-05,271.3900,300.0000,495.0600,True,True,65.0200
META,Wells Fargo,2023-06-08,264.5800,276.0000,502.6000,True,True,82.1015
META,Roth MKM,2023-06-23,288.7300,315.0000,510.6000,True,True,62.0952
META,UBS,2023-06-26,278.4700,335.0000,513.1200,True,True,53.1701
META,Citigroup,2023-06-27,287.0500,360.0000,519.5600,True,True,44.3222
META,Citigroup,2023-06-28,285.2900,360.0000,504.2200,True,True,40.0611
META,Keybanc,2023-07-06,291.9900,335.0000,529.3200,True,True,58.0060
META,Tigress Financial,2023-07-06,291.9900,380.0000,529.3200,True,True,39.2947
META,Rosenblatt,2023-07-07,290.5300,333.0000,530.0000,True,True,59.1592
META,Deutsche Bank,2023-07-12,309.3400,350.0000,498.8700,True,True,42.5343
META,TD Cowen,2023-07-13,313.4100,345.0000,496.1600,True,True,43.8145
META,Morgan Stanley,2023-07-13,313.4100,350.0000,496.1600,True,True,41.7600
META,Credit Suisse,2023-07-17,310.6200,361.0000,461.9900,True,True,27.9751
META,Goldman Sachs,2023-07-17,310.6200,335.0000,461.9900,True,True,37.9075
META,JMP Securities,2023-07-17,310.6200,350.0000,461.9900,True,True,31.9971
META,Goldman Sachs,2023-07-18,312.0500,335.0000,475.8500,True,True,42.0448
META,Truist Securities,2023-07-19,316.0100,340.0000,476.7900,True,True,40.2324
META,New Street Research,2023-07-25,294.4700,350.0000,453.4100,True,True,29.5457
META,Mizuho,2023-07-25,294.4700,350.0000,453.4100,True,True,29.5457
META,Wells Fargo,2023-07-27,311.7100,389.0000,465.7100,True,True,19.7198
META,Barclays,2023-07-27,311.7100,410.0000,465.7100,True,True,13.5878
META,Citigroup,2023-07-27,311.7100,385.0000,465.7100,True,True,20.9636
META,JMP Securities,2023-07-27,311.7100,380.0000,465.7100,True,True,22.5553
META,Credit Suisse,2023-07-27,311.7100,407.0000,465.7100,True,True,14.4251
META,Goldman Sachs,2023-07-27,311.7100,384.0000,465.7100,True,True,21.2786
META,Morgan Stanley,2023-07-27,311.7100,375.0000,465.7100,True,True,24.1893
META,UBS,2023-07-27,311.7100,400.0000,465.7100,True,True,16.4275
META,Oppenheimer,2023-07-27,311.7100,385.0000,465.7100,True,True,20.9636
META,Guggenheim,2023-07-27,311.7100,375.0000,465.7100,True,True,24.1893
META,HSBC,2023-07-27,311.7100,285.0000,465.7100,False,False,63.4070
META,RBC Capital,2023-07-27,311.7100,400.0000,465.7100,True,True,16.4275
META,Truist Securities,2023-07-27,311.7100,390.0000,465.7100,True,True,19.4128
META,China Renaissance,2023-07-28,325.4800,380.0000,463.1900,True,True,21.8921
META,JMP Securities,2023-08-01,322.7100,380.0000,497.7400,True,True,30.9842
META,Argus Research,2023-08-01,322.7100,375.0000,497.7400,True,True,32.7307
META,RBC Capital,2023-08-18,283.2500,400.0000,526.7300,True,True,31.6825
META,Loop Capital,2023-08-18,283.2500,375.0000,526.7300,True,True,40.4613
META,Wedbush,2023-08-22,287.6000,350.0000,531.9300,True,True,51.9800
META,Citigroup,2023-09-22,299.0800,385.0000,563.3300,True,True,46.3195
META,Guggenheim,2023-09-27,297.7400,380.0000,567.3600,True,True,49.3053
META,Keybanc,2023-09-28,303.9600,356.0000,572.4400,True,True,60.7978
META,JMP Securities,2023-09-28,303.9600,380.0000,572.4400,True,True,50.6421
META,Morgan Stanley,2023-09-28,303.9600,375.0000,572.4400,True,True,52.6507
META,Oppenheimer,2023-09-28,303.9600,385.0000,572.4400,True,True,48.6857
META,JP Morgan,2023-09-28,303.9600,425.0000,572.4400,True,True,34.6918
META,Truist Securities,2023-10-02,306.8200,390.0000,572.8100,True,True,46.8744
META,JP Morgan,2023-10-04,305.5800,400.0000,595.9400,True,True,48.9850
META,Wells Fargo,2023-10-09,318.3600,372.0000,590.5100,True,True,58.7392
META,Seaport Global,2023-10-24,312.5500,365.0000,567.7800,True,True,55.5562
META,Keybanc,2023-10-26,288.3500,380.0000,578.1600,True,True,52.1474
META,Rosenblatt,2023-10-26,288.3500,411.0000,578.1600,True,True,40.6715
META,Barclays,2023-10-26,288.3500,400.0000,578.1600,True,True,44.5400
META,Wells Fargo,2023-10-26,288.3500,380.0000,578.1600,True,True,52.1474
META,Wedbush,2023-10-26,288.3500,350.0000,578.1600,True,True,65.1886
META,Roth MKM,2023-10-26,288.3500,365.0000,578.1600,True,True,58.4000
META,Piper Sandler,2023-10-26,288.3500,355.0000,578.1600,True,True,62.8620
META,RBC Capital,2023-10-26,288.3500,400.0000,578.1600,True,True,44.5400
META,Truist Securities,2023-10-26,288.3500,405.0000,578.1600,True,True,42.7555
META,Stifel,2023-11-14,336.3100,405.0000,577.1600,True,True,42.5086
META,Tigress Financial,2023-11-22,341.4900,435.0000,559.1400,True,True,28.5379
META,Wedbush,2023-12-27,357.8300,420.0000,599.8100,True,True,42.8119
META,BMO Capital,2024-01-09,357.4300,397.0000,615.8600,True,True,55.1285
META,Mizuho,2024-01-10,370.4700,470.0000,608.3300,True,True,29.4319
META,Mizuho,2024-01-11,369.6700,470.0000,594.2500,True,True,26.4362
META,Piper Sandler,2024-01-17,368.3700,415.0000,612.7700,True,True,47.6554
META,JMP Securities,2024-01-19,383.4500,410.0000,623.5000,True,True,52.0732
META,RBC Capital,2024-01-22,381.7800,400.0000,636.4500,True,True,59.1125
META,Raymond James,2024-01-24,390.7000,450.0000,659.8800,True,True,46.6400
META,Jefferies,2024-01-29,401.0200,455.0000,687.0000,True,True,50.9890
META,Keybanc,2024-01-30,400.0600,465.0000,689.1800,True,True,48.2108
META,Citigroup,2024-02-02,474.9900,525.0000,704.8700,True,True,34.2610
META,Barclays,2024-02-02,474.9900,550.0000,704.8700,True,True,28.1582
META,Susquehanna,2024-02-02,474.9900,550.0000,704.8700,True,True,28.1582
META,Wedbush,2024-02-02,474.9900,520.0000,704.8700,True,True,35.5519
META,Raymond James,2024-02-02,474.9900,550.0000,704.8700,True,True,28.1582
META,Keybanc,2024-02-02,474.9900,575.0000,704.8700,True,True,22.5861
META,Goldman Sachs,2024-02-02,474.9900,500.0000,704.8700,True,True,40.9740
META,Roth MKM,2024-02-02,474.9900,500.0000,704.8700,True,True,40.9740
META,RBC Capital,2024-02-02,474.9900,565.0000,704.8700,True,True,24.7558
META,JMP Securities,2024-02-02,474.9900,500.0000,704.8700,True,True,40.9740
META,Oppenheimer,2024-02-02,474.9900,525.0000,704.8700,True,True,34.2610
META,UBS,2024-02-02,474.9900,530.0000,704.8700,True,True,32.9943
META,Stifel,2024-02-02,474.9900,527.0000,704.8700,True,True,33.7514
META,Truist Securities,2024-02-02,474.9900,525.0000,704.8700,True,True,34.2610
META,JP Morgan,2024-02-02,474.9900,535.0000,704.8700,True,True,31.7514
META,Goldman Sachs,2024-02-05,459.4100,500.0000,711.9900,True,True,42.3980
META,Tigress Financial,2024-02-09,468.1100,575.0000,725.3800,True,True,26.1530
META,Wells Fargo,2024-03-18,496.9800,609.0000,586.0000,True,False,3.7767
META,Roth MKM,2024-03-18,496.9800,500.0000,586.0000,True,True,17.2000
META,Wells Fargo,2024-04-03,506.7400,600.0000,504.7300,True,False,15.8783
META,Jefferies,2024-04-04,510.9200,585.0000,516.2500,True,False,11.7521
META,Oppenheimer,2024-04-08,519.2500,585.0000,585.7700,True,True,0.1316
META,Piper Sandler,2024-04-11,523.1600,600.0000,531.4800,True,False,11.4200
META,Goldman Sachs,2024-04-15,500.2300,555.0000,502.3100,True,False,9.4937
META,Citigroup,2024-04-15,500.2300,590.0000,502.3100,True,False,14.8627
META,Stifel,2024-04-16,499.7600,588.0000,501.4800,True,False,14.7143
META,UBS,2024-04-16,499.7600,610.0000,501.4800,True,False,17.7902
META,Canaccord Genuity,2024-04-17,494.1700,610.0000,484.6600,True,False,20.5475
META,Truist Securities,2024-04-17,494.1700,550.0000,484.6600,True,False,11.8800
META,Bernstein,2024-04-18,501.8000,590.0000,500.2800,True,False,15.2068
META,Keybanc,2024-04-22,481.7300,555.0000,533.1500,True,False,3.9369
META,JMP Securities,2024-04-22,481.7300,550.0000,533.1500,True,False,3.0636
META,Goldman Sachs,2024-04-25,441.3800,500.0000,554.4400,True,True,10.8880
META,Wolfe Research,2024-04-25,441.3800,500.0000,554.4400,True,True,10.8880
META,Baird,2024-04-25,441.3800,500.0000,554.4400,True,True,10.8880
META,Rosenblatt,2024-04-25,441.3800,562.0000,554.4400,True,False,1.3452
META,Oppenheimer,2024-04-25,441.3800,500.0000,554.4400,True,True,10.8880
META,Canaccord Genuity,2024-04-25,441.3800,575.0000,554.4400,True,False,3.5757
META,Piper Sandler,2024-04-25,441.3800,545.0000,554.4400,True,True,1.7321
META,Jefferies,2024-04-25,441.3800,540.0000,554.4400,True,True,2.6741
META,JP Morgan,2024-04-25,441.3800,480.0000,554.4400,True,True,15.5083
META,UBS,2024-04-25,441.3800,575.0000,554.4400,True,False,3.5757
META,Roth MKM,2024-04-25,441.3800,510.0000,554.4400,True,True,8.7137
META,Raymond James,2024-04-25,441.3800,525.0000,554.4400,True,True,5.6076
META,RBC Capital,2024-04-25,441.3800,570.0000,554.4400,True,False,2.7298
META,Bernstein,2024-04-25,441.3800,565.0000,554.4400,True,False,1.8690
META,JMP Securities,2024-04-25,441.3800,525.0000,554.4400,True,True,5.6076
META,Deutsche Bank,2024-04-25,441.3800,500.0000,554.4400,True,True,10.8880
META,Keybanc,2024-04-25,441.3800,475.0000,554.4400,True,True,16.7242
META,Truist Securities,2024-04-25,441.3800,535.0000,554.4400,True,True,3.6336
META,TD Cowen,2024-04-25,441.3800,530.0000,554.4400,True,True,4.6113
META,Guggenheim,2024-04-25,441.3800,500.0000,554.4400,True,True,10.8880
META,Barclays,2024-04-25,441.3800,520.0000,554.4400,True,True,6.6231
META,Citigroup,2024-04-25,441.3800,550.0000,554.4400,True,True,0.8073
META,Loop Capital,2024-05-01,439.1900,550.0000,599.2700,True,True,8.9582
META,Exane BNP Paribas,2024-05-02,441.6800,360.0000,587.3100,False,False,63.1417
META,Raymond James,2024-06-05,495.0600,550.0000,694.0600,True,True,26.1927
META,BMO Capital,2024-06-12,508.8400,450.0000,702.1200,False,False,56.0267
META,Keybanc,2024-06-20,501.7000,540.0000,712.2000,True,True,31.8889
META,Loop Capital,2024-07-03,509.9600,550.0000,720.6700,True,True,31.0309
META,Wells Fargo,2024-07-08,529.3200,625.0000,727.2400,True,True,16.3584
META,TD Cowen,2024-07-10,534.6900,600.0000,720.9200,True,True,20.1533
META,Wolfe Research,2024-07-16,489.7900,620.0000,704.2800,True,True,13.5936
META,Oppenheimer,2024-07-19,476.7900,525.0000,713.5800,True,True,35.9200
META,Bernstein,2024-07-22,487.4000,575.0000,714.8000,True,True,24.3130
META,Wedbush,2024-07-24,461.2700,570.0000,717.6300,True,True,25.9000
META,JMP Securities,2024-07-30,463.1900,525.0000,750.0100,True,True,42.8590
META,Goldman Sachs,2024-08-01,497.7400,555.0000,763.4600,True,True,37.5604
META,Oppenheimer,2024-08-01,497.7400,615.0000,763.4600,True,True,24.1398
META,B of A Securities,2024-08-01,497.7400,563.0000,763.4600,True,True,35.6057
META,Morgan Stanley,2024-08-01,497.7400,575.0000,763.4600,True,True,32.7757
META,Rosenblatt,2024-08-01,497.7400,643.0000,763.4600,True,True,18.7341
META,Jefferies,2024-08-01,497.7400,600.0000,763.4600,True,True,27.2433
META,Citigroup,2024-08-01,497.7400,580.0000,763.4600,True,True,31.6310
META,Baird,2024-08-01,497.7400,530.0000,763.4600,True,True,44.0491
META,UBS,2024-08-01,497.7400,635.0000,763.4600,True,True,20.2299
META,Wells Fargo,2024-08-01,497.7400,647.0000,763.4600,True,True,18.0000
META,Evercore ISI Group,2024-08-01,497.7400,600.0000,763.4600,True,True,27.2433
META,JP Morgan,2024-08-01,497.7400,610.0000,763.4600,True,True,25.1574
META,Susquehanna,2024-08-01,497.7400,600.0000,763.4600,True,True,27.2433
META,Truist Securities,2024-08-01,497.7400,570.0000,763.4600,True,True,33.9404
META,Stifel,2024-08-01,497.7400,590.0000,763.4600,True,True,29.4000
META,RBC Capital,2024-08-01,497.7400,570.0000,763.4600,True,True,33.9404
META,BMO Capital,2024-08-01,497.7400,475.0000,763.4600,False,False,60.7284
META,Barclays,2024-08-01,497.7400,550.0000,763.4600,True,True,38.8109
META,Roth MKM,2024-08-01,497.7400,550.0000,763.4600,True,True,38.8109
META,Keybanc,2024-08-01,497.7400,560.0000,763.4600,True,True,36.3321
META,Deutsche Bank,2024-08-01,497.7400,585.0000,763.4600,True,True,30.5060
META,Guggenheim,2024-08-01,497.7400,600.0000,763.4600,True,True,27.2433
META,JMP Securities,2024-08-01,497.7400,550.0000,763.4600,True,True,38.8109
META,Loop Capital,2024-08-06,494.0900,575.0000,769.3000,True,True,33.7913
META,Tigress Financial,2024-08-16,527.4200,645.0000,747.7200,True,True,15.9256
META,Cantor Fitzgerald,2024-09-05,516.8600,660.0000,765.7000,True,True,16.0152
META,DA Davidson,2024-09-10,504.7900,600.0000,755.5900,True,True,25.9317
META,Citigroup,2024-09-23,564.4100,645.0000,748.9100,True,True,16.1101
META,Cantor Fitzgerald,2024-09-23,564.4100,660.0000,748.9100,True,True,13.4712
META,JMP Securities,2024-09-26,567.8400,635.0000,734.3800,True,True,15.6504
META,Baird,2024-09-26,567.8400,605.0000,734.3800,True,True,21.3851
META,Wedbush,2024-09-26,567.8400,600.0000,734.3800,True,True,22.3967
META,JP Morgan,2024-09-26,567.8400,640.0000,734.3800,True,True,14.7469
META,B of A Securities,2024-09-26,567.8400,630.0000,734.3800,True,True,16.5683
META,Rosenblatt,2024-09-26,567.8400,811.0000,734.3800,True,False,9.4476
META,"Monness, Crespi, Hardt",2024-09-30,572.4400,620.0000,727.0500,True,True,17.2661
META,Cantor Fitzgerald,2024-09-30,572.4400,660.0000,727.0500,True,True,10.1591
TSLA,Nomura,2019-10-24,19.9787,4.0000,140.2100,False,False,3405.2502
TSLA,Credit Suisse,2019-10-24,19.9787,13.3333,140.2100,False,False,951.5751
TSLA,Wedbush,2019-10-24,19.9787,18.0000,140.2100,False,False,678.9445
TSLA,B of A Securities,2019-10-24,19.9787,15.6667,140.2100,False,False,794.9575
TSLA,RBC Capital,2019-10-24,19.9787,14.6667,140.2100,False,False,855.9773
TSLA,Canaccord Genuity,2019-10-24,19.9787,25.0000,140.2100,True,True,460.8400
TSLA,Barclays,2019-10-25,21.8753,2.6667,140.0933,False,False,5153.5002
TSLA,Morgan Stanley,2019-10-31,20.9947,16.6667,129.3467,False,False,676.0800
TSLA,Jefferies,2019-11-11,23.0060,26.6667,136.7867,True,True,412.9500
TSLA,Deutsche Bank,2019-11-18,23.3327,19.3333,147.2033,False,False,661.3966
TSLA,China Renaissance,2019-11-26,21.9280,4.6133,191.3333,False,False,4047.3987
TSLA,Piper Sandler,2019-12-03,22.4133,5.6400,189.6067,False,False,3261.8205
TSLA,Citigroup,2019-12-04,22.2020,14.8000,197.7933,False,False,1236.4415
TSLA,Morgan Stanley,2019-12-06,22.3927,16.6667,213.9200,False,False,1183.5200
TSLA,Exane BNP Paribas,2019-12-10,23.2560,26.6667,201.4933,True,True,655.6000
TSLA,Wedbush,2019-12-26,28.7293,24.6667,220.5900,False,False,794.2838
TSLA,Cowen & Co.,2019-12-30,27.6467,14.0000,221.9967,False,False,1485.6905
TSLA,Canaccord Genuity,2020-01-02,28.6840,34.3333,235.2233,True,True,585.1165
TSLA,RBC Capital,2020-01-06,30.1027,21.0000,245.0367,False,False,1066.8413
TSLA,Argus Research,2020-01-07,31.2707,37.0667,251.9933,True,True,579.8381
TSLA,Baird,2020-01-09,32.0893,35.0000,293.3400,True,True,738.1143
TSLA,CFRA,2020-01-09,32.0893,5.3333,293.3400,False,False,5400.1249
TSLA,Piper Sandler,2020-01-10,31.8767,36.8667,270.3967,True,True,633.4448
TSLA,Oppenheimer,2020-01-13,34.9907,40.8000,283.1467,True,True,593.9869
TSLA,Jefferies,2020-01-14,35.8613,40.0000,284.8033,True,True,612.0084
TSLA,Morgan Stanley,2020-01-16,34.2327,24.0000,275.3867,False,False,1047.4444
TSLA,New Street Research,2020-01-21,36.4800,53.3333,283.4833,True,True,431.5313
TSLA,Wedbush,2020-01-22,37.9707,36.6667,281.6633,False,False,668.1727
TSLA,Exane BNP Paribas,2020-01-23,38.1467,7.4000,282.2133,False,False,3713.6935
TSLA,B of A Securities,2020-01-29,38.7327,23.3333,278.4767,False,False,1093.4714
TSLA,Piper Sandler,2020-01-30,42.7207,48.6000,264.5100,True,True,444.2593
TSLA,Deutsche Bank,2020-01-30,42.7207,6.8000,264.5100,False,False,3789.8531
TSLA,Baird,2020-01-30,42.7207,8.6667,264.5100,False,False,2952.0386
TSLA,RBC Capital,2020-01-30,42.7207,35.3333,264.5100,False,False,648.6132
TSLA,Roth Capital,2020-01-30,42.7207,23.3333,264.5100,False,False,1033.6143
TSLA,Credit Suisse,2020-01-30,42.7207,27.6667,264.5100,False,False,856.0603
TSLA,Canaccord Genuity,2020-01-30,42.7207,50.0000,264.5100,True,True,429.0200
TSLA,B of A Securities,2020-01-30,42.7207,24.6667,264.5100,False,False,972.3379
TSLA,Oppenheimer,2020-01-30,42.7207,45.6000,264.5100,True,True,480.0658
TSLA,JP Morgan,2020-01-30,42.7207,17.3333,264.5100,False,False,1426.0193
TSLA,Argus Research,2020-02-03,52.0000,53.8667,290.9300,True,True,440.0928
TSLA,Baird,2020-02-13,53.6000,43.3333,272.0400,False,False,527.7846
TSLA,Bernstein,2020-02-18,57.2267,48.6667,266.0500,False,False,446.6781
TSLA,Morgan Stanley,2020-02-18,57.2267,33.3333,266.0500,False,False,698.1500
TSLA,Cowen & Co.,2020-02-18,57.2267,19.3333,266.0500,False,False,1276.1206
TSLA,Evercore ISI Group,2020-02-18,57.2267,36.6667,266.0500,False,False,625.5909
TSLA,Jefferies,2020-02-25,53.3273,53.3333,247.3400,True,True,363.7625
TSLA,Morgan Stanley,2020-03-12,37.3700,32.0000,231.2433,False,False,622.6354
TSLA,B of A Securities,2020-03-18,24.0813,33.3333,217.7200,True,True,553.1600
TSLA,Morgan Stanley,2020-03-19,28.5093,30.6667,218.2900,True,True,611.8152
TSLA,Wedbush,2020-03-19,28.5093,28.3333,218.2900,False,False,670.4353
TSLA,Canaccord Genuity,2020-03-19,28.5093,26.6667,218.2900,False,False,718.5875
TSLA,Baird,2020-03-20,28.5020,35.0000,223.3333,True,True,538.0952
TSLA,Citigroup,2020-03-24,33.6667,16.4000,210.0900,False,False,1181.0366
TSLA,Morgan Stanley,2020-03-24,33.6667,29.3333,210.0900,False,False,616.2159
TSLA,Piper Sandler,2020-03-27,34.2907,54.6667,203.7633,True,True,272.7378
TSLA,Wedbush,2020-03-30,33.4753,28.3333,211.8733,False,False,647.7882
TSLA,Credit Suisse,2020-03-31,34.9333,27.6667,222.6433,False,False,704.7349
TSLA,Jefferies,2020-04-06,34.4160,43.3333,223.6567,True,True,416.1308
TSLA,Baird,2020-04-06,34.4160,35.0000,223.6567,True,True,539.0190
TSLA,Credit Suisse,2020-04-14,47.3260,38.6667,244.0767,False,False,531.2327
TSLA,Goldman Sachs,2020-04-15,48.6553,57.6000,246.2833,True,True,327.5752
TSLA,B of A Securities,2020-04-22,48.8073,32.3333,239.8967,False,False,641.9485
TSLA,Piper Sandler,2020-04-30,52.1253,62.6000,236.4800,True,True,277.7636
TSLA,Credit Suisse,2020-04-30,52.1253,46.6667,236.4800,False,False,406.7428
TSLA,Wedbush,2020-04-30,52.1253,40.0000,236.4800,False,False,491.2000
TSLA,JMP Securities,2020-04-30,52.1253,68.0000,236.4800,True,True,247.7647
TSLA,B of A Securities,2020-04-30,52.1253,33.3333,236.4800,False,False,609.4400
TSLA,Oppenheimer,2020-04-30,52.1253,64.5333,236.4800,True,True,266.4463
TSLA,CFRA,2020-04-30,52.1253,51.6667,236.4800,False,False,357.7032
TSLA,Morgan Stanley,2020-05-04,50.7460,45.3333,224.5333,False,False,395.2941
TSLA,JMP Securities,2020-05-19,53.8673,66.7333,187.8200,True,True,181.4486
TSLA,Wedbush,2020-05-27,54.6820,53.3333,206.3767,False,False,286.9562
TSLA,Daiwa Capital,2020-05-29,55.6667,60.6667,208.4067,True,True,243.5275
TSLA,Wedbush,2020-06-10,68.3367,66.6667,203.3733,False,False,205.0600
TSLA,Morgan Stanley,2020-06-12,62.3520,43.3333,205.8967,False,False,375.1462
TSLA,Jefferies,2020-06-18,66.9307,80.0000,207.7700,True,True,159.7125
TSLA,JP Morgan,2020-06-19,66.7267,18.3333,206.9433,False,False,1028.7818
TSLA,UBS,2020-07-01,74.6420,53.3333,225.9733,False,False,323.7000
TSLA,Wedbush,2020-07-02,80.5773,83.3333,226.3000,True,True,171.5600
TSLA,JP Morgan,2020-07-06,91.4387,3.9333,219.8600,False,False,5489.6610
TSLA,Morgan Stanley,2020-07-07,92.6573,49.3333,214.8833,False,False,335.5743
TSLA,Goldman Sachs,2020-07-07,92.6573,86.6667,214.8833,False,False,147.9423
TSLA,Roth Capital,2020-07-13,99.8040,10.0000,222.8467,False,False,2128.4666
TSLA,Piper Sandler,2020-07-14,101.1200,32.0000,217.7933,False,False,580.6042
TSLA,Citigroup,2020-07-16,100.0427,30.0000,214.7400,False,False,615.8000
TSLA,Credit Suisse,2020-07-17,100.0560,18.6667,215.4067,False,False,1053.9643
TSLA,CFRA,2020-07-17,100.0560,73.3333,215.4067,False,False,193.7364
TSLA,Baird,2020-07-17,100.0560,65.6000,215.4067,False,False,228.3638
TSLA,B of A Securities,2020-07-22,106.1553,53.3333,216.4200,False,False,305.7875
TSLA,Cowen & Co.,2020-07-23,100.8713,14.6667,214.4600,False,False,1362.2273
TSLA,Wedbush,2020-07-23,100.8713,120.0000,214.4600,True,True,78.7167
TSLA,Piper Sandler,2020-07-23,100.8713,160.0000,214.4600,True,True,34.0375
TSLA,RBC Capital,2020-07-23,100.8713,56.6667,214.4600,False,False,278.4588
TSLA,Canaccord Genuity,2020-07-23,100.8713,21.6400,214.4600,False,False,891.0352
TSLA,CFRA,2020-07-23,100.8713,81.3333,214.4600,False,False,163.6803
TSLA,Goldman Sachs,2020-07-23,100.8713,19.6667,214.4600,False,False,990.4746
TSLA,Deutsche Bank,2020-07-23,100.8713,20.0000,214.4600,False,False,972.3000
TSLA,Oppenheimer,2020-07-23,100.8713,147.2667,214.4600,True,True,45.6270
TSLA,Baird,2020-07-23,100.8713,110.5333,214.4600,True,True,94.0229
TSLA,Daiwa Capital,2020-07-24,94.4667,22.0000,219.2067,False,False,896.3939
TSLA,Argus Research,2020-07-24,94.4667,125.8667,219.2067,True,True,74.1578
TSLA,Bernstein,2020-07-28,98.4327,12.0000,215.6600,False,False,1697.1667
TSLA,Morgan Stanley,2020-07-29,99.9407,70.0000,225.7833,False,False,222.5476
TSLA,Citigroup,2020-08-04,99.1333,36.6667,236.9733,False,False,546.2909
TSLA,Morgan Stanley,2020-08-14,110.0473,18.1333,228.7233,False,False,1161.3419
TSLA,B of A Securities,2020-08-14,110.0473,23.3333,228.7233,False,False,880.2428
TSLA,Wedbush,2020-08-17,122.3760,126.6667,221.9033,True,True,75.1868
TSLA,Jefferies,2020-08-26,143.5447,33.3333,233.7200,False,False,601.1600
TSLA,Wedbush,2020-08-31,166.1067,25.3333,245.2400,False,False,868.0527
TSLA,Argus Research,2020-08-31,166.1067,37.7333,245.2400,False,False,549.9293
TSLA,Canaccord Genuity,2020-08-31,166.1067,29.4667,245.2400,False,False,732.2625
TSLA,RBC Capital,2020-09-01,158.3500,96.6667,244.6967,False,False,153.1345
TSLA,B of A Securities,2020-09-02,149.1233,183.3333,244.1300,True,True,33.1618
TSLA,Oppenheimer,2020-09-04,139.4400,150.3333,250.9733,True,True,66.9446
TSLA,Bernstein,2020-09-08,110.0700,60.0000,251.2900,False,False,318.8167
TSLA,UBS,2020-09-11,124.2400,108.3333,247.6667,False,False,128.6154
TSLA,Credit Suisse,2020-09-16,147.2533,133.3333,252.3300,False,False,89.2475
TSLA,Deutsche Bank,2020-09-16,147.2533,133.3333,252.3300,False,False,89.2475
TSLA,Piper Sandler,2020-09-18,147.3833,171.6667,243.3900,True,True,41.7806
TSLA,Wedbush,2020-09-18,147.3833,158.3333,243.3900,True,True,53.7200
TSLA,Deutsche Bank,2020-09-23,126.7867,166.6667,251.2133,True,True,50.7280
TSLA,Canaccord Genuity,2020-09-23,126.7867,125.6667,251.2133,False,False,99.9045
TSLA,Baird,2020-09-23,126.7867,120.0000,251.2133,False,False,109.3444
TSLA,JP Morgan,2020-10-05,141.8933,25.0000,260.1967,False,False,940.7866
TSLA,New Street Research,2020-10-08,141.9733,192.6667,261.8300,True,True,35.8979
TSLA,Citigroup,2020-10-13,148.8833,39.0000,270.3600,False,False,593.2307
TSLA,Goldman Sachs,2020-10-14,153.7667,150.0000,272.7733,False,False,81.8489
TSLA,Baird,2020-10-15,149.6267,150.0000,281.0100,True,True,87.3400
TSLA,Morgan Stanley,2020-10-16,146.5567,111.0000,290.0367,False,False,161.2943
TSLA,Wedbush,2020-10-19,143.6100,166.6667,288.0900,True,True,72.8540
TSLA,JMP Securities,2020-10-22,141.9300,172.0000,303.2267,True,True,76.2946
TSLA,Baird,2020-10-22,141.9300,162.6667,303.2267,True,True,86.4098
TSLA,Canaccord Genuity,2020-10-22,141.9300,139.6667,303.2267,False,False,117.1074
TSLA,Oppenheimer,2020-10-22,141.9300,162.0000,303.2267,True,True,87.1769
TSLA,Morgan Stanley,2020-10-23,140.2100,120.0000,341.6200,False,False,184.6833
TSLA,Daiwa Capital,2020-10-23,140.2100,143.3333,341.6200,True,True,138.3395
TSLA,Citigroup,2020-10-27,141.5600,45.6667,345.9533,False,False,657.5621
TSLA,B of A Securities,2020-11-17,147.2033,166.6667,363.0033,True,True,117.8020
TSLA,Morgan Stanley,2020-11-18,162.2133,180.0000,365.4600,True,True,103.0333
TSLA,Wedbush,2020-11-23,173.9500,186.6667,369.6767,True,True,98.0411
TSLA,Goldman Sachs,2020-12-03,197.7933,260.0000,338.3233,True,True,30.1244
TSLA,JP Morgan,2020-12-09,201.4933,30.0000,334.6000,False,False,1015.3334
TSLA,New Street Research,2020-12-10,209.0233,192.6667,339.0100,False,False,75.9568
TSLA,Jefferies,2020-12-11,203.3300,216.6667,322.1367,True,True,48.6785
TSLA,CFRA,2020-12-18,231.6667,250.0000,299.9800,True,True,19.9920
TSLA,JP Morgan,2021-01-04,243.2567,35.0000,399.9267,False,False,1042.6476
TSLA,Exane BNP Paribas,2021-01-05,245.0367,113.3333,383.1967,False,False,238.1147
TSLA,Morgan Stanley,2021-01-06,251.9933,270.0000,362.7067,True,True,34.3358
TSLA,RBC Capital,2021-01-07,272.0133,233.3333,354.9000,False,False,52.1000
TSLA,Evercore ISI Group,2021-01-08,293.3400,216.6667,342.3200,False,False,57.9938
TSLA,B of A Securities,2021-01-08,293.3400,300.0000,342.3200,True,True,14.1067
TSLA,Credit Suisse,2021-01-11,270.3967,266.6667,352.7067,False,False,32.2650
TSLA,Goldman Sachs,2021-01-14,281.6667,260.0000,343.8533,False,False,32.2513
TSLA,Wedbush,2021-01-15,275.3867,316.6667,349.8700,True,True,10.4853
TSLA,Oppenheimer,2021-01-20,283.4833,345.3333,331.8833,True,False,3.8948
TSLA,JP Morgan,2021-01-22,282.2133,41.6667,314.6333,False,False,655.1200
TSLA,Baird,2021-01-25,293.6000,242.6667,310.0000,False,False,27.7473
TSLA,JP Morgan,2021-01-28,278.4767,45.0000,276.3667,False,False,514.1482
TSLA,RBC Capital,2021-01-28,278.4767,241.6667,276.3667,False,False,14.3586
TSLA,Credit Suisse,2021-01-28,278.4767,266.6667,276.3667,False,False,3.6375
TSLA,Roth Capital,2021-01-28,278.4767,50.0000,276.3667,False,False,452.7333
TSLA,Deutsche Bank,2021-01-28,278.4767,300.0000,276.3667,True,False,7.8778
TSLA,Piper Sandler,2021-02-01,279.9367,400.0000,312.2400,True,False,21.9400
TSLA,Morgan Stanley,2021-02-02,290.9300,293.3333,310.4167,True,True,5.8239
TSLA,UBS,2021-03-03,217.7333,243.3333,293.2967,True,True,20.5329
TSLA,New Street Research,2021-03-09,224.5267,300.0000,274.8000,True,False,8.4000
TSLA,Mizuho,2021-03-11,233.2000,258.3333,279.4333,True,True,8.1677
TSLA,Jefferies,2021-03-29,203.7633,233.3333,363.9467,True,True,55.9771
TSLA,B of A Securities,2021-04-01,220.5833,300.0000,359.2000,True,True,19.7333
TSLA,Wedbush,2021-04-05,230.3500,333.3333,361.5300,True,True,8.4590
TSLA,JP Morgan,2021-04-05,230.3500,51.6667,361.5300,False,False,599.7355
TSLA,Goldman Sachs,2021-04-05,230.3500,278.3333,361.5300,True,True,29.8910
TSLA,Canaccord Genuity,2021-04-12,233.9933,357.0000,341.8300,True,False,4.2493
TSLA,Mizuho,2021-04-20,239.6633,273.3333,342.7167,True,True,25.3841
TSLA,Morgan Stanley,2021-04-23,243.1333,300.0000,335.0167,True,True,11.6722
TSLA,Goldman Sachs,2021-04-27,234.9133,286.6667,292.1400,True,True,1.9093
TSLA,Credit Suisse,2021-04-27,234.9133,266.6667,292.1400,True,True,9.5525
TSLA,Canaccord Genuity,2021-04-27,234.9133,324.6667,292.1400,True,False,10.0185
TSLA,B of A Securities,2021-04-27,234.9133,300.0000,292.1400,True,False,2.6200
TSLA,Oppenheimer,2021-04-27,234.9133,360.0000,292.1400,True,False,18.8500
TSLA,B of A Securities,2021-05-21,193.6267,233.3333,221.3000,True,False,5.1571
TSLA,Wells Fargo,2021-05-24,202.1467,196.6667,224.9667,False,False,14.3898
TSLA,Morgan Stanley,2021-05-28,208.4067,300.0000,253.2100,True,False,15.5967
TSLA,Canaccord Genuity,2021-06-14,205.8967,270.6667,215.7367,True,False,20.2943
TSLA,Morgan Stanley,2021-06-23,218.8567,300.0000,235.0700,True,False,21.6433
TSLA,UBS,2021-06-29,226.9200,220.0000,228.4900,False,False,3.8591
TSLA,JP Morgan,2021-07-07,214.8833,53.3333,244.5433,False,False,358.5188
TSLA,B of A Securities,2021-07-16,214.7400,250.0000,240.5467,True,False,3.7813
TSLA,Mizuho,2021-07-27,214.9267,275.0000,274.8200,True,False,0.0655
TSLA,RBC Capital,2021-07-27,214.9267,248.3333,274.8200,True,True,10.6658
TSLA,Wells Fargo,2021-07-27,214.9267,220.0000,274.8200,True,True,24.9182
TSLA,B of A Securities,2021-07-27,214.9267,266.6667,274.8200,True,True,3.0575
TSLA,Goldman Sachs,2021-07-27,214.9267,291.6667,274.8200,True,False,5.7760
TSLA,Canaccord Genuity,2021-07-27,214.9267,256.0000,274.8200,True,True,7.3516
TSLA,Baird,2021-07-27,214.9267,254.6667,274.8200,True,True,7.9136
TSLA,DZ Bank,2021-07-29,225.7833,250.0000,297.1500,True,True,18.8600
TSLA,KGI Securities,2021-08-02,236.5567,285.0000,300.5867,True,True,5.4690
TSLA,Jefferies,2021-08-09,237.9200,283.3333,283.3333,True,True,0.0000
TSLA,UBS,2021-08-12,240.7500,241.6667,300.0300,True,True,24.1503
TSLA,Bernstein,2021-08-17,221.9033,100.0000,303.9967,False,False,203.9967
TSLA,Morgan Stanley,2021-08-19,224.4900,300.0000,296.6667,True,False,1.1111
TSLA,Tudor Pickering,2021-09-23,251.2133,179.0000,275.3300,False,False,53.8156
TSLA,RBC Capital,2021-10-04,260.5100,251.6667,249.4400,False,True,0.8848
TSLA,Baird,2021-10-04,260.5100,254.6667,249.4400,False,True,2.0524
TSLA,Canaccord Genuity,2021-10-08,261.8300,313.3333,222.9600,True,False,28.8426
TSLA,Barclays,2021-10-14,272.7733,100.0000,204.9900,False,False,104.9900
TSLA,Jefferies,2021-10-15,281.0100,316.6667,219.3500,True,False,30.7316
TSLA,B of A Securities,2021-10-18,290.0367,300.0000,220.1900,True,False,26.6033
TSLA,Morgan Stanley,2021-10-19,288.0900,300.0000,222.0400,True,False,25.9867
TSLA,Wedbush,2021-10-21,298.0000,366.6667,214.4400,True,False,41.5164
TSLA,Credit Suisse,2021-10-21,298.0000,276.6667,214.4400,False,True,22.4916
TSLA,Wells Fargo,2021-10-21,298.0000,286.6667,214.4400,False,True,25.1953
TSLA,RBC Capital,2021-10-21,298.0000,266.6667,214.4400,False,True,19.5850
TSLA,Mizuho,2021-10-21,298.0000,316.6667,214.4400,True,False,32.2821
TSLA,Roth Capital,2021-10-21,298.0000,83.3333,214.4400,False,False,157.3280
TSLA,Canaccord Genuity,2021-10-21,298.0000,346.6667,214.4400,True,False,38.1423
TSLA,Baird,2021-10-21,298.0000,296.0000,214.4400,False,True,27.5541
TSLA,Goldman Sachs,2021-10-27,345.9533,375.0000,225.0900,True,False,39.9760
TSLA,Piper Sandler,2021-10-28,359.0133,433.3333,228.5200,True,False,47.2646
TSLA,Jefferies,2021-11-08,387.6467,466.6667,191.3000,True,False,59.0071
TSLA,Exane BNP Paribas,2021-11-17,363.0033,260.0000,183.1700,False,True,29.5500
TSLA,Wedbush,2021-11-19,379.0200,466.6667,167.8700,True,False,64.0279
TSLA,UBS,2021-12-07,350.5833,333.3333,174.0400,False,True,47.7880
TSLA,New Street Research,2021-12-08,356.3200,526.6667,173.4400,True,False,67.0684
TSLA,Daiwa Capital,2021-12-14,319.5033,350.0000,156.8000,True,False,55.2000
TSLA,Baird,2021-12-22,336.2900,296.0000,125.3500,False,True,57.6520
TSLA,Argus Research,2021-12-28,362.8233,437.6667,112.7100,True,False,74.2475
TSLA,Deutsche Bank,2021-12-31,352.2600,400.0000,108.1000,True,False,72.9750
TSLA,Jefferies,2021-12-31,352.2600,466.6667,108.1000,True,False,76.8357
TSLA,Goldman Sachs,2021-12-31,352.2600,375.0000,108.1000,True,False,71.1733
TSLA,RBC Capital,2022-01-03,399.9267,335.0000,113.6400,False,True,66.0776
TSLA,JP Morgan,2022-01-03,399.9267,98.3333,113.6400,False,False,15.5661
TSLA,Deutsche Bank,2022-01-03,399.9267,400.0000,113.6400,True,False,71.5900
TSLA,CFRA,2022-01-03,399.9267,416.6667,113.6400,True,False,72.7264
TSLA,Morgan Stanley,2022-01-03,399.9267,400.0000,113.6400,True,False,71.5900
TSLA,Mizuho,2022-01-05,362.7067,433.3333,113.0600,True,False,73.9092
TSLA,Daiwa Capital,2022-01-05,362.7067,383.3333,113.0600,True,False,70.5061
TSLA,Barclays,2022-01-05,362.7067,108.3333,113.0600,False,False,4.3631
TSLA,Evercore ISI Group,2022-01-05,362.7067,300.0000,113.0600,False,True,62.3133
TSLA,Credit Suisse,2022-01-18,343.5033,341.6667,127.1700,False,True,62.7795
TSLA,Jefferies,2022-01-26,312.4700,466.6667,177.9000,True,False,61.8786
TSLA,CFRA,2022-01-26,312.4700,433.3333,177.9000,True,False,58.9462
TSLA,Goldman Sachs,2022-01-26,312.4700,400.0000,177.9000,True,False,55.5250
TSLA,JP Morgan,2022-01-27,276.3667,108.3333,166.6600,False,False,53.8400
TSLA,Wells Fargo,2022-01-27,276.3667,303.3333,166.6600,True,False,45.0571
TSLA,Citigroup,2022-01-27,276.3667,104.3333,166.6600,False,False,59.7380
TSLA,Oppenheimer,2022-01-27,276.3667,367.6667,166.6600,True,False,54.6709
TSLA,Baird,2022-01-27,276.3667,369.3333,166.6600,True,False,54.8755
TSLA,Credit Suisse,2022-01-31,312.2400,341.6667,181.4100,True,False,46.9044
TSLA,Piper Sandler,2022-02-14,291.9200,450.0000,214.2400,True,False,52.3911
TSLA,Daiwa Capital,2022-02-25,269.9567,300.0000,205.7100,True,False,31.4300
TSLA,Jefferies,2022-03-18,301.7967,416.6667,197.5800,True,False,52.5808
TSLA,JP Morgan,2022-04-04,381.8167,111.6667,185.5200,False,False,66.1373
TSLA,UBS,2022-04-04,381.8167,366.6667,185.5200,False,True,49.4036
TSLA,Cowen & Co.,2022-04-04,381.8167,263.3333,185.5200,False,True,29.5494
TSLA,Piper Sandler,2022-04-18,334.7633,420.0000,180.5900,True,False,57.0024
TSLA,Credit Suisse,2022-04-19,342.7167,375.0000,162.9900,True,False,56.5360
TSLA,RBC Capital,2022-04-21,336.2600,391.6667,162.5500,True,False,58.4979
TSLA,JP Morgan,2022-04-21,336.2600,131.6667,162.5500,False,False,23.4557
TSLA,Citigroup,2022-04-21,336.2600,125.0000,162.5500,False,False,30.0400
TSLA,Wells Fargo,2022-04-21,336.2600,320.0000,162.5500,False,True,49.2031
TSLA,Oppenheimer,2022-04-21,336.2600,430.3333,162.5500,True,False,62.2270
TSLA,CFRA,2022-04-21,336.2600,450.0000,162.5500,True,False,63.8778
TSLA,Bernstein,2022-04-22,335.0167,150.0000,160.6700,False,False,7.1133
TSLA,Deutsche Bank,2022-04-22,335.0167,416.6667,160.6700,True,False,61.4392
TSLA,Evercore ISI Group,2022-04-22,335.0167,300.0000,160.6700,False,True,46.4433
TSLA,Berenberg,2022-05-10,266.6800,300.0000,172.0800,True,False,42.6400
TSLA,Wells Fargo,2022-05-12,242.6667,300.0000,166.3500,True,False,44.5500
TSLA,Piper Sandler,2022-05-18,236.6033,345.0000,180.1400,True,False,47.7855
TSLA,Wedbush,2022-05-19,236.4733,333.3333,188.8700,True,False,43.3390
TSLA,Daiwa Capital,2022-05-24,209.3867,266.6667,184.4700,True,False,30.8237
TSLA,Jefferies,2022-05-26,235.9100,350.0000,201.1600,True,False,42.5257
TSLA,Goldman Sachs,2022-06-01,246.7900,333.3333,213.9700,True,False,35.8090
TSLA,Bernstein,2022-06-02,258.3333,150.0000,217.6100,False,False,45.0733
TSLA,Cowen & Co.,2022-06-03,234.5167,233.3333,221.3100,False,True,5.1529
TSLA,CFRA,2022-06-03,234.5167,400.0000,221.3100,True,False,44.6725
TSLA,UBS,2022-06-09,239.7067,366.6667,249.8300,True,False,31.8645
TSLA,Barclays,2022-06-10,232.2300,123.3333,258.7100,False,False,109.7649
TSLA,RBC Capital,2022-06-13,215.7367,366.6667,256.7900,True,False,29.9664
TSLA,Credit Suisse,2022-06-24,245.7067,333.3333,250.2100,True,False,24.9370
TSLA,Mizuho,2022-06-27,244.9200,383.3333,256.2400,True,False,33.1548
TSLA,Deutsche Bank,2022-06-28,232.6633,375.0000,257.5000,True,False,31.3333
TSLA,Goldman Sachs,2022-07-01,227.2633,333.3333,282.4800,True,False,15.2560
TSLA,JP Morgan,2022-07-05,233.0667,128.3333,276.5400,False,False,115.4857
TSLA,CFRA,2022-07-05,233.0667,366.6667,276.5400,True,False,24.5800
TSLA,UBS,2022-07-06,231.7333,366.6667,274.4300,True,False,25.1555
TSLA,Wells Fargo,2022-07-11,234.3433,273.3333,271.9900,True,False,0.4915
TSLA,CFRA,2022-07-11,234.3433,366.6667,271.9900,True,False,25.8209
TSLA,Piper Sandler,2022-07-13,237.0400,345.0000,281.3800,True,False,18.4406
TSLA,Truist Securities,2022-07-14,238.3133,333.3333,290.3800,True,False,12.8860
TSLA,Morgan Stanley,2022-07-14,238.3133,383.3333,290.3800,True,False,24.2487
TSLA,Barclays,2022-07-18,240.5467,126.6667,291.2600,False,False,129.9421
TSLA,GLJ Research,2022-07-19,245.5300,24.3333,262.9000,False,False,980.4109
TSLA,Goldman Sachs,2022-07-20,247.5000,333.3333,260.0200,True,False,21.9940
TSLA,UBS,2022-07-21,271.7067,366.6667,269.0600,True,False,26.6200
TSLA,Mizuho,2022-07-21,271.7067,391.6667,269.0600,True,False,31.3038
TSLA,Berenberg,2022-07-21,271.7067,283.3333,269.0600,True,False,5.0376
TSLA,B of A Securities,2022-07-21,271.7067,316.6667,269.0600,True,False,15.0337
TSLA,Wells Fargo,2022-07-21,271.7067,276.6667,269.0600,True,False,2.7494
TSLA,Canaccord Genuity,2022-07-21,271.7067,271.6667,269.0600,False,True,0.9595
TSLA,Cowen & Co.,2022-07-21,271.7067,244.3333,269.0600,False,False,10.1201
TSLA,Baird,2022-07-21,271.7067,316.3333,269.0600,True,False,14.9442
TSLA,Argus Research,2022-07-22,272.2433,374.3333,265.2800,True,False,29.1327
TSLA,Citigroup,2022-08-02,300.5867,141.3333,259.3200,False,False,83.4811
TSLA,CFRA,2022-08-18,302.8700,415.0000,231.2800,True,False,44.2699
TSLA,Berenberg,2022-08-25,296.0700,96.6667,238.8200,False,False,147.0552
TSLA,Morgan Stanley,2022-08-25,296.0700,127.7767,238.8200,False,False,86.9042
TSLA,Wedbush,2022-08-25,296.0700,120.0000,238.8200,False,False,99.0167
TSLA,Morgan Stanley,2022-08-26,288.0900,383.0000,257.1800,True,False,32.8512
TSLA,Jefferies,2022-08-26,288.0900,350.0000,257.1800,True,False,26.5200
TSLA,Berenberg,2022-08-26,288.0900,290.0000,257.1800,True,False,11.3172
TSLA,Deutsche Bank,2022-08-29,284.8200,375.0000,256.9000,True,False,31.4933
TSLA,Piper Sandler,2022-09-01,277.1600,360.0000,256.4900,True,False,28.7528
TSLA,Wolfe Research,2022-09-06,274.4200,360.0000,251.4900,True,False,30.1417
TSLA,UBS,2022-09-07,283.7000,367.0000,248.5000,True,False,32.2888
TSLA,Deutsche Bank,2022-09-16,303.3500,400.0000,266.5000,True,False,33.3750
TSLA,Baird,2022-09-27,282.9400,316.0000,246.3800,True,False,22.0316
TSLA,Piper Sandler,2022-09-29,268.2100,340.0000,251.6000,True,False,26.0000
TSLA,CFRA,2022-09-30,265.2500,400.0000,246.5300,True,False,38.3675
TSLA,UBS,2022-10-03,242.4000,367.0000,261.1600,True,False,28.8392
TSLA,Truist Securities,2022-10-03,242.4000,348.0000,261.1600,True,False,24.9540
TSLA,Goldman Sachs,2022-10-04,249.4400,333.0000,260.0500,True,False,21.9069
TSLA,Mizuho,2022-10-06,238.1300,370.0000,259.6700,True,False,29.8189
TSLA,Morgan Stanley,2022-10-10,222.9600,350.0000,262.9900,True,False,24.8600
TSLA,Evercore ISI Group,2022-10-13,221.7200,300.0000,253.9200,True,False,15.3600
TSLA,Wells Fargo,2022-10-14,204.9900,230.0000,254.8500,True,True,10.8044
TSLA,UBS,2022-10-20,207.2800,350.0000,212.0800,True,False,39.4057
TSLA,RBC Capital,2022-10-20,207.2800,325.0000,212.0800,True,False,34.7446
TSLA,Wedbush,2022-10-20,207.2800,300.0000,212.0800,True,False,29.3067
TSLA,Deutsche Bank,2022-10-20,207.2800,355.0000,212.0800,True,False,40.2592
TSLA,Mizuho,2022-10-20,207.2800,330.0000,212.0800,True,False,35.7333
TSLA,B of A Securities,2022-10-20,207.2800,325.0000,212.0800,True,False,34.7446
TSLA,Goldman Sachs,2022-10-20,207.2800,305.0000,212.0800,True,False,30.4656
TSLA,Morgan Stanley,2022-10-25,222.4200,330.0000,205.7600,True,False,37.6485
TSLA,Berenberg,2022-10-25,222.4200,255.0000,205.7600,True,False,19.3098
TSLA,Roth MKM,2022-11-09,177.5900,85.0000,214.6500,False,False,152.5294
TSLA,B of A Securities,2022-11-14,190.9500,275.0000,242.8400,True,False,11.6945
TSLA,Citigroup,2022-11-23,183.2000,176.0000,236.0800,False,False,34.1364
TSLA,CFRA,2022-12-02,194.8600,300.0000,238.7200,True,False,20.4267
TSLA,Goldman Sachs,2022-12-14,156.8000,235.0000,253.5000,True,True,7.8723
TSLA,RBC Capital,2022-12-15,157.6700,225.0000,252.0800,True,True,12.0356
TSLA,Wedbush,2022-12-15,157.6700,250.0000,252.0800,True,True,0.8320
TSLA,CFRA,2022-12-15,157.6700,225.0000,252.0800,True,True,12.0356
TSLA,Mizuho,2022-12-20,137.8000,285.0000,254.5000,True,False,10.7018
TSLA,Daiwa Capital,2022-12-20,137.8000,177.0000,254.5000,True,True,43.7853
TSLA,Evercore ISI Group,2022-12-20,137.8000,200.0000,254.5000,True,True,27.2500
TSLA,Deutsche Bank,2022-12-21,137.5700,270.0000,252.5400,True,False,6.4667
TSLA,Canaccord Genuity,2022-12-22,125.3500,275.0000,256.6100,True,False,6.6873
TSLA,Wedbush,2022-12-23,123.1500,175.0000,261.4400,True,True,49.3943
TSLA,Baird,2022-12-28,112.7100,252.0000,248.4800,True,False,1.3968
TSLA,Morgan Stanley,2022-12-29,121.8200,250.0000,248.4200,True,False,0.6320
TSLA,Goldman Sachs,2023-01-03,108.1000,205.0000,237.9300,True,True,16.0634
TSLA,RBC Capital,2023-01-03,108.1000,186.0000,237.9300,True,True,27.9194
TSLA,Truist Securities,2023-01-03,108.1000,299.0000,237.9300,True,False,20.4248
TSLA,Mizuho,2023-01-05,110.3400,250.0000,240.4500,True,False,3.8200
TSLA,Deutsche Bank,2023-01-13,122.4000,250.0000,215.5500,True,False,13.7800
TSLA,Citigroup,2023-01-13,122.4000,140.0000,215.5500,True,True,53.9643
TSLA,Wells Fargo,2023-01-13,122.4000,130.0000,215.5500,True,True,65.8077
TSLA,Evercore ISI Group,2023-01-13,122.4000,140.0000,215.5500,True,True,53.9643
TSLA,CFRA,2023-01-13,122.4000,210.0000,215.5500,True,True,2.6429
TSLA,Jefferies,2023-01-17,131.4900,180.0000,211.8800,True,True,17.7111
TSLA,B of A Securities,2023-01-17,131.4900,130.0000,211.8800,False,False,62.9846
TSLA,Piper Sandler,2023-01-19,127.1700,300.0000,208.8000,True,False,30.4000
TSLA,Deutsche Bank,2023-01-19,127.1700,220.0000,208.8000,True,False,5.0909
TSLA,UBS,2023-01-23,143.7500,220.0000,207.8300,True,False,5.5318
TSLA,Truist Securities,2023-01-23,143.7500,245.0000,207.8300,True,False,15.1714
TSLA,JP Morgan,2023-01-25,144.4300,120.0000,183.2500,False,False,52.7083
TSLA,Morgan Stanley,2023-01-25,144.4300,220.0000,183.2500,True,False,16.7045
TSLA,Citigroup,2023-01-26,160.2700,146.0000,190.9300,False,False,30.7740
TSLA,B of A Securities,2023-01-26,160.2700,155.0000,190.9300,False,False,23.1806
TSLA,Wolfe Research,2023-01-26,160.2700,185.0000,190.9300,True,True,3.2054
TSLA,Wells Fargo,2023-01-26,160.2700,150.0000,190.9300,False,False,27.2867
TSLA,Cowen & Co.,2023-01-26,160.2700,140.0000,190.9300,False,False,36.3786
TSLA,Wedbush,2023-01-26,160.2700,200.0000,190.9300,True,False,4.5350
TSLA,Evercore ISI Group,2023-01-26,160.2700,140.0000,190.9300,False,False,36.3786
TSLA,Baird,2023-01-26,160.2700,252.0000,190.9300,True,False,24.2341
TSLA,Goldman Sachs,2023-01-26,160.2700,200.0000,190.9300,True,False,4.5350
TSLA,Berenberg,2023-01-30,166.6600,200.0000,187.2900,True,False,6.3550
TSLA,Morgan Stanley,2023-02-02,188.2700,220.0000,181.0600,True,False,17.7000
TSLA,Deutsche Bank,2023-02-03,189.9800,220.0000,185.1000,True,False,15.8636
TSLA,Wedbush,2023-02-06,194.7600,225.0000,187.5800,True,False,16.6311
TSLA,RBC Capital,2023-02-06,194.7600,223.0000,187.5800,True,False,15.8834
TSLA,CFRA,2023-02-09,207.3200,250.0000,188.1300,True,False,24.7480
TSLA,Evercore ISI Group,2023-02-10,196.8900,165.0000,184.0200,False,False,11.5273
TSLA,Barclays,2023-02-15,214.2400,275.0000,199.9500,True,False,27.2909
TSLA,Deutsche Bank,2023-02-23,202.0700,250.0000,199.4000,True,False,20.2400
TSLA,Wells Fargo,2023-02-24,196.8800,190.0000,199.7300,False,False,5.1211
TSLA,Baird,2023-02-24,196.8800,252.0000,199.7300,True,False,20.7421
TSLA,Wedbush,2023-03-02,190.9000,225.0000,188.1400,True,False,16.3822
TSLA,B of A Securities,2023-03-02,190.9000,225.0000,188.1400,True,False,16.3822
TSLA,KGI Securities,2023-03-03,197.7900,196.0000,180.7400,False,True,7.7857
TSLA,Daiwa Capital,2023-03-03,197.7900,218.0000,180.7400,True,False,17.0917
TSLA,Jefferies,2023-03-06,193.8100,230.0000,176.5400,True,False,23.2435
TSLA,Berenberg,2023-03-08,182.0000,210.0000,175.3400,True,False,16.5048
TSLA,Barclays,2023-03-27,191.8100,275.0000,179.8300,True,False,34.6073
TSLA,Citigroup,2023-03-27,191.8100,192.0000,179.8300,True,False,6.3385
TSLA,Morgan Stanley,2023-03-27,191.8100,220.0000,179.8300,True,False,18.2591
TSLA,Wedbush,2023-03-29,193.8800,225.0000,175.2200,True,False,22.1244
TSLA,Baird,2023-03-29,193.8800,252.0000,175.2200,True,False,30.4683
TSLA,Goldman Sachs,2023-04-03,194.7700,225.0000,171.1100,True,False,23.9511
TSLA,Guggenheim,2023-04-03,194.7700,150.0000,171.1100,False,False,14.0733
TSLA,Deutsche Bank,2023-04-03,194.7700,250.0000,171.1100,True,False,31.5560
TSLA,TD Cowen,2023-04-03,194.7700,170.0000,171.1100,False,False,0.6529
TSLA,B of A Securities,2023-04-04,192.5800,225.0000,164.9000,True,False,26.7111
TSLA,Morgan Stanley,2023-04-10,184.5100,220.0000,171.7600,True,False,21.9273
TSLA,Baird,2023-04-11,186.7900,252.0000,174.6000,True,False,30.7143
TSLA,Wedbush,2023-04-17,187.0400,225.0000,155.4500,True,False,30.9111
TSLA,Barclays,2023-04-17,187.0400,230.0000,155.4500,True,False,32.4130
TSLA,RBC Capital,2023-04-19,180.5900,217.0000,147.0500,True,False,32.2350
TSLA,Citigroup,2023-04-20,162.9900,175.0000,142.0500,True,False,18.8286
TSLA,Mizuho,2023-04-20,162.9900,230.0000,142.0500,True,False,38.2391
TSLA,JP Morgan,2023-04-20,162.9900,115.0000,142.0500,False,False,23.5217
TSLA,RBC Capital,2023-04-20,162.9900,212.0000,142.0500,True,False,32.9953
TSLA,Canaccord Genuity,2023-04-20,162.9900,257.0000,142.0500,True,False,44.7276
TSLA,B of A Securities,2023-04-20,162.9900,225.0000,142.0500,True,False,36.8667
TSLA,TD Cowen,2023-04-20,162.9900,150.0000,142.0500,False,True,5.3000
TSLA,Wedbush,2023-04-20,162.9900,215.0000,142.0500,True,False,33.9302
TSLA,Deutsche Bank,2023-04-20,162.9900,200.0000,142.0500,True,False,28.9750
TSLA,Wells Fargo,2023-04-20,162.9900,170.0000,142.0500,True,False,16.4412
TSLA,Barclays,2023-04-21,165.0800,220.0000,144.6800,True,False,34.2364
TSLA,Truist Securities,2023-04-21,165.0800,154.0000,144.6800,False,True,6.0520
TSLA,Goldman Sachs,2023-04-21,165.0800,185.0000,144.6800,True,False,21.7946
TSLA,Jefferies,2023-04-26,153.7500,185.0000,168.2900,True,False,9.0324
TSLA,Morgan Stanley,2023-04-28,164.3100,200.0000,183.2800,True,False,8.3600
TSLA,Piper Sandler,2023-05-02,160.3100,280.0000,180.0100,True,False,35.7107
TSLA,Wedbush,2023-05-12,167.9800,215.0000,177.5500,True,False,17.4186
TSLA,CFRA,2023-05-17,173.8600,250.0000,177.4600,True,False,29.0160
TSLA,Citigroup,2023-06-05,217.6100,215.0000,175.0000,False,True,18.6047
TSLA,Barclays,2023-06-06,221.3100,220.0000,177.9400,False,True,19.1182
TSLA,Piper Sandler,2023-06-06,221.3100,280.0000,177.9400,True,False,36.4500
TSLA,Wedbush,2023-06-09,244.4000,300.0000,170.6600,True,False,43.1133
TSLA,CFRA,2023-06-09,244.4000,300.0000,170.6600,True,False,43.1133
TSLA,KGI Securities,2023-06-12,249.8300,335.0000,177.2900,True,False,47.0776
TSLA,Wedbush,2023-06-15,255.9000,300.0000,187.4400,True,False,37.5200
TSLA,RBC Capital,2023-06-15,255.9000,305.0000,187.4400,True,False,38.5443
TSLA,Barclays,2023-06-21,259.4600,260.0000,183.0100,True,False,29.6115
TSLA,Morgan Stanley,2023-06-22,264.6100,250.0000,182.5800,False,True,26.9680
TSLA,Morgan Stanley,2023-06-23,256.6000,250.0000,187.3500,False,True,25.0600
TSLA,DZ Bank,2023-06-23,256.6000,210.0000,187.3500,False,True,10.7857
TSLA,Goldman Sachs,2023-06-26,241.0500,248.0000,196.3700,True,False,20.8186
TSLA,Guggenheim,2023-06-26,241.0500,112.0000,196.3700,False,False,75.3304
TSLA,Deutsche Bank,2023-06-26,241.0500,230.0000,196.3700,False,True,14.6217
TSLA,Wedbush,2023-07-03,279.8200,300.0000,246.3900,True,False,17.8700
TSLA,Citigroup,2023-07-03,279.8200,215.0000,246.3900,False,False,14.6000
TSLA,Truist Securities,2023-07-03,279.8200,240.0000,246.3900,False,False,2.6625
TSLA,JP Morgan,2023-07-03,279.8200,120.0000,246.3900,False,False,105.3250
TSLA,Canaccord Genuity,2023-07-03,279.8200,293.0000,246.3900,True,False,15.9079
TSLA,Deutsche Bank,2023-07-03,279.8200,270.0000,246.3900,False,True,8.7444
TSLA,Goldman Sachs,2023-07-03,279.8200,275.0000,246.3900,False,True,10.4036
TSLA,Piper Sandler,2023-07-03,279.8200,305.0000,246.3900,True,False,19.2164
TSLA,Morgan Stanley,2023-07-05,282.4800,250.0000,251.5200,False,False,0.6080
TSLA,B of A Securities,2023-07-06,276.5400,300.0000,252.9400,True,False,15.6867
TSLA,CFRA,2023-07-06,276.5400,310.0000,252.9400,True,False,18.4065
TSLA,Mizuho,2023-07-07,274.4300,300.0000,262.3300,True,False,12.5567
TSLA,Citigroup,2023-07-12,271.9900,278.0000,248.2300,True,False,10.7086
TSLA,Wells Fargo,2023-07-17,290.3800,265.0000,248.5000,False,True,6.2264
TSLA,Wedbush,2023-07-17,290.3800,300.0000,248.5000,True,False,17.1667
TSLA,Morgan Stanley,2023-07-17,290.3800,250.0000,248.5000,False,True,0.6000
TSLA,CFRA,2023-07-19,291.2600,325.0000,239.2000,True,False,26.4000
TSLA,Barclays,2023-07-20,262.9000,260.0000,251.5100,False,True,3.2654
TSLA,Bernstein,2023-07-20,262.9000,150.0000,251.5100,False,False,67.6733
TSLA,Wells Fargo,2023-07-20,262.9000,265.0000,251.5100,True,False,5.0906
TSLA,Wedbush,2023-07-20,262.9000,350.0000,251.5100,True,False,28.1400
TSLA,Guggenheim,2023-07-20,262.9000,125.0000,251.5100,False,False,101.2080
TSLA,Truist Securities,2023-07-20,262.9000,254.0000,251.5100,False,True,0.9803
TSLA,Jefferies,2023-07-20,262.9000,265.0000,251.5100,True,False,5.0906
TSLA,Mizuho,2023-07-20,262.9000,330.0000,251.5100,True,False,23.7849
TSLA,Baird,2023-07-20,262.9000,300.0000,251.5100,True,False,16.1633
TSLA,TD Cowen,2023-07-20,262.9000,200.0000,251.5100,False,False,25.7550
TSLA,JP Morgan,2023-07-20,262.9000,120.0000,251.5100,False,False,109.5917
TSLA,Morgan Stanley,2023-07-21,260.0200,250.0000,246.3800,False,True,1.4480
TSLA,UBS,2023-07-24,269.0600,270.0000,215.9900,True,False,20.0037
TSLA,Baird,2023-07-24,269.0600,300.0000,215.9900,True,False,28.0033
TSLA,Morgan Stanley,2023-07-25,265.2800,250.0000,220.2500,False,True,11.9000
TSLA,Bernstein,2023-08-07,251.4500,150.0000,191.7600,False,False,27.8400
TSLA,Guggenheim,2023-08-30,256.9000,125.0000,214.1100,False,False,71.2880
TSLA,Deutsche Bank,2023-09-06,251.9200,300.0000,210.7300,True,False,29.7567
TSLA,Morgan Stanley,2023-09-11,273.5800,400.0000,228.1300,True,False,42.9675
TSLA,RBC Capital,2023-09-12,267.4800,305.0000,229.8100,True,False,24.6525
TSLA,Piper Sandler,2023-09-15,274.3900,300.0000,227.8700,True,False,24.0433
TSLA,Goldman Sachs,2023-09-18,265.2800,275.0000,227.2000,True,False,17.3818
TSLA,Guggenheim,2023-09-18,265.2800,125.0000,227.2000,False,False,81.7600
TSLA,Barclays,2023-09-22,244.8800,260.0000,254.2700,True,False,2.2038
TSLA,RBC Capital,2023-09-26,244.1200,305.0000,254.2200,True,False,16.6492
TSLA,Deutsche Bank,2023-09-27,240.5000,285.0000,260.4600,True,False,8.6105
TSLA,Morgan Stanley,2023-09-28,246.3800,400.0000,261.6300,True,False,34.5925
TSLA,Canaccord Genuity,2023-09-29,250.2200,293.0000,258.0200,True,False,11.9386
TSLA,Piper Sandler,2023-09-29,250.2200,300.0000,258.0200,True,False,13.9933
TSLA,Barclays,2023-09-29,250.2200,278.0000,258.0200,True,False,7.1871
TSLA,Truist Securities,2023-10-02,251.6000,243.0000,249.0200,False,False,2.4774
TSLA,RBC Capital,2023-10-02,251.6000,305.0000,249.0200,True,False,18.3541
TSLA,CFRA,2023-10-02,251.6000,310.0000,249.0200,True,False,19.6710
TSLA,JP Morgan,2023-10-03,246.5300,135.0000,240.6600,False,False,78.2667
TSLA,Wells Fargo,2023-10-09,259.6700,260.0000,241.0500,True,False,7.2885
TSLA,Evercore ISI Group,2023-10-09,259.6700,165.0000,241.0500,False,False,46.0909
TSLA,Jefferies,2023-10-09,259.6700,250.0000,241.0500,False,True,3.5800
TSLA,UBS,2023-10-10,263.6200,266.0000,238.7700,True,False,10.2368
TSLA,Citigroup,2023-10-11,262.9900,271.0000,217.8000,True,False,19.6310
TSLA,Wedbush,2023-10-16,253.9200,350.0000,221.3300,True,False,36.7629
TSLA,Piper Sandler,2023-10-16,253.9200,290.0000,221.3300,True,False,23.6793
TSLA,Baird,2023-10-18,242.6800,300.0000,220.7000,True,False,26.4333
TSLA,Deutsche Bank,2023-10-19,220.1100,275.0000,218.8500,True,False,20.4182
TSLA,Mizuho,2023-10-19,220.1100,310.0000,218.8500,True,False,29.4032
TSLA,Wells Fargo,2023-10-19,220.1100,250.0000,218.8500,True,False,12.4600
TSLA,B of A Securities,2023-10-19,220.1100,290.0000,218.8500,True,False,24.5345
TSLA,Morgan Stanley,2023-10-19,220.1100,380.0000,218.8500,True,False,42.4079
TSLA,Wedbush,2023-10-19,220.1100,310.0000,218.8500,True,False,29.4032
TSLA,Citigroup,2023-10-19,220.1100,255.0000,218.8500,True,False,14.1765
TSLA,Roth MKM,2023-10-19,220.1100,85.0000,218.8500,False,False,157.4706
TSLA,Guggenheim,2023-10-19,220.1100,125.0000,218.8500,False,False,75.0800
TSLA,Truist Securities,2023-10-19,220.1100,226.0000,218.8500,True,False,3.1637
TSLA,Goldman Sachs,2023-10-19,220.1100,235.0000,218.8500,True,False,6.8723
TSLA,JP Morgan,2023-10-19,220.1100,135.0000,218.8500,False,False,62.1111
TSLA,HSBC,2023-11-09,209.9800,146.0000,350.0000,False,False,139.7260
TSLA,Deutsche Bank,2023-11-14,237.4100,275.0000,311.1800,True,True,13.1564
TSLA,Goldman Sachs,2023-11-14,237.4100,235.0000,311.1800,False,False,32.4170
TSLA,Morgan Stanley,2023-11-14,237.4100,380.0000,311.1800,True,False,18.1105
TSLA,Piper Sandler,2023-11-17,234.3000,295.0000,346.0000,True,True,17.2881
TSLA,Jefferies,2023-11-20,235.6000,210.0000,342.0300,False,False,62.8714
TSLA,Wedbush,2023-11-28,246.7200,310.0000,332.8900,True,True,7.3839
TSLA,Truist Securities,2023-11-30,240.0800,226.0000,357.0900,False,False,58.0044
TSLA,Morgan Stanley,2023-11-30,240.0800,380.0000,357.0900,True,False,6.0289
TSLA,Wedbush,2023-12-01,238.8300,310.0000,351.4200,True,True,13.3613
TSLA,RBC Capital,2023-12-01,238.8300,301.0000,351.4200,True,True,16.7508
TSLA,Goldman Sachs,2023-12-01,238.8300,235.0000,351.4200,False,False,49.5404
TSLA,CFRA,2023-12-01,238.8300,300.0000,351.4200,True,True,17.1400
TSLA,Deutsche Bank,2023-12-14,251.0500,260.0000,463.0200,True,True,78.0846
TSLA,Guggenheim,2023-12-15,253.5000,132.0000,479.8600,False,False,263.5303
TSLA,RBC Capital,2023-12-18,252.0800,300.0000,440.1300,True,True,46.7100
TSLA,Wedbush,2023-12-22,252.5400,350.0000,462.2800,True,True,32.0800
TSLA,RBC Capital,2023-12-22,252.5400,300.0000,462.2800,True,True,54.0933
TSLA,Morgan Stanley,2023-12-27,261.4400,380.0000,431.6600,True,True,13.5947
TSLA,Wedbush,2024-01-16,219.9100,350.0000,413.8200,True,True,18.2343
TSLA,Barclays,2024-01-18,211.8800,250.0000,424.0700,True,True,69.6280
TSLA,Morgan Stanley,2024-01-22,208.8000,345.0000,412.3800,True,True,19.5304
TSLA,Wedbush,2024-01-23,209.1400,350.0000,406.5800,True,True,16.1657
TSLA,Redburn Atlantic,2024-01-24,207.8300,170.0000,397.1500,False,False,133.6176
TSLA,KGI Securities,2024-01-25,182.6300,213.0000,398.0900,True,True,86.8967
TSLA,Goldman Sachs,2024-01-25,182.6300,220.0000,398.0900,True,True,80.9500
TSLA,Barclays,2024-01-25,182.6300,225.0000,398.0900,True,True,76.9289
TSLA,Truist Securities,2024-01-25,182.6300,193.0000,398.0900,True,True,106.2642
TSLA,RBC Capital,2024-01-25,182.6300,297.0000,398.0900,True,True,34.0370
TSLA,Mizuho,2024-01-25,182.6300,270.0000,398.0900,True,True,47.4407
TSLA,Wedbush,2024-01-25,182.6300,315.0000,398.0900,True,True,26.3778
TSLA,Baird,2024-01-25,182.6300,300.0000,398.0900,True,True,32.6967
TSLA,UBS,2024-01-25,182.6300,225.0000,398.0900,True,True,76.9289
TSLA,Goldman Sachs,2024-01-26,183.2500,220.0000,389.1000,True,True,76.8636
TSLA,Citigroup,2024-01-26,183.2500,224.0000,389.1000,True,True,73.7054
TSLA,JP Morgan,2024-01-26,183.2500,130.0000,389.1000,False,False,199.3077
TSLA,Deutsche Bank,2024-01-26,183.2500,250.0000,389.1000,True,True,55.6400
TSLA,Baird,2024-01-30,191.5900,300.0000,404.6000,True,True,34.8667
TSLA,Wedbush,2024-01-31,187.2900,315.0000,383.6800,True,True,21.8032
TSLA,Piper Sandler,2024-02-05,181.0600,225.0000,374.3200,True,True,66.3644
TSLA,Daiwa Capital,2024-02-06,185.1000,195.0000,361.6200,True,True,85.4462
TSLA,RBC Capital,2024-02-29,201.8800,297.0000,272.0400,True,False,8.4040
TSLA,RBC Capital,2024-03-05,180.7400,298.0000,262.6700,True,False,11.8557
TSLA,Morgan Stanley,2024-03-06,176.5400,320.0000,222.1500,True,False,30.5781
TSLA,Deutsche Bank,2024-03-11,177.7700,218.0000,240.6800,True,True,10.4037
TSLA,Wells Fargo,2024-03-13,169.4800,125.0000,238.0100,False,False,90.4080
TSLA,Wedbush,2024-03-13,169.4800,315.0000,238.0100,True,False,24.4413
TSLA,UBS,2024-03-13,169.4800,165.0000,238.0100,False,False,44.2485
TSLA,UBS,2024-03-14,162.5000,165.0000,225.3100,True,True,36.5515
TSLA,Goldman Sachs,2024-03-18,173.8000,190.0000,236.2600,True,True,24.3474
TSLA,Mizuho,2024-03-25,172.6300,195.0000,273.1300,True,True,40.0667
TSLA,Bernstein,2024-03-26,177.6700,120.0000,263.5500,False,False,119.6250
TSLA,Citigroup,2024-03-27,179.8300,196.0000,259.1600,True,True,32.2245
TSLA,RBC Capital,2024-03-27,179.8300,298.0000,259.1600,True,False,13.0336
TSLA,Wedbush,2024-03-28,175.7900,300.0000,268.4600,True,False,10.5133
TSLA,Deutsche Bank,2024-03-28,175.7900,200.0000,268.4600,True,True,34.2300
TSLA,Wells Fargo,2024-04-01,175.2200,125.0000,282.7600,False,False,126.2080
TSLA,Baird,2024-04-02,166.6300,280.0000,267.2800,True,False,4.5429
TSLA,Deutsche Bank,2024-04-02,166.6300,200.0000,267.2800,True,True,33.6400
TSLA,HSBC,2024-04-03,168.3800,138.0000,239.4300,False,False,73.5000
TSLA,JP Morgan,2024-04-03,168.3800,115.0000,239.4300,False,False,108.2000
TSLA,Truist Securities,2024-04-03,168.3800,176.0000,239.4300,True,True,36.0398
TSLA,Baird,2024-04-03,168.3800,280.0000,239.4300,True,False,14.4893
TSLA,Deutsche Bank,2024-04-03,168.3800,189.0000,239.4300,True,True,26.6825
TSLA,Morgan Stanley,2024-04-04,171.1100,310.0000,233.2900,True,False,24.7452
TSLA,Deutsche Bank,2024-04-08,172.9800,189.0000,272.2000,True,True,44.0212
TSLA,Goldman Sachs,2024-04-09,176.8800,175.0000,252.4000,False,False,44.2286
TSLA,Morgan Stanley,2024-04-09,176.8800,310.0000,252.4000,True,False,18.5806
TSLA,Piper Sandler,2024-04-10,171.7600,205.0000,252.3100,True,True,23.0780
TSLA,Jefferies,2024-04-10,171.7600,165.0000,252.3100,False,False,52.9152
TSLA,Citigroup,2024-04-12,171.0500,180.0000,254.1100,True,True,41.1722
TSLA,Wells Fargo,2024-04-12,171.0500,120.0000,254.1100,False,False,111.7583
TSLA,GLJ Research,2024-04-16,157.1100,22.8600,241.3700,False,False,955.8617
TSLA,Barclays,2024-04-17,155.4500,180.0000,227.5000,True,True,26.3889
TSLA,Baird,2024-04-17,155.4500,280.0000,227.5000,True,False,18.7500
TSLA,Deutsche Bank,2024-04-18,149.9300,123.0000,237.9700,False,False,93.4715
TSLA,Wedbush,2024-04-19,147.0500,300.0000,250.7400,True,False,16.4200
TSLA,Piper Sandler,2024-04-22,142.0500,205.0000,259.5100,True,True,26.5902
TSLA,Guggenheim,2024-04-23,144.6800,122.0000,284.9500,False,False,133.5656
TSLA,B of A Securities,2024-04-24,162.1300,220.0000,285.8800,True,True,29.9455
TSLA,Mizuho,2024-04-24,162.1300,180.0000,285.8800,True,True,58.8222
TSLA,Truist Securities,2024-04-24,162.1300,162.0000,285.8800,False,False,76.4691
TSLA,Wedbush,2024-04-24,162.1300,275.0000,285.8800,True,True,3.9564
TSLA,Canaccord Genuity,2024-04-24,162.1300,222.0000,285.8800,True,True,28.7748
TSLA,Roth MKM,2024-04-24,162.1300,85.0000,285.8800,False,False,236.3294
TSLA,RBC Capital,2024-04-24,162.1300,293.0000,285.8800,True,False,2.4300
TSLA,UBS,2024-04-24,162.1300,147.0000,285.8800,False,False,94.4762
TSLA,Guggenheim,2024-04-24,162.1300,126.0000,285.8800,False,False,126.8889
TSLA,Citigroup,2024-04-24,162.1300,182.0000,285.8800,True,True,57.0769
TSLA,HSBC,2024-04-24,162.1300,120.0000,285.8800,False,False,138.2333
TSLA,Deutsche Bank,2024-04-25,170.1800,136.0000,292.0300,False,False,114.7279
TSLA,Wedbush,2024-04-29,194.0500,275.0000,280.5200,True,True,2.0073
TSLA,Evercore ISI Group,2024-04-29,194.0500,145.0000,280.5200,False,False,93.4621
TSLA,Cantor Fitzgerald,2024-05-02,180.0100,230.0000,275.3500,True,True,19.7174
TSLA,GLJ Research,2024-05-29,176.1900,22.8600,342.6900,False,False,1399.0814
TSLA,Bernstein,2024-06-10,173.7900,120.0000,319.1100,False,False,165.9250
TSLA,Morgan Stanley,2024-06-12,177.2900,310.0000,329.1300,True,True,6.1710
TSLA,Cantor Fitzgerald,2024-06-12,177.2900,230.0000,329.1300,True,True,43.1000
TSLA,Goldman Sachs,2024-06-14,178.0100,175.0000,322.0500,False,False,84.0286
TSLA,Wedbush,2024-06-14,178.0100,275.0000,322.0500,True,True,17.1091
TSLA,Cantor Fitzgerald,2024-06-14,178.0100,230.0000,322.0500,True,True,40.0217
TSLA,Cantor Fitzgerald,2024-06-17,187.4400,230.0000,322.1600,True,True,40.0696
TSLA,GLJ Research,2024-06-18,184.8600,22.8600,348.6800,False,False,1425.2843
TSLA,RBC Capital,2024-06-20,181.5700,227.0000,340.4700,True,True,49.9868
TSLA,Morgan Stanley,2024-06-20,181.5700,310.0000,340.4700,True,True,9.8290
TSLA,Cantor Fitzgerald,2024-06-24,182.5800,230.0000,325.7800,True,True,41.6435
TSLA,Guggenheim,2024-06-25,187.3500,126.0000,323.6300,False,False,156.8492
TSLA,RBC Capital,2024-06-25,187.3500,227.0000,323.6300,True,True,42.5683
TSLA,Morgan Stanley,2024-06-25,187.3500,310.0000,323.6300,True,True,4.3968
TSLA,New Street Research,2024-06-25,187.3500,235.0000,323.6300,True,True,37.7149
TSLA,Stifel,2024-06-25,187.3500,265.0000,323.6300,True,True,22.1245
TSLA,Stifel,2024-06-26,196.3700,265.0000,317.6600,True,True,19.8717
TSLA,Wells Fargo,2024-07-01,209.8600,120.0000,315.3500,False,False,162.7917
TSLA,Cantor Fitzgerald,2024-07-01,209.8600,230.0000,315.3500,True,True,37.1087
TSLA,Goldman Sachs,2024-07-03,246.3900,175.0000,297.8100,False,False,70.1771
TSLA,Guggenheim,2024-07-03,246.3900,134.0000,297.8100,False,False,122.2463
TSLA,Truist Securities,2024-07-03,246.3900,162.0000,297.8100,False,False,83.8333
TSLA,Wedbush,2024-07-03,246.3900,300.0000,297.8100,True,False,0.7300
TSLA,Canaccord Genuity,2024-07-03,246.3900,254.0000,297.8100,True,True,17.2480
TSLA,TD Cowen,2024-07-03,246.3900,180.0000,297.8100,False,False,65.4500
TSLA,Goldman Sachs,2024-07-10,263.2600,248.0000,316.9000,False,False,27.7823
TSLA,Morgan Stanley,2024-07-10,263.2600,310.0000,316.9000,True,True,2.2258
TSLA,Wedbush,2024-07-11,241.0300,300.0000,310.7800,True,True,3.5933
TSLA,Mizuho,2024-07-12,248.2300,230.0000,321.6700,False,False,39.8565
TSLA,UBS,2024-07-12,248.2300,197.0000,321.6700,False,False,63.2843
TSLA,Citigroup,2024-07-12,248.2300,274.0000,321.6700,True,True,17.3978
TSLA,Cantor Fitzgerald,2024-07-15,252.6400,230.0000,319.4100,False,False,38.8739
TSLA,Baird,2024-07-16,256.5600,280.0000,329.6500,True,True,17.7321
TSLA,Cantor Fitzgerald,2024-07-17,248.5000,230.0000,328.4900,False,False,42.8217
TSLA,Barclays,2024-07-17,248.5000,225.0000,328.4900,False,False,45.9956
TSLA,Morgan Stanley,2024-07-18,249.2300,310.0000,332.1100,True,True,7.1323
TSLA,Cantor Fitzgerald,2024-07-22,251.5100,230.0000,305.3000,False,False,32.7391
TSLA,Guggenheim,2024-07-23,246.3800,134.0000,316.0600,False,False,135.8657
TSLA,GLJ Research,2024-07-23,246.3800,24.8600,316.0600,False,False,1171.3596
TSLA,Goldman Sachs,2024-07-24,215.9900,230.0000,325.5900,True,True,41.5609
TSLA,Citigroup,2024-07-24,215.9900,258.0000,325.5900,True,True,26.1977
TSLA,Piper Sandler,2024-07-24,215.9900,300.0000,325.5900,True,True,8.5300
TSLA,Truist Securities,2024-07-24,215.9900,215.0000,325.5900,False,False,51.4372
TSLA,Roth MKM,2024-07-24,215.9900,85.0000,325.5900,False,False,283.0471
TSLA,New Street Research,2024-07-24,215.9900,225.0000,325.5900,True,True,44.7067
TSLA,Cantor Fitzgerald,2024-07-24,215.9900,230.0000,325.5900,True,True,41.5609
TSLA,Wedbush,2024-07-24,215.9900,300.0000,325.5900,True,True,8.5300
TSLA,Guggenheim,2024-07-24,215.9900,134.0000,325.5900,False,False,142.9776
TSLA,Barclays,2024-07-25,220.2500,220.0000,321.2000,False,False,46.0000
TSLA,KGI Securities,2024-07-25,220.2500,236.0000,321.2000,True,True,36.1017
TSLA,Argus Research,2024-07-26,219.8000,286.0000,319.0400,True,True,11.5525
TSLA,Morgan Stanley,2024-07-29,232.1000,310.0000,308.2700,True,False,0.5581
TSLA,Truist Securities,2024-07-29,232.1000,215.0000,308.2700,False,False,43.3814
TSLA,Cantor Fitzgerald,2024-08-01,216.8600,245.0000,308.7200,True,True,26.0082
TSLA,Cantor Fitzgerald,2024-08-05,198.8800,245.0000,322.2700,True,True,31.5388
TSLA,RBC Capital,2024-08-08,198.8400,224.0000,340.8400,True,True,52.1607
TSLA,Truist Securities,2024-08-14,201.3800,215.0000,335.1600,True,True,55.8884
TSLA,Cantor Fitzgerald,2024-08-16,216.1200,245.0000,323.9000,True,True,32.2041
TSLA,Piper Sandler,2024-08-19,222.7200,300.0000,320.1100,True,True,6.7033
TSLA,Cantor Fitzgerald,2024-08-19,222.7200,245.0000,320.1100,True,True,30.6571
TSLA,Baird,2024-08-20,221.1000,280.0000,340.0100,True,True,21.4321
TSLA,Cantor Fitzgerald,2024-09-03,210.6000,245.0000,350.8400,True,True,43.2000
TSLA,GLJ Research,2024-09-05,230.1700,24.8600,346.9700,False,False,1295.6959
TSLA,Morgan Stanley,2024-09-05,230.1700,310.0000,346.9700,True,True,11.9258
TSLA,Cantor Fitzgerald,2024-09-09,216.2700,245.0000,368.8100,True,True,50.5347
TSLA,Guggenheim,2024-09-13,230.2900,153.0000,425.8600,False,False,178.3399
TSLA,Canaccord Genuity,2024-09-13,230.2900,254.0000,425.8600,True,True,67.6614
TSLA,Canaccord Genuity,2024-09-16,226.7800,254.0000,416.8500,True,True,64.1142
TSLA,Cantor Fitzgerald,2024-09-16,226.7800,245.0000,416.8500,True,True,70.1429
TSLA,Cantor Fitzgerald,2024-09-23,250.0000,245.0000,423.3900,False,False,72.8123
TSLA,Cantor Fitzgerald,2024-09-24,254.2700,245.0000,440.4000,False,False,79.7551
TSLA,RBC Capital,2024-09-25,257.0200,224.0000,443.2100,False,False,97.8616
TSLA,Piper Sandler,2024-09-25,257.0200,310.0000,443.2100,True,True,42.9710
TSLA,GLJ Research,2024-09-26,254.2200,24.8600,444.7200,False,False,1688.8978
TSLA,Cantor Fitzgerald,2024-09-30,261.6300,245.0000,436.0000,False,False,77.9592
TSLA,Bernstein,2024-10-03,240.6600,120.0000,433.0900,False,False,260.9083
TSLA,Truist Securities,2024-10-03,240.6600,236.0000,433.0900,False,False,83.5127
TSLA,Morgan Stanley,2024-10-03,240.6600,310.0000,433.0900,True,True,39.7065
TSLA,RBC Capital,2024-10-08,244.5000,236.0000,413.4900,False,False,75.2076
TSLA,Truist Securities,2024-10-08,244.5000,236.0000,413.4900,False,False,75.2076
TSLA,Cantor Fitzgerald,2024-10-10,238.7700,245.0000,429.2400,True,True,75.2000
TSLA,Goldman Sachs,2024-10-11,217.8000,230.0000,435.1500,True,True,89.1956
TSLA,Roth MKM,2024-10-11,217.8000,85.0000,435.1500,False,False,411.9412
TSLA,Cantor Fitzgerald,2024-10-11,217.8000,245.0000,435.1500,True,True,77.6122
TSLA,HSBC,2024-10-11,217.8000,124.0000,435.1500,False,False,250.9274
TSLA,GLJ Research,2024-10-17,220.8900,24.8600,442.6000,False,False,1680.3701
TSLA,Jefferies,2024-10-21,218.8500,195.0000,448.9800,False,False,130.2462
TSLA,Cantor Fitzgerald,2024-10-23,213.6500,245.0000,452.4200,True,True,84.6612
TSLA,B of A Securities,2024-10-24,260.4800,265.0000,460.5500,True,True,73.7924
TSLA,Canaccord Genuity,2024-10-24,260.4800,278.0000,460.5500,True,True,65.6655
TSLA,Goldman Sachs,2024-10-24,260.4800,250.0000,460.5500,False,False,84.2200
TSLA,JP Morgan,2024-10-24,260.4800,135.0000,460.5500,False,False,241.1481
TSLA,Wedbush,2024-10-24,260.4800,300.0000,460.5500,True,True,53.5167
TSLA,Wells Fargo,2024-10-24,260.4800,125.0000,460.5500,False,False,268.4400
TSLA,Truist Securities,2024-10-24,260.4800,238.0000,460.5500,False,False,93.5084
TSLA,KGI Securities,2024-10-24,260.4800,276.0000,460.5500,True,True,66.8659
TSLA,RBC Capital,2024-10-24,260.4800,249.0000,460.5500,False,False,84.9598
TSLA,Cantor Fitzgerald,2024-10-24,260.4800,255.0000,460.5500,False,False,80.6078
TSLA,Guggenheim,2024-10-24,260.4800,156.0000,460.5500,False,False,195.2244
TSLA,Piper Sandler,2024-10-25,269.1900,315.0000,461.5100,True,True,46.5111
TSLA,Stifel,2024-10-25,269.1900,287.0000,461.5100,True,True,60.8049
TSLA,Canaccord Genuity,2024-10-28,262.5100,298.0000,440.1000,True,True,47.6846
TSLA,Barclays,2024-10-29,259.5200,235.0000,456.5600,False,False,94.2809
TSLA,Piper Sandler,2024-10-29,259.5200,315.0000,456.5600,True,True,44.9397
TSLA,B of A Securities,2024-11-07,296.9100,350.0000,439.6200,True,True,25.6057
TSLA,Wedbush,2024-11-11,350.0000,400.0000,401.9900,True,True,0.4975
TSLA,Jefferies,2024-11-14,311.1800,300.0000,401.2500,False,False,33.7500
TSLA,RBC Capital,2024-11-15,320.7200,313.0000,403.9900,False,False,29.0703
TSLA,Barclays,2024-11-18,338.7400,270.0000,395.2300,False,False,46.3815
TSLA,Wedbush,2024-11-18,338.7400,400.0000,395.2300,True,False,1.1925
TSLA,UBS,2024-11-25,338.5900,226.0000,430.1700,False,False,90.3407
TSLA,Stifel,2024-12-02,357.0900,411.0000,454.5300,True,True,10.5912
TSLA,Roth MKM,2024-12-02,357.0900,380.0000,454.5300,True,True,19.6132
TSLA,B of A Securities,2024-12-05,369.4900,400.0000,445.1700,True,True,11.2925
TSLA,Guggenheim,2024-12-05,369.4900,175.0000,445.1700,False,False,154.3829
TSLA,Deutsche Bank,2024-12-09,389.7900,370.0000,446.8900,False,False,20.7811
TSLA,Morgan Stanley,2024-12-10,400.9900,400.0000,458.9600,False,False,14.7400
TSLA,Cantor Fitzgerald,2024-12-10,400.9900,365.0000,458.9600,False,False,25.7425
TSLA,Goldman Sachs,2024-12-11,424.7700,345.0000,475.3100,False,False,37.7710
TSLA,Truist Securities,2024-12-16,463.0200,360.0000,483.3700,False,False,34.2694
TSLA,Mizuho,2024-12-17,479.8600,515.0000,481.2000,True,False,6.5631
TSLA,Baird,2024-12-18,440.1300,480.0000,488.7300,True,True,1.8188
TSLA,Truist Securities,2025-01-02,379.2800,360.0000,432.9600,False,False,20.2667
TSLA,Canaccord Genuity,2025-01-03,410.4400,404.0000,431.4100,False,False,6.7847
TSLA,GLJ Research,2025-01-03,410.4400,24.8600,431.4100,False,False,1635.3580
TSLA,Truist Securities,2025-01-03,410.4400,351.0000,431.4100,False,False,22.9088
TSLA,Evercore ISI Group,2025-01-03,410.4400,275.0000,431.4100,False,False,56.8764
TSLA,Stifel,2025-01-06,411.0500,492.0000,435.8000,True,False,11.4228
TSLA,B of A Securities,2025-01-07,394.3600,490.0000,445.0100,True,False,9.1816
TSLA,Morgan Stanley,2025-01-13,403.3100,430.0000,439.2000,True,True,2.1395
TSLA,Barclays,2025-01-15,428.2200,325.0000,437.5000,False,False,34.6154
TSLA,Piper Sandler,2025-01-21,424.0700,500.0000,449.3600,True,False,10.1280
TSLA,Wedbush,2025-01-22,415.1100,550.0000,449.0600,True,False,18.3527
TSLA,Cantor Fitzgerald,2025-01-29,389.1000,365.0000,430.4100,False,False,17.9205
TSLA,Guggenheim,2025-01-29,389.1000,175.0000,430.4100,False,False,145.9486
TSLA,Wells Fargo,2025-01-30,400.2800,135.0000,421.8100,False,False,212.4519
TSLA,Cantor Fitzgerald,2025-01-30,400.2800,425.0000,421.8100,True,False,0.7506
TSLA,Truist Securities,2025-01-30,400.2800,373.0000,421.8100,False,False,13.0858
TSLA,Baird,2025-01-30,400.2800,440.0000,421.8100,True,False,4.1341
TSLA,RBC Capital,2025-01-30,400.2800,440.0000,421.8100,True,False,4.1341
TSLA,Mizuho,2025-01-30,400.2800,515.0000,421.8100,True,False,18.0951
TSLA,UBS,2025-01-30,400.2800,259.0000,421.8100,False,False,62.8610
TSLA,Guggenheim,2025-01-31,404.6000,175.0000,421.9600,False,False,141.1200
TSLA,Stifel,2025-02-10,350.7300,474.0000,428.2700,True,False,9.6477
TSLA,GLJ Research,2025-02-12,336.5100,24.8600,417.4400,False,False,1579.1633
TSLA,Benchmark,2025-02-12,336.5100,475.0000,417.4400,True,False,12.1179
TSLA,B of A Securities,2025-03-04,272.0400,380.0000,405.5500,True,True,6.7237
TSLA,Baird,2025-03-06,263.4500,370.0000,398.6800,True,True,7.7513
TSLA,Wedbush,2025-03-07,262.6700,550.0000,399.2400,True,False,27.4109
TSLA,UBS,2025-03-10,222.1500,225.0000,407.8200,True,True,81.2533
TSLA,Canaccord Genuity,2025-03-11,230.5800,404.0000,395.0100,True,False,2.2252
TSLA,Wedbush,2025-03-11,230.5800,550.0000,395.0100,True,False,28.1800
TSLA,Guggenheim,2025-03-12,248.0900,170.0000,391.2000,False,False,130.1177
TSLA,JP Morgan,2025-03-12,248.0900,120.0000,391.2000,False,False,226.0000
TSLA,Wells Fargo,2025-03-14,249.9800,130.0000,399.2700,False,False,207.1308
TSLA,Mizuho,2025-03-17,238.0100,430.0000,392.7800,True,False,8.6558
TSLA,Canaccord Genuity,2025-03-17,238.0100,404.0000,392.7800,True,False,2.7772
TSLA,RBC Capital,2025-03-18,225.3100,320.0000,380.3000,True,True,18.8437
TSLA,Cantor Fitzgerald,2025-03-19,235.8600,425.0000,367.9600,True,False,13.4212
TSLA,Piper Sandler,2025-03-20,236.2600,450.0000,380.8500,True,False,15.3667
TSLA,Wedbush,2025-03-20,236.2600,550.0000,380.8500,True,False,30.7545
TSLA,Morgan Stanley,2025-03-21,248.7100,410.0000,383.0300,True,False,6.5780
TSLA,Wedbush,2025-03-21,248.7100,550.0000,383.0300,True,False,30.3582
TSLA,Wedbush,2025-03-27,273.1300,550.0000,355.2800,True,False,35.4036
TSLA,Deutsche Bank,2025-03-28,263.5500,345.0000,371.7500,True,True,7.7536
TSLA,Stifel,2025-03-31,259.1600,455.0000,381.2600,True,False,16.2066
TSLA,Cantor Fitzgerald,2025-04-03,267.2800,425.0000,346.6500,True,False,18.4353
TSLA,Truist Securities,2025-04-03,267.2800,280.0000,346.6500,True,True,23.8036
TSLA,Goldman Sachs,2025-04-03,267.2800,275.0000,346.6500,True,True,26.0545
TSLA,Wedbush,2025-04-07,233.2900,315.0000,345.6200,True,True,9.7206
TSLA,Benchmark,2025-04-09,272.2000,350.0000,352.4200,True,True,0.6914
TSLA,Mizuho,2025-04-10,252.4000,375.0000,364.2000,True,False,2.8800
TSLA,UBS,2025-04-10,252.4000,190.0000,364.2000,False,False,91.6842
TSLA,Piper Sandler,2025-04-16,241.5500,400.0000,392.5000,True,False,1.8750
TSLA,Barclays,2025-04-17,241.3700,275.0000,386.4200,True,True,40.5164
TSLA,B of A Securities,2025-04-22,237.9700,305.0000,373.7200,True,True,22.5311
TSLA,GLJ Research,2025-04-23,250.7400,19.0500,376.3000,False,False,1875.3280
TSLA,Baird,2025-04-23,250.7400,320.0000,376.3000,True,True,17.5937
TSLA,Canaccord Genuity,2025-04-23,250.7400,303.0000,376.3000,True,True,24.1914
TSLA,Benchmark,2025-04-23,250.7400,350.0000,376.3000,True,True,7.5143
TSLA,Wedbush,2025-04-23,250.7400,350.0000,376.3000,True,True,7.5143
TSLA,Cantor Fitzgerald,2025-04-23,250.7400,355.0000,376.3000,True,True,6.0000
TSLA,JP Morgan,2025-04-23,250.7400,115.0000,376.3000,False,False,227.2174
TSLA,RBC Capital,2025-04-23,250.7400,307.0000,376.3000,True,True,22.5733
TSLA,Roth MKM,2025-04-23,250.7400,395.0000,376.3000,True,False,4.7342
TSLA,Mizuho,2025-04-23,250.7400,325.0000,376.3000,True,True,15.7846
TSLA,Stifel,2025-04-24,259.5100,450.0000,378.6700,True,False,15.8511
TSLA,Guggenheim,2025-04-24,259.5100,170.0000,378.6700,False,False,122.7471
TSLA,Wedbush,2025-05-01,280.5200,350.0000,392.5100,True,True,12.1457
TSLA,Goldman Sachs,2025-05-06,275.3500,235.0000,411.7900,False,False,75.2298
TSLA,Mizuho,2025-05-16,349.9800,390.0000,404.1100,True,True,3.6179
TSLA,Wedbush,2025-05-23,339.3400,500.0000,440.3600,True,False,11.9280
TSLA,Goldman Sachs,2025-06-06,295.1400,285.0000,396.6800,False,False,39.1860
TSLA,Baird,2025-06-09,308.5800,320.0000,381.5900,True,True,19.2469
TSLA,Morgan Stanley,2025-06-09,308.5800,410.0000,381.5900,True,False,6.9293
TSLA,Piper Sandler,2025-06-11,326.4300,400.0000,406.4300,True,True,1.6075
TSLA,Wedbush,2025-06-20,322.1600,500.0000,381.6100,True,False,23.6780
TSLA,Wedbush,2025-06-23,348.6800,500.0000,375.5300,True,False,24.8940
TSLA,UBS,2025-06-23,348.6800,215.0000,375.5300,False,False,74.6651
TSLA,Guggenheim,2025-06-23,348.6800,175.0000,375.5300,False,False,114.5886
TSLA,Benchmark,2025-06-26,325.7800,475.0000,411.8400,True,False,13.2968
TSLA,Canaccord Genuity,2025-06-30,317.6600,303.0000,425.3000,False,False,40.3630
TSLA,Wedbush,2025-07-01,300.7100,500.0000,393.4500,True,False,21.3100
TSLA,HSBC,2025-07-03,315.3500,120.0000,402.9000,False,False,235.7500
TSLA,Goldman Sachs,2025-07-03,315.3500,315.0000,402.9000,False,False,27.9048
TSLA,Wedbush,2025-07-08,297.8100,500.0000,406.5500,True,False,18.6900
TSLA,Guggenheim,2025-07-08,297.8100,175.0000,406.5500,False,False,132.3143
TSLA,Mizuho,2025-07-08,297.8100,375.0000,406.5500,True,True,8.4133
TSLA,Goldman Sachs,2025-07-11,313.5100,285.0000,396.1800,False,False,39.0105
TSLA,B of A Securities,2025-07-21,328.4900,341.0000,374.0100,True,True,9.6804
TSLA,Wedbush,2025-07-22,332.1100,500.0000,319.6900,True,False,36.0620
TSLA,Guggenheim,2025-07-23,332.5600,175.0000,313.0300,False,False,78.8743
TSLA,Cantor Fitzgerald,2025-07-24,305.3000,355.0000,309.2200,True,False,12.8958
TSLA,Wedbush,2025-07-24,305.3000,500.0000,309.2200,True,False,38.1560
TSLA,GLJ Research,2025-07-24,305.3000,19.0500,309.2200,False,False,1523.2021
TSLA,China Renaissance,2025-07-25,316.0600,349.0000,307.4400,True,False,11.9083
TSLA,RBC Capital,2025-07-29,321.2000,325.0000,308.8500,True,False,4.9692
TSLA,Wedbush,2025-08-04,309.2600,500.0000,321.5500,True,False,35.6900
TSLA,Wedbush,2025-09-15,410.0400,500.0000,358.0800,True,False,28.3840
TSLA,Goldman Sachs,2025-09-18,416.8500,395.0000,375.3000,False,True,4.9873
TSLA,Baird,2025-09-19,426.0700,548.0000,378.9000,True,False,30.8577
TSLA,Piper Sandler,2025-09-22,434.2100,500.0000,380.1200,True,False,23.9760
TSLA,Mizuho,2025-09-23,425.8500,450.0000,377.9400,True,False,16.0133
TSLA,Wedbush,2025-09-26,440.4000,600.0000,352.8400,True,False,41.1933
TSLA,Deutsche Bank,2025-09-26,440.4000,435.0000,352.8400,False,True,18.8874
AVGO,Bernstein,2016-10-04,16.9050,21.5000,24.2000,True,True,12.5581
AVGO,Bernstein,2016-10-05,17.3480,21.5000,24.3670,True,True,13.3349
AVGO,Loop Capital,2016-12-06,16.4760,20.6000,26.3890,True,True,28.1019
AVGO,Macquarie,2017-03-31,21.8960,26.5000,23.6780,True,False,10.6491
AVGO,Morgan Stanley,2017-07-17,24.9020,29.0000,20.8310,True,False,28.1690
AVGO,Keybanc,2017-08-25,24.5590,29.0000,21.2970,True,False,26.5621
AVGO,Jefferies,2017-08-25,24.5590,28.6000,21.2970,True,False,25.5350
AVGO,Barclays,2017-10-18,24.4000,30.0000,22.8020,True,False,23.9933
AVGO,Nomura,2017-11-06,27.7520,30.0000,22.8250,True,False,23.9167
AVGO,BMO Capital,2017-11-20,27.4880,33.0000,22.7710,True,False,30.9970
AVGO,Canaccord Genuity,2017-11-29,27.1500,31.3000,23.5780,True,False,24.6709
AVGO,Keybanc,2017-12-04,26.3610,32.0000,23.2040,True,False,27.4875
AVGO,BMO Capital,2018-03-12,26.2840,34.5000,27.1210,True,False,21.3884
AVGO,Deutsche Bank,2018-03-15,26.7760,32.5000,29.3840,True,False,9.5877
AVGO,UBS,2018-04-05,23.6310,35.0000,30.4280,True,False,13.0629
AVGO,Piper Sandler,2018-04-25,22.9000,29.3000,31.0410,True,True,5.9420
AVGO,Morgan Stanley,2018-04-30,22.9420,32.0000,31.8900,True,False,0.3438
AVGO,Canaccord Genuity,2018-05-01,23.0380,32.5000,31.5820,True,False,2.8246
AVGO,B. Riley Securities,2018-05-01,23.0380,31.0000,31.5820,True,True,1.8774
AVGO,Deutsche Bank,2018-05-01,23.0380,31.0000,31.5820,True,True,1.8774
AVGO,JP Morgan,2018-05-01,23.0380,33.7000,31.5820,True,False,6.2849
AVGO,Baird,2018-05-01,23.0380,29.0000,31.5820,True,True,8.9035
AVGO,Citigroup,2018-05-01,23.0380,27.5000,31.5820,True,True,14.8436
AVGO,B of A Securities,2018-05-01,23.0380,28.5000,31.5820,True,True,10.8140
AVGO,Evercore ISI Group,2018-05-24,24.3530,30.0000,25.4480,True,False,15.1733
AVGO,Canaccord Genuity,2018-06-08,25.7970,33.5000,28.3480,True,False,15.3791
AVGO,Citigroup,2018-06-08,25.7970,30.0000,28.3480,True,False,5.5067
AVGO,B of A Securities,2018-06-08,25.7970,30.0000,28.3480,True,False,5.5067
AVGO,Jefferies,2018-06-08,25.7970,32.6000,28.3480,True,False,13.0429
AVGO,B. Riley Securities,2018-06-08,25.7970,30.8000,28.3480,True,False,7.9610
AVGO,Benchmark,2018-06-15,27.0230,30.0000,27.8050,True,False,7.3167
AVGO,Loop Capital,2018-06-22,25.9710,30.6000,27.6510,True,False,9.6373
AVGO,B. Riley Securities,2018-07-12,20.9980,24.5000,28.8340,True,True,17.6898
AVGO,Nomura,2018-07-12,20.9980,22.5000,28.8340,True,True,28.1511
AVGO,RBC Capital,2018-07-12,20.9980,30.0000,28.8340,True,False,3.8867
AVGO,B of A Securities,2018-07-16,20.3250,24.0000,28.5080,True,True,18.7833
AVGO,Goldman Sachs,2018-07-18,20.8780,22.0000,29.0000,True,True,31.8182
AVGO,UBS,2018-07-20,21.0330,30.0000,30.0780,True,True,0.2600
AVGO,Keybanc,2018-07-25,22.5970,26.0000,30.0920,True,True,15.7385
AVGO,B. Riley Securities,2018-09-07,23.2580,25.0000,29.4440,True,True,17.7760
AVGO,B. Riley Securities,2018-12-03,24.2070,30.0000,30.9720,True,True,3.2400
AVGO,Deutsche Bank,2018-12-03,24.2070,30.0000,30.9720,True,True,3.2400
AVGO,Morgan Stanley,2018-12-07,22.8560,25.0000,31.4380,True,True,25.7520
AVGO,MKM Partners,2018-12-07,22.8560,28.0000,31.4380,True,True,12.2786
AVGO,BMO Capital,2018-12-07,22.8560,25.0000,31.4380,True,True,25.7520
AVGO,UBS,2018-12-07,22.8560,27.5000,31.4380,True,True,14.3200
AVGO,Morgan Stanley,2019-01-07,23.7980,26.1000,31.2640,True,True,19.7854
AVGO,Mizuho,2019-03-15,29.0290,30.5000,18.7580,True,False,38.4984
AVGO,Barclays,2019-03-15,29.0290,27.5000,18.7580,False,True,31.7891
AVGO,BMO Capital,2019-03-15,29.0290,27.0000,18.7580,False,True,30.5259
AVGO,Keybanc,2019-04-02,30.3050,33.5000,22.3630,True,False,33.2448
AVGO,Keybanc,2019-04-26,31.0410,35.0000,26.8450,True,False,23.3000
AVGO,UBS,2019-05-14,30.2000,32.5000,26.3150,True,False,19.0308
AVGO,Morgan Stanley,2019-06-10,28.0210,26.2000,31.5320,False,False,20.3511
AVGO,Keybanc,2019-06-14,26.5930,31.0000,30.4090,True,False,1.9065
AVGO,Morgan Stanley,2019-06-14,26.5930,25.0000,30.4090,False,False,21.6360
AVGO,UBS,2019-06-14,26.5930,31.0000,30.4090,True,False,1.9065
AVGO,Barclays,2019-06-14,26.5930,31.5000,30.4090,True,False,3.4635
AVGO,BMO Capital,2019-06-14,26.5930,26.0000,30.4090,False,False,16.9577
AVGO,JP Morgan,2019-06-14,26.5930,35.0000,30.4090,True,False,13.1171
AVGO,Deutsche Bank,2019-06-14,26.5930,31.5000,30.4090,True,False,3.4635
AVGO,Citigroup,2019-06-14,26.5930,30.0000,30.4090,True,True,1.3633
AVGO,Baird,2019-06-17,26.5970,28.0000,31.0720,True,True,10.9714
AVGO,RBC Capital,2019-07-23,30.0780,32.0000,31.3800,True,False,1.9375
AVGO,Keybanc,2019-08-09,27.5730,33.0000,32.7360,True,False,0.8000
AVGO,Keybanc,2019-09-13,29.0320,34.0000,36.2200,True,True,6.5294
AVGO,Wells Fargo,2019-09-13,29.0320,30.0000,36.2200,True,True,20.7333
AVGO,Mizuho,2019-09-13,29.0320,34.0000,36.2200,True,True,6.5294
AVGO,SunTrust Robinson Humphrey,2019-09-13,29.0320,32.2000,36.2200,True,True,12.4845
AVGO,Loop Capital,2019-09-13,29.0320,31.0000,36.2200,True,True,16.8387
AVGO,Morgan Stanley,2019-09-13,29.0320,26.5000,36.2200,False,False,36.6792
AVGO,Morgan Stanley,2019-11-11,31.2750,29.8000,36.3130,False,False,21.8557
AVGO,Morgan Stanley,2019-11-19,31.7700,36.7000,38.0620,True,True,3.7112
AVGO,Cascend,2019-11-22,31.4920,35.0000,38.7000,True,True,10.5714
AVGO,Piper Sandler,2019-12-10,31.5060,34.5000,41.6220,True,True,20.6435
AVGO,Oppenheimer,2019-12-11,31.9720,35.0000,41.0040,True,True,17.1543
AVGO,Keybanc,2019-12-13,31.5420,36.0000,41.1800,True,True,14.3889
AVGO,Wells Fargo,2019-12-13,31.5420,33.0000,41.1800,True,True,24.7879
AVGO,Mizuho,2019-12-13,31.5420,36.5000,41.1800,True,True,12.8219
AVGO,BMO Capital,2019-12-13,31.5420,33.0000,41.1800,True,True,24.7879
AVGO,Citigroup,2019-12-16,32.3130,37.8000,41.8060,True,True,10.5979
AVGO,SunTrust Robinson Humphrey,2020-01-21,30.8070,36.6000,46.1880,True,True,26.1967
AVGO,Morgan Stanley,2020-03-09,24.7720,36.1000,44.3600,True,True,22.8809
AVGO,B of A Securities,2020-03-09,24.7720,32.0000,44.3600,True,True,38.6250
AVGO,Keybanc,2020-03-13,23.4220,24.0000,47.0770,True,True,96.1542
AVGO,Rosenblatt,2020-03-13,23.4220,35.0000,47.0770,True,True,34.5057
AVGO,Citigroup,2020-03-13,23.4220,34.0000,47.0770,True,True,38.4618
AVGO,UBS,2020-03-13,23.4220,32.5000,47.0770,True,True,44.8523
AVGO,Baird,2020-03-13,23.4220,30.0000,47.0770,True,True,56.9233
AVGO,Morgan Stanley,2020-03-13,23.4220,34.0000,47.0770,True,True,38.4618
AVGO,BMO Capital,2020-03-16,18.7580,33.0000,47.8180,True,True,44.9030
AVGO,Citigroup,2020-03-30,24.0110,30.3000,45.6160,True,True,50.5479
AVGO,Morgan Stanley,2020-03-30,24.0110,33.3000,45.6160,True,True,36.9850
AVGO,Keybanc,2020-03-31,23.7100,29.0000,46.3660,True,True,59.8828
AVGO,B of A Securities,2020-06-03,30.9530,35.0000,46.4800,True,True,32.8000
AVGO,Keybanc,2020-06-05,31.7080,36.0000,46.3780,True,True,28.8278
AVGO,Rosenblatt,2020-06-05,31.7080,37.0000,46.3780,True,True,25.3459
AVGO,UBS,2020-06-05,31.7080,33.5000,46.3780,True,True,38.4418
AVGO,Morgan Stanley,2020-06-05,31.7080,35.8000,46.3780,True,True,29.5475
AVGO,SunTrust Robinson Humphrey,2020-06-05,31.7080,36.0000,46.3780,True,True,28.8278
AVGO,Piper Sandler,2020-06-05,31.7080,36.0000,46.3780,True,True,28.8278
AVGO,Mizuho,2020-06-22,31.3540,35.0000,46.4450,True,True,32.7000
AVGO,Evercore ISI Group,2020-06-26,30.7410,38.0000,47.2800,True,True,24.4210
AVGO,Oppenheimer,2020-09-01,35.9540,40.0000,49.3160,True,True,23.2900
AVGO,Keybanc,2020-09-04,36.2950,41.0000,49.6590,True,True,21.1195
AVGO,Rosenblatt,2020-09-04,36.2950,43.0000,49.6590,True,True,15.4860
AVGO,UBS,2020-09-04,36.2950,42.5000,49.6590,True,True,16.8447
AVGO,Credit Suisse,2020-09-04,36.2950,42.0000,49.6590,True,True,18.2357
AVGO,Truist Securities,2020-09-04,36.2950,41.1000,49.6590,True,True,20.8248
AVGO,Morgan Stanley,2020-09-04,36.2950,41.5000,49.6590,True,True,19.6602
AVGO,Citigroup,2020-09-04,36.2950,41.5000,49.6590,True,True,19.6602
AVGO,JP Morgan,2020-09-04,36.2950,42.0000,49.6590,True,True,18.2357
AVGO,Mizuho,2020-09-04,36.2950,39.0000,49.6590,True,True,27.3308
AVGO,Loop Capital,2020-09-04,36.2950,40.0000,49.6590,True,True,24.1475
AVGO,Deutsche Bank,2020-09-04,36.2950,40.0000,49.6590,True,True,24.1475
AVGO,Wells Fargo,2020-09-04,36.2950,36.0000,49.6590,False,False,37.9417
AVGO,Piper Sandler,2020-09-24,35.2520,40.0000,50.4920,True,True,26.2300
AVGO,Morgan Stanley,2020-12-07,42.0890,44.0000,59.0400,True,True,34.1818
AVGO,Credit Suisse,2020-12-09,41.6220,48.0000,58.3420,True,True,21.5458
AVGO,Keybanc,2020-12-11,40.5820,47.0000,62.1660,True,True,32.2681
AVGO,Rosenblatt,2020-12-11,40.5820,47.0000,62.1660,True,True,32.2681
AVGO,Barclays,2021-01-26,46.3870,50.0000,53.4140,True,True,6.8280
AVGO,Oppenheimer,2021-02-26,46.9870,57.5000,58.8010,True,True,2.2626
AVGO,Morgan Stanley,2021-03-01,48.9580,52.1000,58.7440,True,True,12.7524
AVGO,Keybanc,2021-03-05,45.0140,54.0000,59.5990,True,True,10.3685
AVGO,Rosenblatt,2021-03-05,45.0140,54.0000,59.5990,True,True,10.3685
AVGO,Morgan Stanley,2021-03-05,45.0140,53.8000,59.5990,True,True,10.7788
AVGO,Mizuho,2021-03-05,45.0140,49.0000,59.5990,True,True,21.6306
AVGO,Deutsche Bank,2021-03-05,45.0140,50.0000,59.5990,True,True,19.1980
AVGO,Wells Fargo,2021-03-05,45.0140,45.0000,59.5990,False,False,32.4422
AVGO,RBC Capital,2021-03-05,45.0140,46.0000,59.5990,True,True,29.5630
AVGO,JP Morgan,2021-03-05,45.0140,57.0000,59.5990,True,True,4.5596
AVGO,Piper Sandler,2021-06-02,47.3730,52.5000,57.3620,True,True,9.2610
AVGO,Keybanc,2021-06-04,47.5000,56.5000,56.3320,True,False,0.2973
AVGO,Wells Fargo,2021-06-04,47.5000,47.5000,56.3320,True,True,18.5937
AVGO,Barclays,2021-06-04,47.5000,52.5000,56.3320,True,True,7.2990
AVGO,Rosenblatt,2021-06-04,47.5000,55.0000,56.3320,True,True,2.4218
AVGO,Morgan Stanley,2021-06-04,47.5000,55.5000,56.3320,True,True,1.4991
AVGO,Mizuho,2021-06-04,47.5000,52.0000,56.3320,True,True,8.3308
AVGO,Deutsche Bank,2021-06-04,47.5000,52.5000,56.3320,True,True,7.2990
AVGO,Citigroup,2021-06-04,47.5000,52.8000,56.3320,True,True,6.6894
AVGO,Baird,2021-06-07,46.3780,55.0000,56.1230,True,True,2.0418
AVGO,Keybanc,2021-09-03,49.7680,57.5000,49.8200,True,False,13.3565
AVGO,Barclays,2021-09-03,49.7680,54.0000,49.8200,True,False,7.7407
AVGO,Mizuho,2021-09-03,49.7680,54.5000,49.8200,True,False,8.5872
AVGO,Deutsche Bank,2021-09-03,49.7680,56.0000,49.8200,True,False,11.0357
AVGO,Morgan Stanley,2021-09-03,49.7680,57.2000,49.8200,True,False,12.9021
AVGO,Rosenblatt,2021-09-03,49.7680,60.0000,49.8200,True,False,16.9667
AVGO,Truist Securities,2021-09-03,49.7680,56.4000,49.8200,True,False,11.6667
AVGO,Susquehanna,2021-11-10,54.8770,64.0000,50.6570,True,False,20.8484
AVGO,Mizuho,2021-11-11,55.5400,60.0000,51.8090,True,False,13.6517
AVGO,Oppenheimer,2021-12-03,55.8120,65.0000,53.0640,True,False,18.3631
AVGO,Credit Suisse,2021-12-07,59.0400,62.0000,51.8500,True,False,16.3710
AVGO,Credit Suisse,2021-12-09,58.3420,62.0000,54.4720,True,False,12.1419
AVGO,Keybanc,2021-12-10,63.1680,71.0000,55.6630,True,False,21.6014
AVGO,Rosenblatt,2021-12-10,63.1680,75.0000,55.6630,True,False,25.7827
AVGO,Credit Suisse,2021-12-10,63.1680,70.0000,55.6630,True,False,20.4814
AVGO,Wells Fargo,2021-12-10,63.1680,63.5000,55.6630,True,False,12.3417
AVGO,Morgan Stanley,2021-12-10,63.1680,72.3000,55.6630,True,False,23.0111
AVGO,Piper Sandler,2021-12-10,63.1680,68.0000,55.6630,True,False,18.1426
AVGO,BMO Capital,2021-12-10,63.1680,67.5000,55.6630,True,False,17.5363
AVGO,Mizuho,2021-12-10,63.1680,66.5000,55.6630,True,False,16.2962
AVGO,Goldman Sachs,2021-12-13,62.1660,67.0000,57.1040,True,False,14.7701
AVGO,Barclays,2021-12-13,62.1660,65.0000,57.1040,True,False,12.1477
AVGO,Citigroup,2021-12-13,62.1660,68.5000,57.1040,True,False,16.6365
AVGO,Barclays,2022-01-12,62.2000,70.0000,57.9000,True,False,17.2857
AVGO,Keybanc,2022-03-04,59.5990,72.0000,62.5150,True,False,13.1736
AVGO,Mizuho,2022-03-04,59.5990,70.0000,62.5150,True,False,10.6929
AVGO,Rosenblatt,2022-03-04,59.5990,77.5000,62.5150,True,False,19.3355
AVGO,Morgan Stanley,2022-03-04,59.5990,70.3000,62.5150,True,False,11.0740
AVGO,JP Morgan,2022-03-04,59.5990,71.5000,62.5150,True,False,12.5664
AVGO,Truist Securities,2022-03-04,59.5990,68.6000,62.5150,True,False,8.8703
AVGO,Truist Securities,2022-04-08,58.7000,65.7000,61.6700,True,False,6.1339
AVGO,Keybanc,2022-05-27,58.3280,78.0000,80.7960,True,True,3.5846
AVGO,Mizuho,2022-05-27,58.3280,72.5000,80.7960,True,True,11.4428
AVGO,B of A Securities,2022-06-29,49.0410,62.5000,86.7430,True,True,38.7888
AVGO,Deutsche Bank,2022-07-20,51.1770,63.5000,89.6750,True,True,41.2205
AVGO,Keybanc,2022-09-02,50.0220,70.0000,87.2270,True,True,24.6100
AVGO,BMO Capital,2022-09-02,50.0220,65.0000,87.2270,True,True,34.1954
AVGO,Truist Securities,2022-09-02,50.0220,63.0000,87.2270,True,True,38.4556
AVGO,Deutsche Bank,2022-10-18,43.4830,57.5000,86.7830,True,True,50.9270
AVGO,Piper Sandler,2022-12-05,53.0640,71.5000,90.3640,True,True,26.3832
AVGO,Susquehanna,2022-12-05,53.0640,65.0000,90.3640,True,True,39.0215
AVGO,Mizuho,2022-12-09,54.4720,70.0000,107.2280,True,True,53.1829
AVGO,Truist Securities,2023-01-23,58.1630,65.9000,125.3870,True,True,90.2686
AVGO,Rosenblatt,2023-03-01,59.3570,77.5000,139.9170,True,True,80.5381
AVGO,Susquehanna,2023-03-01,59.3570,68.5000,139.9170,True,True,104.2584
AVGO,Keybanc,2023-03-03,63.2760,72.0000,134.2750,True,True,86.4930
AVGO,Deutsche Bank,2023-03-03,63.2760,67.5000,134.2750,True,True,98.9259
AVGO,Truist Securities,2023-03-03,63.2760,70.0000,134.2750,True,True,91.8214
AVGO,Susquehanna,2023-03-03,63.2760,69.0000,134.2750,True,True,94.6014
AVGO,Wells Fargo,2023-03-03,63.2760,60.0000,134.2750,False,False,123.7917
AVGO,Rosenblatt,2023-03-03,63.2760,77.5000,134.2750,True,True,73.2581
AVGO,Susquehanna,2023-03-09,62.2520,69.0000,129.3120,True,True,87.4087
AVGO,Mizuho,2023-03-17,63.0970,72.0000,123.8010,True,True,71.9458
AVGO,Benchmark,2023-04-13,62.4240,77.0000,131.0690,True,True,70.2195
AVGO,B of A Securities,2023-05-23,68.6500,80.0000,139.3290,True,True,74.1612
AVGO,Susquehanna,2023-05-25,72.8800,78.5000,141.2450,True,True,79.9299
AVGO,Oppenheimer,2023-05-26,81.2730,80.0000,139.0670,False,False,73.8338
AVGO,Keybanc,2023-05-30,80.3340,82.0000,136.4080,True,True,66.3512
AVGO,Evercore ISI Group,2023-05-30,80.3340,85.0000,136.4080,True,True,60.4800
AVGO,BMO Capital,2023-05-30,80.3340,89.0000,136.4080,True,True,53.2674
AVGO,Rosenblatt,2023-05-31,80.7960,77.5000,132.8550,False,False,71.4258
AVGO,Keybanc,2023-06-02,81.2000,94.0000,133.0820,True,True,41.5766
AVGO,Oppenheimer,2023-06-02,81.2000,90.0000,133.0820,True,True,47.8689
AVGO,B of A Securities,2023-06-02,81.2000,95.0000,133.0820,True,True,40.0863
AVGO,Rosenblatt,2023-06-02,81.2000,90.0000,133.0820,True,True,47.8689
AVGO,Baird,2023-06-02,81.2000,90.0000,133.0820,True,True,47.8689
AVGO,Mizuho,2023-06-02,81.2000,84.0000,133.0820,True,True,58.4310
AVGO,Susquehanna,2023-06-02,81.2000,91.0000,133.0820,True,True,46.2440
AVGO,Truist Securities,2023-06-02,81.2000,89.0000,133.0820,True,True,49.5303
AVGO,Wells Fargo,2023-06-02,81.2000,80.0000,133.0820,False,False,66.3525
AVGO,Piper Sandler,2023-06-02,81.2000,83.0000,133.0820,True,True,60.3398
AVGO,Evercore ISI Group,2023-06-02,81.2000,87.5000,133.0820,True,True,52.0937
AVGO,Deutsche Bank,2023-06-02,81.2000,87.0000,133.0820,True,True,52.9678
AVGO,Wells Fargo,2023-06-05,80.2300,80.0000,141.3090,False,False,76.6363
AVGO,Mizuho,2023-06-22,84.2430,84.0000,159.2210,False,False,89.5488
AVGO,Deutsche Bank,2023-07-12,88.9950,90.5000,170.0670,True,True,87.9193
AVGO,Truist Securities,2023-07-14,88.8580,94.2000,169.3800,True,True,79.8089
AVGO,Susquehanna,2023-08-24,85.4460,101.0000,159.6200,True,True,58.0396
AVGO,Rosenblatt,2023-08-29,88.9930,90.0000,156.9300,True,True,74.3667
AVGO,Piper Sandler,2023-08-29,88.9930,92.5000,156.9300,True,True,69.6540
AVGO,Keybanc,2023-09-01,87.2520,100.0000,154.1200,True,True,54.1200
AVGO,Rosenblatt,2023-09-01,87.2520,100.0000,154.1200,True,True,54.1200
AVGO,BMO Capital,2023-09-01,87.2520,100.0000,154.1200,True,True,54.1200
AVGO,Benchmark,2023-09-01,87.2520,95.0000,154.1200,True,True,62.2316
AVGO,Oppenheimer,2023-09-01,87.2520,99.0000,154.1200,True,True,55.6768
AVGO,Wells Fargo,2023-09-01,87.2520,90.0000,154.1200,True,True,71.2444
AVGO,Evercore ISI Group,2023-09-01,87.2520,100.0000,154.1200,True,True,54.1200
AVGO,Piper Sandler,2023-09-01,87.2520,97.5000,154.1200,True,True,58.0718
AVGO,Baird,2023-09-05,87.2170,100.0000,152.8200,True,True,52.8200
AVGO,Truist Securities,2023-09-08,85.7550,99.5000,148.2100,True,True,48.9548
AVGO,Keybanc,2023-09-14,87.1640,100.0000,164.0200,True,True,64.0200
AVGO,Susquehanna,2023-09-18,85.0000,101.0000,161.6700,True,True,60.0693
AVGO,Truist Securities,2023-09-21,80.8360,99.5000,172.9400,True,True,73.8090
AVGO,Truist Securities,2023-09-22,82.9080,99.5000,174.8400,True,True,75.7186
AVGO,Keybanc,2023-11-24,97.8870,120.0000,164.8200,True,True,37.3500
AVGO,Susquehanna,2023-11-28,94.6350,110.0000,159.6700,True,True,45.1545
AVGO,Oppenheimer,2023-12-04,92.3970,110.0000,170.5600,True,True,55.0545
AVGO,Rosenblatt,2023-12-04,92.3970,100.0000,170.5600,True,True,70.5600
AVGO,Rosenblatt,2023-12-08,94.4300,116.0000,171.8100,True,True,48.1121
AVGO,TD Cowen,2023-12-08,94.4300,100.0000,171.8100,True,True,71.8100
AVGO,Truist Securities,2023-12-08,94.4300,101.5000,171.8100,True,True,69.2709
AVGO,Cantor Fitzgerald,2024-01-23,122.6310,130.0000,244.7000,True,True,88.2308
AVGO,Cantor Fitzgerald,2024-01-29,121.7770,130.0000,215.6600,True,True,65.8923
AVGO,Cantor Fitzgerald,2024-02-12,126.5000,130.0000,235.8000,True,True,81.3846
AVGO,Mizuho,2024-02-13,125.1650,145.0000,233.0400,True,True,60.7172
AVGO,Cantor Fitzgerald,2024-02-20,122.6550,130.0000,218.6600,True,True,68.2000
AVGO,UBS,2024-02-26,130.9130,148.0000,197.8000,True,True,33.6487
AVGO,Susquehanna,2024-02-28,128.9420,155.0000,187.3700,True,True,20.8839
AVGO,Oppenheimer,2024-03-01,139.9170,150.0000,191.5800,True,True,27.7200
AVGO,Rosenblatt,2024-03-04,140.2260,150.0000,179.4500,True,True,19.6333
AVGO,Cantor Fitzgerald,2024-03-04,140.2260,160.0000,179.4500,True,True,12.1562
AVGO,Mizuho,2024-03-07,140.7010,155.0000,190.0900,True,True,22.6387
AVGO,Bernstein,2024-03-08,130.8720,160.0000,194.2300,True,True,21.3937
AVGO,JP Morgan,2024-03-08,130.8720,170.0000,194.2300,True,True,14.2529
AVGO,Mizuho,2024-03-08,130.8720,162.5000,194.2300,True,True,19.5262
AVGO,UBS,2024-03-08,130.8720,161.0000,194.2300,True,True,20.6397
AVGO,B of A Securities,2024-03-08,130.8720,168.0000,194.2300,True,True,15.6131
AVGO,Jefferies,2024-03-08,130.8720,161.6000,194.2300,True,True,20.1918
AVGO,Wells Fargo,2024-03-08,130.8720,143.0000,194.2300,True,True,35.8252
AVGO,TD Cowen,2024-03-08,130.8720,140.0000,194.2300,True,True,38.7357
AVGO,Piper Sandler,2024-03-08,130.8720,165.0000,194.2300,True,True,17.7151
AVGO,Susquehanna,2024-03-08,130.8720,165.0000,194.2300,True,True,17.7151
AVGO,Oppenheimer,2024-03-08,130.8720,150.0000,194.2300,True,True,29.4867
AVGO,Truist Securities,2024-03-08,130.8720,156.6000,194.2300,True,True,24.0294
AVGO,Cantor Fitzgerald,2024-03-08,130.8720,160.0000,194.2300,True,True,21.3937
AVGO,Rosenblatt,2024-03-08,130.8720,150.0000,194.2300,True,True,29.4867
AVGO,Baird,2024-03-11,129.3120,150.0000,191.3600,True,True,27.5733
AVGO,Goldman Sachs,2024-03-11,129.3120,155.0000,191.3600,True,True,23.4581
AVGO,Cantor Fitzgerald,2024-03-11,129.3120,160.0000,191.3600,True,True,19.6000
AVGO,Citigroup,2024-03-11,129.3120,156.0000,191.3600,True,True,22.6667
AVGO,Barclays,2024-03-20,127.6000,140.5000,191.2500,True,True,36.1210
AVGO,TD Cowen,2024-03-21,134.8000,150.0000,188.2600,True,True,25.5067
AVGO,Rosenblatt,2024-03-21,134.8000,150.0000,188.2600,True,True,25.5067
AVGO,JP Morgan,2024-03-21,134.8000,170.0000,188.2600,True,True,10.7412
AVGO,Benchmark,2024-03-21,134.8000,172.0000,188.2600,True,True,9.4535
AVGO,Evercore ISI Group,2024-04-16,132.9060,162.0000,170.9900,True,True,5.5494
AVGO,Barclays,2024-04-17,128.2630,150.0000,166.2100,True,True,10.8067
AVGO,Melius Research,2024-06-03,132.1900,185.0000,259.9300,True,True,40.5027
AVGO,Citigroup,2024-06-11,146.1030,156.0000,248.7000,True,True,59.4231
AVGO,Rosenblatt,2024-06-12,149.5510,150.0000,252.1000,True,True,68.0667
AVGO,Morgan Stanley,2024-06-13,167.8990,176.5000,249.3700,True,True,41.2861
AVGO,Mizuho,2024-06-13,167.8990,190.0000,249.3700,True,True,31.2474
AVGO,Oppenheimer,2024-06-13,167.8990,200.0000,249.3700,True,True,24.6850
AVGO,Piper Sandler,2024-06-13,167.8990,200.0000,249.3700,True,True,24.6850
AVGO,Evercore ISI Group,2024-06-13,167.8990,201.0000,249.3700,True,True,24.0647
AVGO,Goldman Sachs,2024-06-13,167.8990,185.0000,249.3700,True,True,34.7946
AVGO,Rosenblatt,2024-06-13,167.8990,165.0000,249.3700,False,False,51.1333
AVGO,B of A Securities,2024-06-13,167.8990,200.0000,249.3700,True,True,24.6850
AVGO,Jefferies,2024-06-13,167.8990,205.0000,249.3700,True,True,21.6439
AVGO,Truist Securities,2024-06-13,167.8990,204.5000,249.3700,True,True,21.9413
AVGO,JP Morgan,2024-06-13,167.8990,200.0000,249.3700,True,True,24.6850
AVGO,Bernstein,2024-06-13,167.8990,195.0000,249.3700,True,True,27.8820
AVGO,Barclays,2024-06-13,167.8990,200.0000,249.3700,True,True,24.6850
AVGO,UBS,2024-06-13,167.8990,173.5000,249.3700,True,True,43.7291
AVGO,Wells Fargo,2024-06-13,167.8990,170.0000,249.3700,True,True,46.6882
AVGO,TD Cowen,2024-06-13,167.8990,175.0000,249.3700,True,True,42.4971
AVGO,Citigroup,2024-06-14,173.5040,175.0000,251.2600,True,True,43.5771
AVGO,B of A Securities,2024-06-24,159.2210,215.0000,270.1700,True,True,25.6605
AVGO,Rosenblatt,2024-07-11,170.5950,240.0000,280.9400,True,True,17.0583
AVGO,Cantor Fitzgerald,2024-07-16,169.3800,2000.0000,283.3400,True,False,85.8330
AVGO,TD Cowen,2024-07-16,169.3800,210.0000,283.3400,True,True,34.9238
AVGO,Oppenheimer,2024-07-16,169.3800,200.0000,283.3400,True,True,41.6700
AVGO,Cantor Fitzgerald,2024-07-17,155.9800,200.0000,288.2100,True,True,44.1050
AVGO,Benchmark,2024-09-06,137.0000,210.0000,369.5700,True,True,75.9857
AVGO,Goldman Sachs,2024-09-06,137.0000,190.0000,369.5700,True,True,94.5105
AVGO,Morgan Stanley,2024-09-06,137.0000,180.0000,369.5700,True,True,105.3167
AVGO,Cantor Fitzgerald,2024-09-06,137.0000,200.0000,369.5700,True,True,84.7850
AVGO,Rosenblatt,2024-09-06,137.0000,240.0000,369.5700,True,True,53.9875
AVGO,JP Morgan,2024-09-06,137.0000,210.0000,369.5700,True,True,75.9857
AVGO,UBS,2024-09-09,140.8200,170.0000,359.6300,True,True,111.5471
AVGO,Truist Securities,2024-10-08,180.7300,205.0000,324.6300,True,True,58.3561
AVGO,Cantor Fitzgerald,2024-10-08,180.7300,225.0000,324.6300,True,True,44.2800
AVGO,Mizuho,2024-10-14,182.3100,220.0000,354.1500,True,True,60.9773
AVGO,UBS,2024-11-04,168.5500,200.0000,355.5900,True,True,77.7950
AVGO,Citigroup,2024-12-10,171.8100,205.0000,359.9300,True,True,75.5756
AVGO,Rosenblatt,2024-12-11,183.2000,240.0000,339.8100,True,True,41.5875
AVGO,Deutsche Bank,2024-12-13,224.8000,240.0000,326.0200,True,True,35.8417
AVGO,UBS,2024-12-13,224.8000,220.0000,326.0200,False,False,48.1909
AVGO,Keybanc,2024-12-13,224.8000,260.0000,326.0200,True,True,25.3923
AVGO,Mizuho,2024-12-13,224.8000,245.0000,326.0200,True,True,33.0694
AVGO,Piper Sandler,2024-12-13,224.8000,250.0000,326.0200,True,True,30.4080
AVGO,Baird,2024-12-13,224.8000,210.0000,326.0200,False,False,55.2476
AVGO,Evercore ISI Group,2024-12-13,224.8000,250.0000,326.0200,True,True,30.4080
AVGO,Susquehanna,2024-12-13,224.8000,225.0000,326.0200,True,True,44.8978
AVGO,B of A Securities,2024-12-13,224.8000,250.0000,326.0200,True,True,30.4080
AVGO,Rosenblatt,2024-12-13,224.8000,250.0000,326.0200,True,True,30.4080
AVGO,Morgan Stanley,2024-12-13,224.8000,233.0000,326.0200,True,True,39.9227
AVGO,Truist Securities,2024-12-13,224.8000,245.0000,326.0200,True,True,33.0694
AVGO,Citigroup,2024-12-13,224.8000,220.0000,326.0200,False,False,48.1909
AVGO,TD Cowen,2024-12-13,224.8000,240.0000,326.0200,True,True,35.8417
AVGO,Benchmark,2024-12-13,224.8000,255.0000,326.0200,True,True,27.8510
AVGO,Jefferies,2024-12-13,224.8000,225.0000,326.0200,True,True,44.8978
AVGO,JP Morgan,2024-12-13,224.8000,250.0000,326.0200,True,True,30.4080
AVGO,Barclays,2024-12-16,250.0000,205.0000,329.8800,False,False,60.9171
AVGO,Morgan Stanley,2024-12-20,220.7900,265.0000,350.2200,True,True,32.1585
AVGO,Mizuho,2025-01-10,224.3100,260.0000,354.6100,True,True,36.3885
AVGO,Barclays,2025-01-17,237.4400,260.0000,328.8000,True,True,26.4615
AVGO,Morgan Stanley,2025-01-28,207.3600,246.0000,330.7300,True,True,34.4431
AVGO,Susquehanna,2025-02-26,212.9400,250.0000,319.5500,True,True,27.8200
AVGO,B of A Securities,2025-03-07,194.9600,260.0000,342.5800,True,True,31.7615
AVGO,Rosenblatt,2025-03-07,194.9600,250.0000,342.5800,True,True,37.0320
AVGO,Benchmark,2025-03-07,194.9600,255.0000,342.5800,True,True,34.3451
AVGO,Keybanc,2025-03-07,194.9600,275.0000,342.5800,True,True,24.5745
AVGO,Mizuho,2025-03-07,194.9600,250.0000,342.5800,True,True,37.0320
AVGO,Cantor Fitzgerald,2025-03-07,194.9600,300.0000,342.5800,True,True,14.1933
AVGO,Truist Securities,2025-03-07,194.9600,267.0000,342.5800,True,True,28.3071
AVGO,Morgan Stanley,2025-03-07,194.9600,260.0000,342.5800,True,True,31.7615
AVGO,Citigroup,2025-04-11,181.9400,210.0000,396.7200,True,True,88.9143
AVGO,B of A Securities,2025-04-16,174.6100,240.0000,399.6300,True,True,66.5125
AVGO,Barclays,2025-04-22,169.5800,215.0000,419.9400,True,True,95.3209
AVGO,Rosenblatt,2025-04-23,176.9100,223.0000,422.7600,True,True,89.5785
AVGO,Seaport Global,2025-04-30,192.4700,230.0000,421.2800,True,True,83.1652
AVGO,Redburn Atlantic,2025-05-28,239.4300,301.0000,446.7700,True,True,48.4286
AVGO,Mizuho,2025-05-28,239.4300,300.0000,446.7700,True,True,48.9233
AVGO,Susquehanna,2025-05-29,241.9700,280.0000,459.9700,True,True,64.2750
AVGO,Oppenheimer,2025-05-30,242.0700,265.0000,481.5700,True,True,81.7245
AVGO,Citigroup,2025-06-03,256.8500,276.0000,418.9100,True,True,51.7790
AVGO,Benchmark,2025-06-06,246.9300,315.0000,392.1600,True,True,24.4952
AVGO,Rosenblatt,2025-06-06,246.9300,340.0000,392.1600,True,True,15.3412
AVGO,Cantor Fitzgerald,2025-06-06,246.9300,300.0000,392.1600,True,True,30.7200
AVGO,UBS,2025-06-06,246.9300,290.0000,392.1600,True,True,35.2276
AVGO,Wells Fargo,2025-06-06,246.9300,255.0000,392.1600,True,True,53.7882
AVGO,Truist Securities,2025-06-06,246.9300,295.0000,392.1600,True,True,32.9356
AVGO,JP Morgan,2025-06-06,246.9300,325.0000,392.1600,True,True,20.6646
AVGO,Evercore ISI Group,2025-06-06,246.9300,304.0000,392.1600,True,True,29.0000
AVGO,Morgan Stanley,2025-06-06,246.9300,270.0000,392.1600,True,True,45.2444
AVGO,B of A Securities,2025-06-06,246.9300,300.0000,392.1600,True,True,30.7200
AVGO,Mizuho,2025-06-06,246.9300,310.0000,392.1600,True,True,26.5032
AVGO,Susquehanna,2025-06-06,246.9300,300.0000,392.1600,True,True,30.7200
AVGO,Barclays,2025-06-09,244.2800,265.0000,372.1000,True,True,40.4151
AVGO,Citigroup,2025-06-09,244.2800,285.0000,372.1000,True,True,30.5614
AVGO,Mizuho,2025-07-03,275.1800,315.0000,370.7800,True,True,17.7079
AVGO,Citigroup,2025-07-07,274.1800,315.0000,388.6900,True,True,23.3937
AVGO,Keybanc,2025-07-08,271.8000,330.0000,401.1100,True,True,21.5485
AVGO,Goldman Sachs,2025-07-10,275.4000,315.0000,384.0500,True,True,21.9206
AVGO,Oppenheimer,2025-07-15,280.9400,305.0000,374.4500,True,True,22.7705
AVGO,Mizuho,2025-07-16,280.8100,320.0000,370.8300,True,True,15.8844
AVGO,Morgan Stanley,2025-07-30,302.6200,338.0000,389.2800,True,True,15.1716
AVGO,Goldman Sachs,2025-08-13,309.0900,340.0000,392.9900,True,True,15.5853
AVGO,Piper Sandler,2025-08-22,294.0000,315.0000,356.7400,True,True,13.2508
AVGO,UBS,2025-08-25,294.2300,345.0000,355.5900,True,True,3.0696
AVGO,Oppenheimer,2025-08-28,308.6500,325.0000,370.3400,True,True,13.9508
AVGO,Morgan Stanley,2025-09-02,298.2400,357.0000,367.2400,True,True,2.8683
AVGO,Evercore ISI Group,2025-09-04,306.1000,342.0000,357.9000,True,True,4.6491
AVGO,Deutsche Bank,2025-09-05,334.8900,350.0000,368.5600,True,True,5.3029
AVGO,JP Morgan,2025-09-05,334.8900,400.0000,368.5600,True,False,7.8600
AVGO,Morgan Stanley,2025-09-05,334.8900,382.0000,368.5600,True,False,3.5183
AVGO,B of A Securities,2025-09-05,334.8900,400.0000,368.5600,True,False,7.8600
AVGO,Rosenblatt,2025-09-05,334.8900,400.0000,368.5600,True,False,7.8600
AVGO,Benchmark,2025-09-05,334.8900,385.0000,368.5600,True,False,4.2701
AVGO,Piper Sandler,2025-09-05,334.8900,375.0000,368.5600,True,False,1.7173
AVGO,Keybanc,2025-09-05,334.8900,400.0000,368.5600,True,False,7.8600
AVGO,Evercore ISI Group,2025-09-05,334.8900,370.0000,368.5600,True,False,0.3892
AVGO,Barclays,2025-09-05,334.8900,400.0000,368.5600,True,False,7.8600
AVGO,Wells Fargo,2025-09-05,334.8900,345.0000,368.5600,True,True,6.8290
AVGO,Mizuho,2025-09-05,334.8900,355.0000,368.5600,True,True,3.8197
AVGO,Oppenheimer,2025-09-05,334.8900,360.0000,368.5600,True,True,2.3778
AVGO,Bernstein,2025-09-05,334.8900,400.0000,368.5600,True,False,7.8600
AVGO,Truist Securities,2025-09-05,334.8900,365.0000,368.5600,True,True,0.9753
AVGO,Citigroup,2025-09-05,334.8900,350.0000,368.5600,True,True,5.3029
AVGO,Argus Research,2025-09-08,345.6500,375.0000,364.3800,True,False,2.8320
AVGO,Mizuho,2025-09-12,359.8700,410.0000,339.2700,True,False,17.2512
AVGO,Macquarie,2025-09-15,364.0900,420.0000,339.5100,True,False,19.1643
AMD,MKM Partners,2016-11-22,8.6900,10.5000,11.3700,True,True,8.2857
AMD,Loop Capital,2016-12-06,9.4500,11.0000,10.0000,True,False,9.0909
AMD,Goldman Sachs,2017-04-06,13.2700,11.0000,9.5300,False,True,13.3636
AMD,Baird,2017-07-26,14.7600,20.0000,18.3500,True,False,8.2500
AMD,Barclays,2017-10-04,13.3100,10.0000,27.7800,False,False,177.8000
AMD,Loop Capital,2017-10-25,12.3300,13.0000,19.2700,True,True,48.2308
AMD,Credit Suisse,2017-10-25,12.3300,12.0000,19.2700,False,False,60.5833
AMD,Credit Suisse,2018-01-31,13.7400,13.5000,24.5100,False,False,81.5556
AMD,UBS,2018-04-05,10.0200,11.0000,28.9800,True,True,163.4545
AMD,Barclays,2018-04-19,10.1100,9.0000,28.1800,False,False,213.1111
AMD,Stifel,2018-04-26,11.0400,14.0000,27.6900,True,True,97.7857
AMD,JP Morgan,2018-04-26,11.0400,13.0000,27.6900,True,True,113.0000
AMD,Cowen & Co.,2018-05-17,12.8200,18.0000,26.6800,True,True,48.2222
AMD,Stifel,2018-06-01,14.4000,17.0000,29.5700,True,True,73.9412
AMD,Morgan Stanley,2018-06-20,16.5200,11.0000,29.1000,False,False,164.5455
AMD,Stifel,2018-07-16,16.5800,21.0000,33.6000,True,True,60.0000
AMD,Cowen & Co.,2018-07-30,19.4200,25.0000,30.4500,True,True,21.8000
AMD,Goldman Sachs,2018-08-10,19.0600,21.0000,32.1100,True,True,52.9048
AMD,Wells Fargo,2018-09-10,29.8900,34.0000,29.7600,True,False,12.4706
AMD,Rosenblatt,2018-09-11,30.1000,40.0000,30.2100,True,False,24.4750
AMD,Argus Research,2018-09-14,32.7200,40.0000,30.9900,True,False,22.5250
AMD,Mizuho,2018-09-18,31.9300,36.0000,30.2900,True,False,15.8611
AMD,Stifel,2018-09-20,31.1800,38.0000,30.6400,True,False,19.3684
AMD,RBC Capital,2018-09-24,32.6100,40.0000,29.5400,True,False,26.1500
AMD,Northland Capital Markets,2018-09-27,32.5900,30.0000,28.9900,False,True,3.3667
AMD,Barclays,2018-10-01,31.4200,25.0000,28.3100,False,False,13.2400
AMD,Baird,2018-10-01,31.4200,28.0000,28.3100,False,False,1.1071
AMD,Barclays,2018-10-23,25.0900,25.0000,31.7200,False,False,26.8800
AMD,BMO Capital,2018-10-25,19.2700,18.0000,33.6900,False,False,87.1667
AMD,Baird,2018-10-25,19.2700,25.0000,33.6900,True,True,34.7600
AMD,Nomura,2019-04-03,29.0200,33.0000,44.4900,True,True,34.8182
AMD,B of A Securities,2019-04-08,28.5300,35.0000,47.5600,True,True,35.8857
AMD,Wells Fargo,2019-05-01,26.8100,38.0000,52.3900,True,True,37.8684
AMD,Barclays,2019-05-01,26.8100,28.0000,52.3900,True,True,87.1071
AMD,Mizuho,2019-05-01,26.8100,33.0000,52.3900,True,True,58.7576
AMD,Deutsche Bank,2019-05-01,26.8100,25.0000,52.3900,False,False,109.5600
AMD,Morgan Stanley,2019-06-06,31.8200,28.0000,53.1000,False,False,89.6429
AMD,Wedbush,2019-06-27,30.7400,35.0000,50.1000,True,True,43.1429
AMD,Nomura,2019-07-09,33.1500,37.0000,53.4300,True,True,44.4054
AMD,UBS,2019-07-10,33.7900,31.0000,57.2600,False,False,84.7097
AMD,Mizuho,2019-07-18,33.0000,37.0000,55.0400,True,True,48.7568
AMD,Atlantic Equities,2019-07-22,32.8500,28.0000,57.0000,False,False,103.5714
AMD,Wedbush,2019-07-24,34.1100,39.0000,59.5700,True,True,52.7436
AMD,Morgan Stanley,2019-07-31,30.4500,30.0000,78.2000,False,False,160.6667
AMD,Loop Capital,2019-08-13,32.1100,32.0000,82.6100,False,False,158.1563
AMD,Piper Sandler,2019-08-19,31.4800,33.0000,81.6600,True,True,147.4546
AMD,Morgan Stanley,2019-10-21,32.0300,32.0000,81.5600,False,False,154.8750
AMD,UBS,2019-10-30,33.1300,34.0000,78.0200,True,True,129.4706
AMD,Nomura,2019-10-30,33.1300,40.0000,78.0200,True,True,95.0500
AMD,Rosenblatt,2019-10-30,33.1300,52.0000,78.0200,True,True,50.0385
AMD,Susquehanna,2019-10-30,33.1300,35.0000,78.0200,True,True,122.9143
AMD,Credit Suisse,2019-10-30,33.1300,33.0000,78.0200,False,False,136.4242
AMD,RBC Capital,2019-11-15,38.5600,50.0000,83.7300,True,True,67.4600
AMD,Cowen & Co.,2019-11-18,39.8800,47.0000,83.3600,True,True,77.3617
AMD,Mizuho,2019-11-19,41.2900,38.0000,82.5400,False,False,117.2105
AMD,Wells Fargo,2019-11-19,41.2900,48.0000,82.5400,True,True,71.9583
AMD,Northland Capital Markets,2019-11-21,39.5200,36.0000,84.6400,False,False,135.1111
AMD,Morgan Stanley,2019-12-18,42.3000,42.0000,96.8400,False,False,130.5714
AMD,Wedbush,2019-12-20,44.1500,51.5000,93.2300,True,True,81.0291
AMD,Nomura,2020-01-02,49.1000,58.0000,91.7100,True,True,58.1207
AMD,Wells Fargo,2020-01-07,48.2500,55.0000,90.3300,True,True,64.2364
AMD,Mizuho,2020-01-09,48.9700,55.0000,94.5800,True,True,71.9636
AMD,B of A Securities,2020-01-29,47.5100,62.0000,87.5200,True,True,41.1613
AMD,Wedbush,2020-01-29,47.5100,57.0000,87.5200,True,True,53.5439
AMD,RBC Capital,2020-02-11,53.8000,63.0000,92.3500,True,True,46.5873
AMD,Wells Fargo,2020-02-20,57.2700,64.0000,89.5800,True,True,39.9688
AMD,B of A Securities,2020-03-02,47.4600,58.0000,84.1300,True,True,45.0517
AMD,Piper Sandler,2020-03-03,46.7500,56.0000,80.8600,True,True,44.3929
AMD,Atlantic Equities,2020-03-06,48.5900,60.0000,73.9600,True,True,23.2667
AMD,Deutsche Bank,2020-03-06,48.5900,50.0000,73.9600,True,True,47.9200
AMD,Northland Capital Markets,2020-03-13,43.9000,52.5000,82.5000,True,True,57.1429
AMD,Wells Fargo,2020-03-20,39.6100,50.0000,80.3000,True,True,60.6000
AMD,B of A Securities,2020-03-20,39.6100,53.0000,80.3000,True,True,51.5094
AMD,B of A Securities,2020-04-15,54.9900,62.0000,83.0100,True,True,33.8871
AMD,Rosenblatt,2020-04-29,53.6600,70.0000,83.9100,True,True,19.8714
AMD,JP Morgan,2020-04-29,53.6600,52.0000,83.9100,False,False,61.3654
AMD,UBS,2020-04-29,53.6600,52.0000,83.9100,False,False,61.3654
AMD,Piper Sandler,2020-04-29,53.6600,60.0000,83.9100,True,True,39.8500
AMD,Mizuho,2020-04-29,53.6600,59.0000,83.9100,True,True,42.2203
AMD,Nomura,2020-04-29,53.6600,64.0000,83.9100,True,True,31.1094
AMD,B of A Securities,2020-04-29,53.6600,65.0000,83.9100,True,True,29.0923
AMD,CFRA,2020-04-29,53.6600,60.0000,83.9100,True,True,39.8500
AMD,Argus Research,2020-04-30,52.3900,66.0000,81.6200,True,True,23.6667
AMD,Morgan Stanley,2020-06-16,54.4600,56.0000,80.1100,True,True,43.0536
AMD,Barclays,2020-07-20,57.4600,55.0000,87.1100,False,False,58.3818
AMD,Deutsche Bank,2020-07-27,68.9700,70.0000,91.0300,True,True,30.0429
AMD,B of A Securities,2020-07-27,68.9700,77.0000,91.0300,True,True,18.2208
AMD,Rosenblatt,2020-07-29,76.0900,120.0000,102.9500,True,False,14.2083
AMD,Morgan Stanley,2020-07-29,76.0900,73.0000,102.9500,False,False,41.0274
AMD,Susquehanna,2020-07-29,76.0900,85.0000,102.9500,True,True,21.1176
AMD,B of A Securities,2020-07-29,76.0900,100.0000,102.9500,True,True,2.9500
AMD,UBS,2020-07-29,76.0900,70.0000,102.9500,False,False,47.0714
AMD,Piper Sandler,2020-07-29,76.0900,82.0000,102.9500,True,True,25.5488
AMD,JP Morgan,2020-07-29,76.0900,62.0000,102.9500,False,False,66.0484
AMD,Northland Capital Markets,2020-08-24,83.0800,80.0000,107.6500,False,False,34.5625
AMD,Piper Sandler,2020-08-25,86.3500,100.0000,108.3000,True,True,8.3000
AMD,Truist Securities,2020-10-12,84.2900,90.0000,105.0400,True,True,16.7111
AMD,Susquehanna,2020-10-26,82.2300,95.0000,122.9300,True,True,29.4000
AMD,Barclays,2020-10-28,76.4000,100.0000,121.1600,True,True,21.1600
AMD,Craig-Hallum,2020-10-28,76.4000,100.0000,121.1600,True,True,21.1600
AMD,Citigroup,2020-10-28,76.4000,13.0000,121.1600,False,False,832.0000
AMD,Goldman Sachs,2020-11-04,81.3500,96.0000,137.5000,True,True,43.2292
AMD,Wells Fargo,2020-11-06,85.8800,100.0000,150.1600,True,True,50.1600
AMD,BMO Capital,2021-01-14,90.7900,75.0000,132.7400,False,False,76.9867
AMD,Cowen & Co.,2021-01-14,90.7900,110.0000,132.7400,True,True,20.6727
AMD,RBC Capital,2021-01-25,94.1300,105.0000,116.5300,True,True,10.9810
AMD,Rosenblatt,2021-01-27,88.8400,135.0000,110.7100,True,False,17.9926
AMD,JP Morgan,2021-01-27,88.8400,100.0000,110.7100,True,True,10.7100
AMD,Loop Capital,2021-01-27,88.8400,115.0000,110.7100,True,False,3.7304
AMD,Mizuho,2021-01-27,88.8400,105.0000,110.7100,True,True,5.4381
AMD,Northland Capital Markets,2021-03-25,76.2200,96.0000,120.5300,True,True,25.5521
AMD,Raymond James,2021-04-15,83.0100,100.0000,97.7400,True,False,2.2600
AMD,Raymond James,2021-04-28,84.0200,110.0000,84.9100,True,False,22.8091
AMD,Mizuho,2021-04-28,84.0200,107.0000,84.9100,True,False,20.6449
AMD,Citigroup,2021-07-15,86.9300,95.0000,81.1100,True,False,14.6211
AMD,Rosenblatt,2021-07-28,97.9300,150.0000,91.6700,True,False,38.8867
AMD,Susquehanna,2021-07-28,97.9300,130.0000,91.6700,True,False,29.4846
AMD,Benchmark,2021-07-28,97.9300,110.0000,91.6700,True,False,16.6636
AMD,BMO Capital,2021-08-09,107.5800,110.0000,95.5400,True,False,13.1455
AMD,Piper Sandler,2021-09-23,106.1500,120.0000,67.9600,True,False,43.3667
AMD,Raymond James,2021-10-27,122.2800,140.0000,58.6000,True,False,58.1429
AMD,Rosenblatt,2021-10-27,122.2800,180.0000,58.6000,True,False,67.4444
AMD,Mizuho,2021-10-27,122.2800,135.0000,58.6000,True,False,56.5926
AMD,Deutsche Bank,2021-10-27,122.2800,113.0000,58.6000,False,True,48.1416
AMD,Barclays,2021-10-27,122.2800,135.0000,58.6000,True,False,56.5926
AMD,BMO Capital,2021-10-27,122.2800,120.0000,58.6000,False,True,51.1667
AMD,Northland Capital Markets,2021-11-01,125.2300,120.0000,59.6600,False,True,50.2833
AMD,Keybanc,2022-01-11,137.3100,155.0000,70.8000,True,False,54.3226
AMD,Barclays,2022-01-12,137.4700,148.0000,71.0000,True,False,52.0270
AMD,Piper Sandler,2022-01-20,121.8900,130.0000,76.5300,True,False,41.1308
AMD,Keybanc,2022-02-02,122.7600,165.0000,86.0900,True,False,47.8242
AMD,Rosenblatt,2022-02-02,122.7600,200.0000,86.0900,True,False,56.9550
AMD,Raymond James,2022-02-02,122.7600,160.0000,86.0900,True,False,46.1938
AMD,Mizuho,2022-02-02,122.7600,160.0000,86.0900,True,False,46.1938
AMD,Daiwa Capital,2022-02-09,132.8500,150.0000,81.4800,True,False,45.6800
AMD,Bernstein,2022-02-22,115.6500,150.0000,79.7500,True,False,46.8333
AMD,Barclays,2022-03-31,109.3400,115.0000,96.5600,True,False,16.0348
AMD,Deutsche Bank,2022-04-05,106.8200,125.0000,92.4700,True,False,26.0240
AMD,Truist Securities,2022-04-08,101.0000,111.0000,92.3300,True,False,16.8198
AMD,Deutsche Bank,2022-04-20,94.0200,115.0000,88.4300,True,False,23.1043
AMD,Wells Fargo,2022-04-22,88.1400,140.0000,83.8000,True,False,40.1429
AMD,Raymond James,2022-04-25,90.6900,160.0000,85.9400,True,False,46.2875
AMD,Keybanc,2022-05-04,99.4200,150.0000,89.8400,True,False,40.1067
AMD,Piper Sandler,2022-05-04,99.4200,98.0000,89.8400,False,True,8.3265
AMD,Jefferies,2022-05-04,99.4200,147.0000,89.8400,True,False,38.8844
AMD,Benchmark,2022-05-04,99.4200,125.0000,89.8400,True,False,28.1280
AMD,Mizuho,2022-05-04,99.4200,145.0000,89.8400,True,False,38.0414
AMD,Piper Sandler,2022-05-17,102.4700,140.0000,107.9300,True,False,22.9071
AMD,Benchmark,2022-06-10,94.8200,135.0000,124.5300,True,False,7.7556
AMD,B of A Securities,2022-06-29,77.9900,110.0000,113.9100,True,True,3.5545
AMD,Northland Capital Markets,2022-06-30,76.4700,95.0000,115.8200,True,True,21.9158
AMD,Barclays,2022-07-11,76.9500,85.0000,114.5800,True,True,34.8000
AMD,Keybanc,2022-07-12,76.3600,130.0000,115.9200,True,False,10.8308
AMD,Cowen & Co.,2022-07-12,76.3600,120.0000,115.9200,True,False,3.4000
AMD,Susquehanna,2022-07-13,77.5200,120.0000,115.9400,True,False,3.3833
AMD,BMO Capital,2022-07-14,78.6000,115.0000,118.3200,True,True,2.8870
AMD,Wells Fargo,2022-07-19,85.8800,130.0000,110.2500,True,False,15.1923
AMD,Deutsche Bank,2022-07-20,89.4300,85.0000,110.9500,False,False,30.5294
AMD,Morgan Stanley,2022-08-02,99.2900,101.0000,113.1500,True,True,12.0297
AMD,Citigroup,2022-08-03,98.0900,96.0000,115.8200,False,False,20.6458
AMD,Raymond James,2022-08-03,98.0900,130.0000,115.8200,True,False,10.9077
AMD,UBS,2022-08-03,98.0900,120.0000,115.8200,True,False,3.4833
AMD,Mizuho,2022-08-03,98.0900,140.0000,115.8200,True,False,17.2714
AMD,Deutsche Bank,2022-08-03,98.0900,95.0000,115.8200,False,False,21.9158
AMD,JP Morgan,2022-08-03,98.0900,120.0000,115.8200,True,False,3.4833
AMD,Morgan Stanley,2022-08-03,98.0900,102.0000,115.8200,True,True,13.5490
AMD,Northland Capital Markets,2022-08-03,98.0900,105.0000,115.8200,True,True,10.3048
AMD,B of A Securities,2022-08-03,98.0900,120.0000,115.8200,True,False,3.4833
AMD,KGI Securities,2022-08-03,98.0900,125.0000,115.8200,True,False,7.3440
AMD,Goldman Sachs,2022-08-04,103.9100,112.0000,116.8100,True,True,4.2946
AMD,Stifel,2022-09-08,82.7800,122.0000,105.3200,True,False,13.6721
AMD,Mizuho,2022-09-15,76.6600,125.0000,102.3700,True,False,18.1040
AMD,B of A Securities,2022-09-22,69.5000,100.0000,97.3800,True,False,2.6200
AMD,Morgan Stanley,2022-09-23,67.9600,95.0000,95.9600,True,True,1.0105
AMD,Goldman Sachs,2022-10-04,67.9000,88.0000,102.9100,True,True,16.9432
AMD,Wells Fargo,2022-10-05,67.9400,90.0000,107.2400,True,True,19.1556
AMD,Keybanc,2022-10-07,58.4400,100.0000,109.0100,True,True,9.0100
AMD,Piper Sandler,2022-10-07,58.4400,90.0000,109.0100,True,True,21.1222
AMD,Barclays,2022-10-07,58.4400,68.0000,109.0100,True,True,60.3088
AMD,Raymond James,2022-10-07,58.4400,100.0000,109.0100,True,True,9.0100
AMD,Morgan Stanley,2022-10-07,58.4400,86.0000,109.0100,True,True,26.7558
AMD,Benchmark,2022-10-07,58.4400,95.0000,109.0100,True,True,14.7474
AMD,Truist Securities,2022-10-07,58.4400,70.0000,109.0100,True,True,55.7286
AMD,Wells Fargo,2022-10-07,58.4400,85.0000,109.0100,True,True,28.2471
AMD,Baird,2022-10-07,58.4400,65.0000,109.0100,True,True,67.7077
AMD,Mizuho,2022-10-07,58.4400,102.0000,109.0100,True,True,6.8726
AMD,Stifel,2022-10-07,58.4400,100.0000,109.0100,True,True,9.0100
AMD,B of A Securities,2022-10-07,58.4400,90.0000,109.0100,True,True,21.1222
AMD,Craig-Hallum,2022-10-07,58.4400,76.0000,109.0100,True,True,43.4342
AMD,Deutsche Bank,2022-10-07,58.4400,80.0000,109.0100,True,True,36.2625
AMD,JP Morgan,2022-10-07,58.4400,80.0000,109.0100,True,True,36.2625
AMD,Cowen & Co.,2022-10-10,57.8100,100.0000,108.3100,True,True,8.3100
AMD,Citigroup,2022-10-10,57.8100,65.0000,108.3100,True,True,66.6308
AMD,Northland Capital Markets,2022-10-10,57.8100,80.0000,108.3100,True,True,35.3875
AMD,Deutsche Bank,2022-10-18,57.9200,70.0000,102.4000,True,True,46.2857
AMD,HSBC,2022-10-24,58.7000,60.0000,96.0600,True,True,60.1000
AMD,Northland Capital Markets,2022-10-31,60.0600,60.0000,108.0400,False,False,80.0667
AMD,Morgan Stanley,2022-10-31,60.0600,77.0000,108.0400,True,True,40.3117
AMD,B of A Securities,2022-11-01,59.6600,82.0000,107.8300,True,True,31.5000
AMD,Keybanc,2022-11-02,58.6300,85.0000,112.2500,True,True,32.0588
AMD,Deutsche Bank,2022-11-02,58.6300,68.0000,112.2500,True,True,65.0735
AMD,UBS,2022-11-02,58.6300,75.0000,112.2500,True,True,49.6667
AMD,Raymond James,2022-11-02,58.6300,80.0000,112.2500,True,True,40.3125
AMD,Mizuho,2022-11-02,58.6300,95.0000,112.2500,True,True,18.1579
AMD,Stifel,2022-11-02,58.6300,91.0000,112.2500,True,True,23.3516
AMD,Goldman Sachs,2022-11-03,60.1100,74.0000,111.7500,True,True,51.0135
AMD,Baird,2022-11-14,73.5300,100.0000,118.0000,True,True,18.0000
AMD,UBS,2022-11-14,73.5300,95.0000,118.0000,True,True,24.2105
AMD,Keybanc,2023-01-11,69.0600,80.0000,146.5600,True,True,83.2000
AMD,Barclays,2023-01-11,69.0600,70.0000,146.5600,True,True,109.3714
AMD,Barclays,2023-01-23,76.5300,85.0000,178.2900,True,True,109.7529
AMD,Truist Securities,2023-01-23,76.5300,79.0000,178.2900,True,True,125.6835
AMD,Bernstein,2023-01-24,74.7000,80.0000,180.3300,True,True,125.4125
AMD,Susquehanna,2023-01-30,72.4500,88.0000,167.6900,True,True,90.5568
AMD,Keybanc,2023-02-01,84.6400,95.0000,177.6600,True,True,87.0105
AMD,Barclays,2023-02-01,84.6400,90.0000,177.6600,True,True,97.4000
AMD,Mizuho,2023-02-01,84.6400,90.0000,177.6600,True,True,97.4000
AMD,Morgan Stanley,2023-02-01,84.6400,87.0000,177.6600,True,True,104.2069
AMD,Credit Suisse,2023-02-01,84.6400,96.0000,177.6600,True,True,85.0625
AMD,Northland Capital Markets,2023-02-01,84.6400,68.0000,177.6600,False,False,161.2647
AMD,B of A Securities,2023-02-01,84.6400,82.0000,177.6600,False,False,116.6585
AMD,Citigroup,2023-02-02,88.3100,76.0000,174.2300,False,False,129.2500
AMD,Benchmark,2023-02-14,85.9500,103.0000,176.7600,True,True,71.6116
AMD,Raymond James,2023-03-20,96.8100,115.0000,179.7300,True,True,56.2870
AMD,Wells Fargo,2023-03-30,97.8800,120.0000,178.7000,True,True,48.9167
AMD,Piper Sandler,2023-04-10,95.4800,110.0000,167.1400,True,True,51.9455
AMD,Keybanc,2023-04-11,94.0300,110.0000,170.5000,True,True,55.0000
AMD,Susquehanna,2023-04-24,87.5700,115.0000,151.7400,True,True,31.9478
AMD,Stifel,2023-04-25,83.8000,98.0000,153.7600,True,True,56.8980
AMD,Morgan Stanley,2023-05-01,89.6900,102.0000,144.2700,True,True,41.4412
AMD,Rosenblatt,2023-05-01,89.6900,200.0000,144.2700,True,False,27.8650
AMD,Citigroup,2023-05-03,81.6200,85.0000,150.6000,True,True,77.1765
AMD,Raymond James,2023-05-03,81.6200,110.0000,150.6000,True,True,36.9091
AMD,Rosenblatt,2023-05-03,81.6200,200.0000,150.6000,True,False,24.7000
AMD,TD Cowen,2023-05-03,81.6200,115.0000,150.6000,True,True,30.9565
AMD,Susquehanna,2023-05-03,81.6200,120.0000,150.6000,True,True,25.5000
AMD,Benchmark,2023-05-03,81.6200,108.0000,150.6000,True,True,39.4445
AMD,Craig-Hallum,2023-05-03,81.6200,100.0000,150.6000,True,True,50.6000
AMD,Wedbush,2023-05-03,81.6200,95.0000,150.6000,True,True,58.5263
AMD,Morgan Stanley,2023-05-03,81.6200,97.0000,150.6000,True,True,55.2577
AMD,Goldman Sachs,2023-05-03,81.6200,97.0000,150.6000,True,True,55.2577
AMD,Truist Securities,2023-05-03,81.6200,84.0000,150.6000,True,True,79.2857
AMD,B of A Securities,2023-05-10,97.0200,105.0000,151.9200,True,True,44.6857
AMD,B of A Securities,2023-05-23,108.1200,120.0000,160.4300,True,True,33.6917
AMD,B of A Securities,2023-05-31,118.2100,135.0000,166.9000,True,True,23.6296
AMD,Citigroup,2023-06-05,117.9300,120.0000,166.1700,True,True,38.4750
AMD,Piper Sandler,2023-06-06,124.2300,150.0000,166.7800,True,True,11.1867
AMD,Citigroup,2023-06-06,124.2300,120.0000,166.7800,False,False,38.9833
AMD,Keybanc,2023-06-12,129.1900,150.0000,160.2400,True,True,6.8267
AMD,Rosenblatt,2023-06-12,129.1900,200.0000,160.2400,True,False,19.8800
AMD,Wedbush,2023-06-12,129.1900,145.0000,160.2400,True,True,10.5103
AMD,Raymond James,2023-06-14,127.3300,145.0000,159.6300,True,True,10.0897
AMD,Wedbush,2023-06-14,127.3300,145.0000,159.6300,True,True,10.0897
AMD,Barclays,2023-06-14,127.3300,145.0000,159.6300,True,True,10.0897
AMD,Mizuho,2023-06-14,127.3300,140.0000,159.6300,True,True,14.0214
AMD,Wells Fargo,2023-06-14,127.3300,150.0000,159.6300,True,True,6.4200
AMD,Jefferies,2023-06-14,127.3300,145.0000,159.6300,True,True,10.0897
AMD,Susquehanna,2023-06-14,127.3300,145.0000,159.6300,True,True,10.0897
AMD,Craig-Hallum,2023-06-14,127.3300,158.0000,159.6300,True,True,1.0316
AMD,BMO Capital,2023-06-14,127.3300,150.0000,159.6300,True,True,6.4200
AMD,Goldman Sachs,2023-06-15,124.2400,137.0000,158.4000,True,True,15.6204
AMD,Morgan Stanley,2023-06-16,120.0800,138.0000,154.6300,True,True,12.0507
AMD,Mizuho,2023-06-22,110.7000,140.0000,160.2500,True,True,14.4643
AMD,Northland Capital Markets,2023-07-05,113.9500,150.0000,171.9000,True,True,14.6000
AMD,Keybanc,2023-07-11,111.3200,160.0000,181.9400,True,True,13.7125
AMD,TD Cowen,2023-07-12,114.5800,135.0000,181.6100,True,True,34.5259
AMD,B of A Securities,2023-07-18,117.9300,130.0000,155.7700,True,True,19.8231
AMD,Wolfe Research,2023-07-20,110.2500,150.0000,155.8700,True,True,3.9133
AMD,Rosenblatt,2023-07-27,111.1000,200.0000,139.7500,True,False,30.1250
AMD,Citigroup,2023-08-02,109.3500,136.0000,132.5000,True,False,2.5735
AMD,Rosenblatt,2023-08-02,109.3500,200.0000,132.5000,True,False,33.7500
AMD,Susquehanna,2023-08-02,109.3500,145.0000,132.5000,True,False,8.6207
AMD,Wedbush,2023-08-02,109.3500,155.0000,132.5000,True,False,14.5161
AMD,B of A Securities,2023-08-02,109.3500,132.0000,132.5000,True,True,0.3788
AMD,JP Morgan,2023-08-02,109.3500,130.0000,132.5000,True,True,1.9231
AMD,Benchmark,2023-08-03,113.1500,145.0000,134.8200,True,False,7.0207
AMD,Keybanc,2023-11-01,108.0400,140.0000,141.8600,True,True,1.3286
AMD,Raymond James,2023-11-01,108.0400,125.0000,141.8600,True,True,13.4880
AMD,Morgan Stanley,2023-11-01,108.0400,128.0000,141.8600,True,True,10.8281
AMD,Wedbush,2023-11-01,108.0400,130.0000,141.8600,True,True,9.1231
AMD,Barclays,2023-11-01,108.0400,120.0000,141.8600,True,True,18.2167
AMD,Mizuho,2023-11-01,108.0400,130.0000,141.8600,True,True,9.1231
AMD,Truist Securities,2023-11-01,108.0400,98.0000,141.8600,False,False,44.7551
AMD,UBS,2023-11-02,107.8300,135.0000,140.7100,True,True,4.2296
AMD,Roth MKM,2023-11-14,119.8800,125.0000,138.8400,True,True,11.0720
AMD,Raymond James,2023-12-07,128.3700,140.0000,130.8700,True,False,6.5214
AMD,Stifel,2023-12-07,128.3700,145.0000,130.8700,True,False,9.7448
AMD,Rosenblatt,2023-12-07,128.3700,200.0000,130.8700,True,False,34.5650
AMD,B of A Securities,2023-12-15,139.1500,165.0000,125.0200,True,False,24.2303
AMD,Goldman Sachs,2023-12-18,138.9000,157.0000,121.4100,True,False,22.6688
AMD,Keybanc,2024-01-04,136.0100,170.0000,129.5500,True,False,23.7941
AMD,Mizuho,2024-01-05,138.5800,162.0000,127.3300,True,False,21.4012
AMD,Melius Research,2024-01-08,146.1800,188.0000,121.8400,True,False,35.1915
AMD,Keybanc,2024-01-16,158.7400,195.0000,118.4400,True,False,39.2615
AMD,Barclays,2024-01-16,158.7400,200.0000,118.4400,True,False,40.7800
AMD,Raymond James,2024-01-19,174.2300,190.0000,123.7500,True,False,34.8684
AMD,Cantor Fitzgerald,2024-01-23,168.4200,190.0000,122.8400,True,False,35.3474
AMD,New Street Research,2024-01-24,178.2900,215.0000,115.0100,True,False,46.5070
AMD,UBS,2024-01-25,180.3300,220.0000,114.1700,True,False,48.1045
AMD,Susquehanna,2024-01-29,177.8300,210.0000,118.8600,True,False,43.4000
AMD,B of A Securities,2024-01-29,177.8300,195.0000,118.8600,True,False,39.0462
AMD,Morgan Stanley,2024-01-29,177.8300,193.0000,118.8600,True,False,38.4145
AMD,Cantor Fitzgerald,2024-01-29,177.8300,190.0000,118.8600,True,False,37.4421
AMD,Raymond James,2024-01-30,172.0600,195.0000,115.9500,True,False,40.5385
AMD,Rosenblatt,2024-01-30,172.0600,200.0000,115.9500,True,False,42.0250
AMD,Keybanc,2024-01-31,167.6900,270.0000,114.2700,True,False,57.6778
AMD,JP Morgan,2024-01-31,167.6900,180.0000,114.2700,True,False,36.5167
AMD,Citigroup,2024-01-31,167.6900,192.0000,114.2700,True,False,40.4844
AMD,Rosenblatt,2024-01-31,167.6900,250.0000,114.2700,True,False,54.2920
AMD,Susquehanna,2024-01-31,167.6900,200.0000,114.2700,True,False,42.8650
AMD,Raymond James,2024-01-31,167.6900,180.0000,114.2700,True,False,36.5167
AMD,Wedbush,2024-01-31,167.6900,200.0000,114.2700,True,False,42.8650
AMD,Northland Capital Markets,2024-01-31,167.6900,195.0000,114.2700,True,False,41.4000
AMD,Wells Fargo,2024-01-31,167.6900,190.0000,114.2700,True,False,39.8579
AMD,Roth MKM,2024-01-31,167.6900,190.0000,114.2700,True,False,39.8579
AMD,Cantor Fitzgerald,2024-01-31,167.6900,190.0000,114.2700,True,False,39.8579
AMD,Truist Securities,2024-01-31,167.6900,174.0000,114.2700,True,False,34.3276
AMD,Goldman Sachs,2024-02-01,170.4800,180.0000,119.5000,True,False,33.6111
AMD,Cantor Fitzgerald,2024-02-12,171.9100,190.0000,111.8100,True,False,41.1526
AMD,Mizuho,2024-02-13,171.5400,200.0000,113.1000,True,False,43.4500
AMD,Cantor Fitzgerald,2024-02-20,165.6900,190.0000,110.8400,True,False,41.6632
AMD,Barclays,2024-03-04,205.3600,235.0000,98.8500,True,False,57.9362
AMD,Cantor Fitzgerald,2024-03-04,205.3600,190.0000,98.8500,False,True,47.9737
AMD,DZ Bank,2024-03-07,211.3800,200.0000,96.7600,False,True,51.6200
AMD,Mizuho,2024-03-07,211.3800,235.0000,96.7600,True,False,58.8255
AMD,Melius Research,2024-03-08,207.3900,265.0000,100.7900,True,False,61.9660
AMD,Cantor Fitzgerald,2024-03-11,198.3900,190.0000,98.1100,False,True,48.3632
AMD,Susquehanna,2024-04-04,165.8300,200.0000,83.6400,True,False,58.1800
AMD,HSBC,2024-04-16,163.4600,225.0000,87.5000,True,False,61.1111
AMD,Evercore ISI Group,2024-04-16,163.4600,200.0000,87.5000,True,False,56.2500
AMD,Wedbush,2024-04-17,154.0200,200.0000,85.5600,True,False,57.2200
AMD,TD Cowen,2024-04-18,155.0800,200.0000,86.2600,True,False,56.8700
AMD,Susquehanna,2024-04-29,160.2000,185.0000,96.6500,True,False,47.7568
AMD,Morgan Stanley,2024-04-29,160.2000,177.0000,96.6500,True,False,45.3955
AMD,Rosenblatt,2024-05-01,144.2700,250.0000,100.5900,True,False,59.7640
AMD,Truist Securities,2024-05-01,144.2700,162.0000,100.5900,True,False,37.9074
AMD,Wedbush,2024-05-01,144.2700,200.0000,100.5900,True,False,49.7050
AMD,Piper Sandler,2024-05-01,144.2700,175.0000,100.5900,True,False,42.5200
AMD,Mizuho,2024-05-01,144.2700,215.0000,100.5900,True,False,53.2140
AMD,Cantor Fitzgerald,2024-05-01,144.2700,170.0000,100.5900,True,False,40.8294
AMD,Keybanc,2024-05-01,144.2700,230.0000,100.5900,True,False,56.2652
AMD,Evercore ISI Group,2024-05-01,144.2700,193.0000,100.5900,True,False,47.8808
AMD,UBS,2024-05-01,144.2700,200.0000,100.5900,True,False,49.7050
AMD,Roth MKM,2024-05-01,144.2700,180.0000,100.5900,True,False,44.1167
AMD,Citigroup,2024-05-01,144.2700,176.0000,100.5900,True,False,42.8466
AMD,Benchmark,2024-05-02,146.1600,200.0000,98.6200,True,False,50.6900
AMD,Jefferies,2024-05-13,150.5600,190.0000,114.9900,True,False,39.4789
AMD,Morgan Stanley,2024-06-10,160.3400,176.0000,118.5000,True,False,32.6705
AMD,Susquehanna,2024-06-10,160.3400,200.0000,118.5000,True,False,40.7500
AMD,Keybanc,2024-07-09,177.1000,220.0000,146.4200,True,False,33.4455
AMD,Wells Fargo,2024-07-11,181.9400,205.0000,155.6100,True,False,24.0927
AMD,Citigroup,2024-07-15,179.8300,210.0000,160.4100,True,False,23.6143
AMD,TD Cowen,2024-07-15,179.8300,210.0000,160.4100,True,False,23.6143
AMD,Cantor Fitzgerald,2024-07-16,177.5500,200.0000,156.9900,True,False,21.5050
AMD,Susquehanna,2024-07-25,138.3200,200.0000,177.4400,True,False,11.2800
AMD,Barclays,2024-07-29,139.7500,180.0000,176.3100,True,False,2.0500
AMD,Baird,2024-07-31,144.4800,175.0000,176.7800,True,True,1.0171
AMD,Truist Securities,2024-07-31,144.4800,156.0000,176.7800,True,True,13.3205
AMD,Rosenblatt,2024-07-31,144.4800,250.0000,176.7800,True,False,29.2880
AMD,Cantor Fitzgerald,2024-07-31,144.4800,180.0000,176.7800,True,False,1.7889
AMD,Wedbush,2024-07-31,144.4800,200.0000,176.7800,True,False,11.6100
AMD,B of A Securities,2024-07-31,144.4800,180.0000,176.7800,True,False,1.7889
AMD,Susquehanna,2024-07-31,144.4800,200.0000,176.7800,True,False,11.6100
AMD,Morgan Stanley,2024-07-31,144.4800,178.0000,176.7800,True,False,0.6854
AMD,B of A Securities,2024-10-03,162.8500,180.0000,211.5100,True,True,17.5056
AMD,Cantor Fitzgerald,2024-10-07,170.9700,180.0000,232.8900,True,True,29.3833
AMD,Cantor Fitzgerald,2024-10-08,172.8000,180.0000,214.9000,True,True,19.3889
AMD,Piper Sandler,2024-10-11,167.8900,200.0000,238.6000,True,True,19.3000
AMD,Cantor Fitzgerald,2024-10-11,167.8900,180.0000,238.6000,True,True,32.5556
AMD,Roth MKM,2024-10-11,167.8900,200.0000,238.6000,True,True,19.3000
AMD,Citigroup,2024-10-11,167.8900,210.0000,238.6000,True,True,13.6191
AMD,Rosenblatt,2024-10-28,159.9200,250.0000,254.8400,True,True,1.9360
AMD,Baird,2024-10-30,148.6000,175.0000,259.6500,True,True,48.3714
AMD,Morgan Stanley,2024-10-30,148.6000,169.0000,259.6500,True,True,53.6390
AMD,UBS,2024-10-30,148.6000,205.0000,259.6500,True,True,26.6585
AMD,Evercore ISI Group,2024-10-30,148.6000,198.0000,259.6500,True,True,31.1364
AMD,Barclays,2024-10-30,148.6000,170.0000,259.6500,True,True,52.7353
AMD,Piper Sandler,2024-10-30,148.6000,180.0000,259.6500,True,True,44.2500
AMD,Cantor Fitzgerald,2024-10-30,148.6000,180.0000,259.6500,True,True,44.2500
AMD,Mizuho,2024-10-30,148.6000,185.0000,259.6500,True,True,40.3513
AMD,TD Cowen,2024-10-30,148.6000,185.0000,259.6500,True,True,40.3513
AMD,Citigroup,2024-10-30,148.6000,200.0000,259.6500,True,True,29.8250
AMD,Benchmark,2024-10-31,144.0700,200.0000,250.0500,True,True,25.0250
AMD,Mizuho,2024-12-05,141.3600,180.0000,221.6200,True,True,23.1222
AMD,B of A Securities,2024-12-09,130.8700,155.0000,221.4300,True,True,42.8581
AMD,Truist Securities,2024-12-16,126.6900,145.0000,201.0600,True,True,38.6621
AMD,Morgan Stanley,2024-12-20,119.2100,158.0000,215.0400,True,True,36.1013
AMD,HSBC,2025-01-08,121.8400,110.0000,207.6900,False,False,88.8091
AMD,Goldman Sachs,2025-01-10,116.0400,129.0000,220.9700,True,True,71.2946
AMD,Mizuho,2025-01-10,116.0400,160.0000,220.9700,True,True,38.1063
AMD,Wells Fargo,2025-01-13,117.3200,165.0000,223.6000,True,True,35.5152
AMD,Loop Capital,2025-01-14,116.0900,175.0000,227.9200,True,True,30.2400
AMD,Keybanc,2025-01-14,116.0900,150.0000,227.9200,True,True,51.9467
AMD,Barclays,2025-01-17,121.4600,140.0000,249.8000,True,True,78.4286
AMD,Citigroup,2025-01-21,122.2800,175.0000,253.7300,True,True,44.9886
AMD,Wedbush,2025-01-27,115.0100,150.0000,252.7400,True,True,68.4933
AMD,Melius Research,2025-01-28,114.1700,129.0000,252.1800,True,True,95.4884
AMD,Susquehanna,2025-01-29,117.3500,165.0000,236.7300,True,True,43.4727
AMD,Rosenblatt,2025-02-04,119.5000,250.0000,192.5000,True,False,23.0000
AMD,Morgan Stanley,2025-02-04,119.5000,147.0000,192.5000,True,True,30.9524
AMD,JP Morgan,2025-02-05,112.0100,130.0000,208.4400,True,True,60.3385
AMD,Truist Securities,2025-02-05,112.0100,130.0000,208.4400,True,True,60.3385
AMD,Keybanc,2025-02-05,112.0100,140.0000,208.4400,True,True,48.8857
AMD,B of A Securities,2025-02-05,112.0100,135.0000,208.4400,True,True,54.4000
AMD,Benchmark,2025-02-05,112.0100,170.0000,208.4400,True,True,22.6118
AMD,Wells Fargo,2025-02-05,112.0100,140.0000,208.4400,True,True,48.8857
AMD,Morgan Stanley,2025-02-05,112.0100,137.0000,208.4400,True,True,52.1460
AMD,Piper Sandler,2025-02-05,112.0100,140.0000,208.4400,True,True,48.8857
AMD,Susquehanna,2025-02-05,112.0100,150.0000,208.4400,True,True,38.9600
AMD,Stifel,2025-02-05,112.0100,162.0000,208.4400,True,True,28.6667
AMD,Mizuho,2025-02-05,112.0100,140.0000,208.4400,True,True,48.8857
AMD,Argus Research,2025-02-06,110.1600,160.0000,216.0000,True,True,35.0000
AMD,UBS,2025-02-06,110.1600,175.0000,216.0000,True,True,23.4286
AMD,Daiwa Capital,2025-02-14,113.1000,130.0000,200.1200,True,True,53.9385
AMD,Benchmark,2025-02-18,114.2800,170.0000,203.3700,True,True,19.6294
AMD,Citigroup,2025-02-25,103.9600,110.0000,203.6800,True,True,85.1636
AMD,JP Morgan,2025-03-12,100.7900,130.0000,193.3900,True,True,48.7615
AMD,Mizuho,2025-03-14,100.9700,120.0000,196.3100,True,True,63.5917
AMD,Jefferies,2025-03-27,106.6500,120.0000,196.0400,True,True,63.3667
AMD,Citigroup,2025-04-11,93.4000,100.0000,258.1200,True,True,158.1200
AMD,B of A Securities,2025-04-16,88.2900,110.0000,274.9500,True,True,149.9546
AMD,Evercore ISI Group,2025-04-17,87.5000,126.0000,284.4900,True,True,125.7857
AMD,Wells Fargo,2025-04-17,87.5000,120.0000,284.4900,True,True,137.0750
AMD,UBS,2025-04-17,87.5000,155.0000,284.4900,True,True,83.5419
AMD,Barclays,2025-04-22,86.2600,110.0000,305.3300,True,True,177.5727
AMD,Bernstein,2025-04-22,86.2600,95.0000,305.3300,True,True,221.4000
AMD,Wedbush,2025-04-23,90.3900,115.0000,347.8100,True,True,202.4435
AMD,Susquehanna,2025-04-24,94.4700,135.0000,334.6300,True,True,147.8741
AMD,Stifel,2025-04-28,96.3900,132.0000,337.1100,True,True,155.3864
AMD,Seaport Global,2025-04-30,97.3500,110.0000,360.5400,True,True,227.7636
AMD,B of A Securities,2025-05-07,100.3600,120.0000,455.1900,True,True,279.3250
AMD,Mizuho,2025-05-07,100.3600,117.0000,455.1900,True,True,289.0513
AMD,Rosenblatt,2025-05-07,100.3600,200.0000,455.1900,True,True,127.5950
AMD,Morgan Stanley,2025-05-07,100.3600,121.0000,455.1900,True,True,276.1901
AMD,Loop Capital,2025-05-07,100.3600,140.0000,455.1900,True,True,225.1357
AMD,Cantor Fitzgerald,2025-05-07,100.3600,120.0000,455.1900,True,True,279.3250
AMD,Piper Sandler,2025-05-07,100.3600,125.0000,455.1900,True,True,264.1520
AMD,UBS,2025-05-07,100.3600,150.0000,455.1900,True,True,203.4600
AMD,Raymond James,2025-05-07,100.3600,120.0000,455.1900,True,True,279.3250
AMD,Wedbush,2025-05-07,100.3600,120.0000,455.1900,True,True,279.3250
AMD,Baird,2025-05-07,100.3600,140.0000,455.1900,True,True,225.1357
AMD,Jefferies,2025-05-07,100.3600,100.0000,455.1900,False,False,355.1900
AMD,B of A Securities,2025-05-14,117.7200,130.0000,424.1000,True,True,226.2308
AMD,Barclays,2025-05-16,117.1700,130.0000,414.0500,True,True,218.5000
AMD,Mizuho,2025-05-19,114.7400,135.0000,447.5800,True,True,231.5407
AMD,Citigroup,2025-06-09,121.7300,120.0000,452.4000,False,False,277.0000
AMD,Rosenblatt,2025-06-13,116.1600,200.0000,507.2900,True,True,153.6450
AMD,Benchmark,2025-06-13,116.1600,170.0000,507.2900,True,True,198.4059
AMD,Evercore ISI Group,2025-06-13,116.1600,144.0000,507.2900,True,True,252.2847
AMD,Roth Capital,2025-06-13,116.1600,150.0000,507.2900,True,True,238.1933
AMD,Stifel,2025-06-13,116.1600,132.0000,507.2900,True,True,284.3106
AMD,Piper Sandler,2025-06-16,126.3900,140.0000,512.4800,True,True,266.0571
AMD,Melius Research,2025-06-23,129.5800,175.0000,519.7400,True,True,196.9943
AMD,Melius Research,2025-06-24,138.4300,175.0000,532.5700,True,True,204.3257
AMD,Mizuho,2025-07-03,137.9100,152.0000,516.1100,True,True,239.5460
AMD,Citigroup,2025-07-07,134.8000,145.0000,517.4100,True,True,256.8345
AMD,HSBC,2025-07-10,144.1600,200.0000,534.3900,True,True,167.1950
AMD,Goldman Sachs,2025-07-10,144.1600,140.0000,534.3900,False,False,281.7072
AMD,B of A Securities,2025-07-15,155.6100,175.0000,500.9400,True,True,186.2514
AMD,Mizuho,2025-07-16,160.0800,175.0000,495.7600,True,True,183.2914
AMD,Wells Fargo,2025-07-16,160.0800,185.0000,495.7600,True,True,167.9784
AMD,Citigroup,2025-07-18,156.9900,165.0000,544.4300,True,True,229.9576
AMD,Bernstein,2025-07-21,157.0000,140.0000,552.3300,False,False,294.5214
AMD,UBS,2025-07-28,173.6600,210.0000,429.5600,True,True,104.5524
AMD,B of A Securities,2025-07-29,177.4400,200.0000,485.3900,True,True,142.6950
AMD,Morgan Stanley,2025-07-30,179.5100,185.0000,476.1500,True,True,157.3784
AMD,Susquehanna,2025-07-30,179.5100,210.0000,476.1500,True,True,126.7381
AMD,Mizuho,2025-08-06,163.1200,183.0000,483.3600,True,True,164.1311
AMD,Raymond James,2025-08-06,163.1200,200.0000,483.3600,True,True,141.6800
AMD,Stifel,2025-08-06,163.1200,190.0000,483.3600,True,True,154.4000
AMD,Morgan Stanley,2025-08-06,163.1200,168.0000,483.3600,True,True,187.7143
AMD,Benchmark,2025-08-06,163.1200,210.0000,483.3600,True,True,130.1714
AMD,Truist Securities,2025-08-06,163.1200,173.0000,483.3600,True,True,179.3988
AMD,Evercore ISI Group,2025-08-06,163.1200,188.0000,483.3600,True,True,157.1064
AMD,Cantor Fitzgerald,2025-08-06,163.1200,200.0000,483.3600,True,True,141.6800
AMD,Piper Sandler,2025-08-06,163.1200,190.0000,483.3600,True,True,154.4000
AMD,Wedbush,2025-08-06,163.1200,190.0000,483.3600,True,True,154.4000
AMD,Barclays,2025-08-06,163.1200,200.0000,483.3600,True,True,141.6800
AMD,JP Morgan,2025-08-06,163.1200,180.0000,483.3600,True,True,168.5333
AMD,Mizuho,2025-08-14,180.9500,205.0000,506.0000,True,True,146.8293
AMD,Truist Securities,2025-08-26,166.6200,213.0000,476.6700,True,True,123.7887
AMD,HSBC,2025-09-09,155.8200,185.0000,503.6000,True,True,172.2162
JPM,Deutsche Bank,2016-11-30,80.1700,90.0000,104.5200,True,True,16.1333
JPM,UBS,2017-01-11,87.0800,98.0000,110.8400,True,True,13.1020
JPM,"Keefe, Bruyette & Woods",2017-01-17,83.5500,89.0000,112.9900,True,True,26.9551
JPM,Credit Suisse,2017-07-17,91.3900,103.0000,110.5000,True,True,7.2816
JPM,Citigroup,2017-10-06,96.9200,96.0000,115.3200,False,False,20.1250
JPM,BMO Capital,2017-10-13,95.8600,91.0000,106.3400,False,False,16.8571
JPM,Baird,2017-10-13,95.8600,92.0000,106.3400,False,False,15.5870
JPM,Morgan Stanley,2017-10-13,95.8600,107.0000,106.3400,True,False,0.6168
JPM,B of A Securities,2017-10-13,95.8600,102.0000,106.3400,True,True,4.2549
JPM,Nomura,2017-10-13,95.8600,91.0000,106.3400,False,False,16.8571
JPM,Barclays,2017-10-13,95.8600,105.0000,106.3400,True,True,1.2762
JPM,Morgan Stanley,2018-02-02,114.2800,133.0000,103.7900,True,False,21.9624
JPM,Morgan Stanley,2018-02-21,115.1900,136.0000,105.0000,True,False,22.7941
JPM,Nomura,2018-02-28,115.5000,117.0000,104.4300,True,False,10.7436
JPM,BMO Capital,2018-02-28,115.5000,111.0000,104.4300,False,True,5.9189
JPM,Credit Suisse,2018-03-19,114.5300,127.0000,104.5200,True,False,17.7008
JPM,HSBC,2018-04-11,110.6200,111.0000,106.2300,True,False,4.2973
JPM,Morgan Stanley,2018-04-30,108.7800,135.0000,115.1600,True,False,14.6963
JPM,BMO Capital,2018-07-16,110.5800,118.0000,113.9900,True,False,3.3983
JPM,B of A Securities,2018-09-17,113.8400,132.0000,119.7600,True,False,9.2727
JPM,Citigroup,2018-09-26,115.0200,125.0000,117.7200,True,False,5.8240
JPM,Credit Suisse,2018-12-07,103.2900,128.0000,134.4100,True,True,5.0078
JPM,Morgan Stanley,2019-01-08,100.5700,124.0000,136.9400,True,True,10.4355
JPM,BMO Capital,2019-01-16,102.5000,123.0000,137.2500,True,True,11.5854
JPM,Wells Fargo,2019-02-14,102.4200,130.0000,137.4600,True,True,5.7385
JPM,BMO Capital,2019-02-28,104.3600,116.0000,116.1100,True,True,0.0948
JPM,BMO Capital,2019-04-15,109.9400,118.0000,90.7900,True,False,23.0593
JPM,Credit Suisse,2019-04-15,109.9400,132.0000,90.7900,True,False,31.2197
JPM,Morgan Stanley,2019-04-15,109.9400,130.0000,90.7900,True,False,30.1615
JPM,Buckingham Research,2019-09-16,119.1600,122.0000,99.2800,True,False,18.6230
JPM,UBS,2019-10-03,112.1900,131.0000,97.8900,True,False,25.2748
JPM,Baird,2019-10-16,119.6800,110.0000,101.7200,False,True,7.5273
JPM,Morgan Stanley,2019-10-16,119.6800,124.0000,101.7200,True,False,17.9677
JPM,UBS,2019-10-16,119.6800,132.0000,101.7200,True,False,22.9394
JPM,Morgan Stanley,2019-10-29,126.4300,138.0000,96.5400,True,False,30.0435
JPM,Morgan Stanley,2019-11-18,130.6200,141.0000,116.1100,True,False,17.6525
JPM,Credit Suisse,2019-11-26,131.6700,138.0000,122.0300,True,False,11.5725
JPM,Citigroup,2019-12-16,137.3400,140.0000,120.3200,True,False,14.0571
JPM,Wells Fargo,2019-12-20,137.2400,150.0000,123.5500,True,False,17.6333
JPM,DA Davidson,2020-01-08,136.9400,140.0000,135.8700,True,False,2.9500
JPM,DA Davidson,2020-01-09,137.4400,140.0000,136.0200,True,False,2.8429
JPM,Morgan Stanley,2020-01-15,136.7200,151.0000,141.1700,True,False,6.5099
JPM,Credit Suisse,2020-01-15,136.7200,147.0000,141.1700,True,False,3.9660
JPM,B of A Securities,2020-01-15,136.7200,147.0000,141.1700,True,False,3.9660
JPM,Piper Sandler,2020-01-15,136.7200,149.0000,141.1700,True,False,5.2550
JPM,Credit Suisse,2020-01-16,137.2500,147.0000,138.6400,True,False,5.6871
JPM,BMO Capital,2020-02-26,126.6400,134.0000,151.1800,True,True,12.8209
JPM,Piper Sandler,2020-03-02,121.5200,149.0000,150.0100,True,True,0.6778
JPM,Morgan Stanley,2020-03-02,121.5200,141.0000,150.0100,True,True,6.3901
JPM,Morgan Stanley,2020-03-09,93.4400,133.0000,151.8300,True,True,14.1579
JPM,Citigroup,2020-03-10,100.7000,125.0000,155.1300,True,True,24.1040
JPM,Citigroup,2020-03-27,91.1300,115.0000,152.6800,True,True,32.7652
JPM,Morgan Stanley,2020-03-27,91.1300,109.0000,152.6800,True,True,40.0734
JPM,Wells Fargo,2020-04-01,84.3600,125.0000,153.7100,True,True,22.9680
JPM,Deutsche Bank,2020-04-02,87.5100,105.0000,153.6200,True,True,46.3048
JPM,Piper Sandler,2020-04-03,84.0500,115.0000,152.5400,True,True,32.6435
JPM,Wells Fargo,2020-04-06,89.4600,115.0000,154.9300,True,True,34.7217
JPM,UBS,2020-04-06,89.4600,82.0000,154.9300,False,False,88.9390
JPM,Morgan Stanley,2020-04-15,90.7900,101.0000,152.1700,True,True,50.6634
JPM,BMO Capital,2020-04-15,90.7900,101.0000,152.1700,True,True,50.6634
JPM,UBS,2020-05-04,92.1400,96.0000,155.4800,True,True,61.9583
JPM,Morgan Stanley,2020-06-25,97.9600,106.0000,154.0500,True,True,45.3302
JPM,Seaport Global,2020-07-08,93.3000,119.0000,150.9400,True,True,26.8403
JPM,DA Davidson,2020-07-09,91.2800,117.0000,155.7700,True,True,33.1368
JPM,Atlantic Equities,2020-07-22,98.6900,120.0000,150.9300,True,True,25.7750
JPM,Deutsche Bank,2020-09-03,101.3300,115.0000,159.4900,True,True,38.6870
JPM,RBC Capital,2020-09-17,98.5600,110.0000,157.6800,True,True,43.3454
JPM,Independent Research,2020-09-29,95.3500,110.0000,165.9500,True,True,50.8636
JPM,Credit Suisse,2020-10-14,100.2200,126.0000,163.4700,True,True,29.7381
JPM,"Keefe, Bruyette & Woods",2020-11-19,115.5600,130.0000,160.9200,True,True,23.7846
JPM,Independent Research,2020-12-03,121.2400,125.0000,158.2900,True,True,26.6320
JPM,Jefferies,2021-01-07,135.8700,152.0000,165.5200,True,True,8.8947
JPM,Credit Suisse,2021-01-19,138.0400,150.0000,151.2700,True,True,0.8467
JPM,Morgan Stanley,2021-03-01,150.5000,150.0000,141.8000,False,True,5.4667
JPM,Wells Fargo,2021-03-15,155.3700,185.0000,130.1700,True,False,29.6378
JPM,Credit Suisse,2021-03-22,150.9700,165.0000,139.6500,True,False,15.3636
JPM,Deutsche Bank,2021-04-01,153.7100,175.0000,136.3200,True,False,22.1029
JPM,Jefferies,2021-04-09,156.2800,177.0000,131.0900,True,False,25.9379
JPM,RBC Capital,2021-04-15,152.1700,160.0000,127.3000,True,False,20.4375
JPM,Piper Sandler,2021-04-15,152.1700,182.0000,127.3000,True,False,30.0549
JPM,DA Davidson,2021-04-15,152.1700,182.0000,127.3000,True,False,30.0549
JPM,Atlantic Equities,2021-04-27,151.2500,150.0000,123.0200,False,True,17.9867
JPM,Wells Fargo,2021-04-30,153.8100,195.0000,119.3600,True,False,38.7897
JPM,Wells Fargo,2021-06-08,165.0000,200.0000,130.0700,True,False,34.9650
JPM,BMO Capital,2021-07-14,155.1200,141.0000,108.0000,False,True,23.4043
JPM,Morgan Stanley,2021-07-29,153.0000,166.0000,115.3600,True,False,30.5060
JPM,Jefferies,2021-10-11,166.6400,198.0000,101.9600,True,False,48.5051
JPM,RBC Capital,2021-10-14,163.4700,175.0000,111.1900,True,False,36.4629
JPM,Barclays,2021-10-15,166.6100,193.0000,115.8600,True,False,39.9689
JPM,Wells Fargo,2021-10-25,170.9400,210.0000,122.7000,True,False,41.5714
JPM,Morgan Stanley,2021-12-06,160.1600,184.0000,131.5900,True,False,28.4837
JPM,Barclays,2022-01-03,161.7000,202.0000,136.3800,True,False,32.4851
JPM,Wolfe Research,2022-01-04,167.8300,185.0000,135.3500,True,False,26.8378
JPM,Seaport Global,2022-01-05,163.7800,191.0000,137.9400,True,False,27.7801
JPM,Citigroup,2022-01-18,151.2700,175.0000,134.7500,True,False,23.0000
JPM,Morgan Stanley,2022-01-18,151.2700,170.0000,134.7500,True,False,20.7353
JPM,Jefferies,2022-02-14,152.4900,155.0000,143.8000,True,False,7.2258
JPM,Morgan Stanley,2022-03-28,140.8700,161.0000,129.1400,True,False,19.7888
JPM,Wells Fargo,2022-04-04,135.9100,150.0000,127.6100,True,False,14.9267
JPM,Piper Sandler,2022-04-05,133.3400,165.0000,127.4700,True,False,22.7455
JPM,BMO Capital,2022-04-14,126.1200,150.0000,141.4000,True,False,5.7333
JPM,Piper Sandler,2022-04-14,126.1200,170.0000,141.4000,True,False,16.8235
JPM,RBC Capital,2022-04-14,126.1200,155.0000,141.4000,True,False,8.7742
JPM,Goldman Sachs,2022-04-14,126.1200,151.0000,141.4000,True,False,6.3576
JPM,Oppenheimer,2022-05-03,123.0300,167.0000,134.1200,True,False,19.6886
JPM,Morgan Stanley,2022-05-19,118.3100,152.0000,138.0300,True,False,9.1908
JPM,Wells Fargo,2022-05-24,126.3600,150.0000,135.6700,True,False,9.5533
JPM,"Keefe, Bruyette & Woods",2022-05-24,126.3600,148.0000,135.6700,True,False,8.3311
JPM,Jefferies,2022-05-24,126.3600,137.0000,135.6700,True,False,0.9708
JPM,BMO Capital,2022-05-24,126.3600,156.0000,135.6700,True,False,13.0321
JPM,Morgan Stanley,2022-06-24,117.3200,149.0000,139.2000,True,False,6.5772
JPM,Piper Sandler,2022-07-01,114.0500,158.0000,144.6400,True,False,8.4557
JPM,Wells Fargo,2022-07-01,114.0500,120.0000,144.6400,True,True,20.5333
JPM,Jefferies,2022-07-11,112.8600,126.0000,148.1500,True,True,17.5794
JPM,Citigroup,2022-07-12,112.9700,135.0000,148.8700,True,True,10.2741
JPM,Morgan Stanley,2022-07-12,112.9700,127.0000,148.8700,True,True,17.2205
JPM,Barclays,2022-07-15,112.9500,162.0000,153.6600,True,False,5.1481
JPM,Credit Suisse,2022-07-15,112.9500,145.0000,153.6600,True,True,5.9724
JPM,UBS,2022-07-15,112.9500,126.0000,153.6600,True,True,21.9524
JPM,RBC Capital,2022-07-15,112.9500,130.0000,153.6600,True,True,18.2000
JPM,Oppenheimer,2022-07-15,112.9500,153.0000,153.6600,True,True,0.4314
JPM,Berenberg,2022-07-18,111.7900,120.0000,154.2500,True,True,28.5417
JPM,Deutsche Bank,2022-09-12,120.5800,155.0000,146.4100,True,False,5.5419
JPM,Goldman Sachs,2022-10-04,112.7700,130.0000,142.9000,True,True,9.9231
JPM,Morgan Stanley,2022-10-05,110.3900,126.0000,145.1000,True,True,15.1587
JPM,BMO Capital,2022-10-17,115.8600,158.0000,145.9100,True,False,7.6519
JPM,Morgan Stanley,2022-12-06,131.5900,153.0000,156.7900,True,True,2.4771
JPM,Piper Sandler,2022-12-08,132.8800,150.0000,159.1000,True,True,6.0667
JPM,Citigroup,2022-12-12,134.2100,150.0000,161.0600,True,True,7.3733
JPM,Oppenheimer,2022-12-28,132.4600,169.0000,170.1000,True,True,0.6509
JPM,Barclays,2023-01-03,135.1200,189.0000,171.4100,True,False,9.3069
JPM,Deutsche Bank,2023-01-06,137.9400,145.0000,170.6600,True,True,17.6966
JPM,Piper Sandler,2023-01-17,140.8000,157.0000,167.4200,True,True,6.6369
JPM,Morgan Stanley,2023-01-17,140.8000,167.0000,167.4200,True,True,0.2515
JPM,Oppenheimer,2023-01-17,140.8000,177.0000,167.4200,True,False,5.4124
JPM,Oppenheimer,2023-02-02,138.9400,186.0000,174.5000,True,False,6.1828
JPM,Morgan Stanley,2023-02-24,140.9300,173.0000,183.4500,True,True,6.0405
JPM,Wells Fargo,2023-03-13,131.2500,155.0000,191.3800,True,True,23.4710
JPM,Oppenheimer,2023-03-23,126.8400,157.0000,194.8200,True,True,24.0892
JPM,RBC Capital,2023-03-24,124.9100,132.0000,195.7300,True,True,48.2803
JPM,Morgan Stanley,2023-04-05,127.6100,153.0000,198.4800,True,True,29.7255
JPM,Evercore ISI Group,2023-04-05,127.6100,146.0000,198.4800,True,True,35.9452
JPM,Barclays,2023-04-12,128.5000,179.0000,182.7900,True,True,2.1173
JPM,Piper Sandler,2023-04-17,139.8300,151.0000,180.0800,True,True,19.2583
JPM,Wells Fargo,2023-04-17,139.8300,165.0000,180.0800,True,True,9.1394
JPM,B of A Securities,2023-04-17,139.8300,158.0000,180.0800,True,True,13.9747
JPM,Morgan Stanley,2023-04-17,139.8300,157.0000,180.0800,True,True,14.7006
JPM,Oppenheimer,2023-04-17,139.8300,192.0000,180.0800,True,False,6.2083
JPM,"Keefe, Bruyette & Woods",2023-04-17,139.8300,155.0000,180.0800,True,True,16.1806
JPM,BMO Capital,2023-04-17,139.8300,169.0000,180.0800,True,True,6.5562
JPM,Credit Suisse,2023-05-02,138.9200,160.0000,191.6600,True,True,19.7875
JPM,Oppenheimer,2023-05-02,138.9200,196.0000,191.6600,True,False,2.2143
JPM,RBC Capital,2023-05-02,138.9200,147.0000,191.6600,True,True,30.3810
JPM,Evercore ISI Group,2023-05-12,134.1000,151.0000,201.5100,True,True,33.4503
JPM,Jefferies,2023-05-15,135.2300,149.0000,202.1100,True,True,35.6443
JPM,Morgan Stanley,2023-05-23,136.5900,160.0000,196.9200,True,True,23.0750
JPM,Citigroup,2023-06-15,143.0900,165.0000,194.9800,True,True,18.1697
JPM,Morgan Stanley,2023-06-20,142.5300,160.0000,198.6700,True,True,24.1687
JPM,Citigroup,2023-06-26,139.1900,160.0000,197.4300,True,True,23.3937
JPM,Morgan Stanley,2023-07-07,144.3400,160.0000,207.6300,True,True,29.7688
JPM,Jefferies,2023-07-11,147.4200,165.0000,207.4500,True,True,25.7273
JPM,Citigroup,2023-07-12,148.1500,160.0000,204.9400,True,True,28.0875
JPM,Credit Suisse,2023-07-17,153.3800,170.0000,216.8700,True,True,27.5706
JPM,Oppenheimer,2023-07-17,153.3800,227.0000,216.8700,True,False,4.4626
JPM,Piper Sandler,2023-07-17,153.3800,168.0000,216.8700,True,True,29.0893
JPM,Morgan Stanley,2023-07-18,153.6600,173.0000,209.9800,True,True,21.3757
JPM,Atlantic Equities,2023-08-01,157.1800,160.0000,207.9600,True,True,29.9750
JPM,Oppenheimer,2023-08-18,148.9700,219.0000,214.5200,True,False,2.0457
JPM,HSBC,2023-09-07,143.7200,159.0000,216.8100,True,True,36.3585
JPM,RBC Capital,2023-09-08,143.8300,158.0000,205.5600,True,True,30.1013
JPM,Morgan Stanley,2023-09-12,146.3400,179.0000,206.6000,True,True,15.4190
JPM,RBC Capital,2023-09-12,146.3400,158.0000,206.6000,True,True,30.7595
JPM,Oppenheimer,2023-09-26,144.9300,215.0000,209.7800,True,False,2.4279
JPM,Morgan Stanley,2023-10-03,142.7100,187.0000,205.2300,True,True,9.7487
JPM,Morgan Stanley,2023-10-16,147.8500,191.0000,223.6400,True,True,17.0890
JPM,Oppenheimer,2023-10-16,147.8500,233.0000,223.6400,True,False,4.0172
JPM,BMO Capital,2023-10-16,147.8500,171.0000,223.6400,True,True,30.7836
JPM,Piper Sandler,2023-10-16,147.8500,170.0000,223.6400,True,True,31.5529
JPM,Oppenheimer,2023-11-16,151.4500,243.0000,245.0300,True,True,0.8354
JPM,Barclays,2024-01-02,172.0800,212.0000,240.0000,True,True,13.2075
JPM,B of A Securities,2024-01-04,171.4100,188.0000,240.8500,True,True,28.1117
JPM,Deutsche Bank,2024-01-09,170.6600,190.0000,239.8700,True,True,26.2474
JPM,BMO Capital,2024-01-16,167.9900,194.0000,254.2700,True,True,31.0670
JPM,Piper Sandler,2024-01-16,167.9900,200.0000,254.2700,True,True,27.1350
JPM,Oppenheimer,2024-01-16,167.9900,232.0000,254.2700,True,True,9.5991
JPM,Morgan Stanley,2024-01-30,176.2700,221.0000,267.3000,True,True,20.9502
JPM,Oppenheimer,2024-01-30,176.2700,238.0000,267.3000,True,True,12.3109
JPM,Piper Sandler,2024-03-08,188.2200,210.0000,227.9000,True,True,8.5238
JPM,RBC Capital,2024-03-13,191.3800,185.0000,233.9300,False,False,26.4486
JPM,Oppenheimer,2024-03-19,193.7900,219.0000,241.6300,True,True,10.3333
JPM,Wells Fargo,2024-03-20,196.3300,220.0000,248.0600,True,True,12.7545
JPM,RBC Capital,2024-03-20,196.3300,185.0000,248.0600,False,False,34.0865
JPM,Evercore ISI Group,2024-04-04,195.6500,210.0000,214.4400,True,True,2.1143
JPM,"Keefe, Bruyette & Woods",2024-04-05,197.4500,195.0000,216.8700,False,False,11.2154
JPM,Jefferies,2024-04-08,198.4800,228.0000,234.3400,True,True,2.7807
JPM,"Keefe, Bruyette & Woods",2024-04-12,182.7900,203.0000,233.1300,True,True,14.8424
JPM,Oppenheimer,2024-04-15,182.8900,217.0000,229.6100,True,True,5.8111
JPM,BMO Capital,2024-04-15,182.8900,195.0000,229.6100,True,True,17.7487
JPM,Piper Sandler,2024-04-15,182.8900,215.0000,229.6100,True,True,6.7953
JPM,Morgan Stanley,2024-04-15,182.8900,216.0000,229.6100,True,True,6.3009
JPM,UBS,2024-04-16,180.8000,219.0000,231.9600,True,True,5.9178
JPM,"Keefe, Bruyette & Woods",2024-05-21,199.5200,209.0000,260.7100,True,True,24.7416
JPM,Baird,2024-05-21,199.5200,185.0000,260.7100,False,False,40.9243
JPM,Piper Sandler,2024-05-21,199.5200,220.0000,260.7100,True,True,18.5045
JPM,RBC Capital,2024-05-21,199.5200,211.0000,260.7100,True,True,23.5592
JPM,Morgan Stanley,2024-05-21,199.5200,214.0000,260.7100,True,True,21.8271
JPM,UBS,2024-05-21,199.5200,224.0000,260.7100,True,True,16.3884
JPM,Evercore ISI Group,2024-07-03,208.6900,210.0000,282.7800,True,True,34.6571
JPM,Jefferies,2024-07-03,208.6900,239.0000,282.7800,True,True,18.3180
JPM,"Keefe, Bruyette & Woods",2024-07-09,207.6300,211.0000,286.8600,True,True,35.9526
JPM,Piper Sandler,2024-07-15,210.0500,230.0000,289.9000,True,True,26.0435
JPM,Morgan Stanley,2024-07-15,210.0500,221.0000,289.9000,True,True,31.1765
JPM,Oppenheimer,2024-07-15,210.0500,221.0000,289.9000,True,True,31.1765
JPM,Barclays,2024-07-15,210.0500,217.0000,289.9000,True,True,33.5945
JPM,Wells Fargo,2024-07-15,210.0500,225.0000,289.9000,True,True,28.8444
JPM,Citigroup,2024-07-15,210.0500,215.0000,289.9000,True,True,34.8372
JPM,Evercore ISI Group,2024-07-15,210.0500,211.0000,289.9000,True,True,37.3934
JPM,Morgan Stanley,2024-07-30,215.1900,226.0000,289.3700,True,True,28.0398
JPM,Deutsche Bank,2024-09-03,220.3000,235.0000,294.3800,True,True,25.2681
JPM,Morgan Stanley,2024-09-12,206.6000,220.0000,309.1900,True,True,40.5409
JPM,Oppenheimer,2024-10-02,207.2900,234.0000,309.1800,True,True,32.1282
JPM,Evercore ISI Group,2024-10-14,221.4800,230.0000,298.5400,True,True,29.8000
JPM,RBC Capital,2024-10-14,221.4800,230.0000,298.5400,True,True,29.8000
JPM,Barclays,2024-10-14,221.4800,257.0000,298.5400,True,True,16.1634
JPM,Oppenheimer,2024-10-14,221.4800,232.0000,298.5400,True,True,28.6810
JPM,Oppenheimer,2024-11-05,221.4900,241.0000,314.2100,True,True,30.3776
JPM,Wells Fargo,2024-11-15,245.3100,270.0000,303.2700,True,True,12.3222
JPM,Citigroup,2024-11-19,243.0900,250.0000,298.0200,True,True,19.2080
JPM,"Keefe, Bruyette & Woods",2024-12-03,244.8200,254.0000,315.0400,True,True,24.0315
JPM,Piper Sandler,2024-12-03,244.8200,275.0000,315.0400,True,True,14.5600
JPM,Barclays,2025-01-06,240.8500,304.0000,329.7900,True,True,8.4836
JPM,Truist Securities,2025-01-07,243.1700,260.0000,329.1900,True,True,26.6115
JPM,B of A Securities,2025-01-07,243.1700,280.0000,329.1900,True,True,17.5679
JPM,Truist Securities,2025-01-16,254.2700,268.0000,302.7400,True,True,12.9627
JPM,"Keefe, Bruyette & Woods",2025-01-16,254.2700,264.0000,302.7400,True,True,14.6742
JPM,Barclays,2025-01-16,254.2700,330.0000,302.7400,True,False,8.2606
JPM,UBS,2025-01-16,254.2700,287.0000,302.7400,True,True,5.4843
JPM,Evercore ISI Group,2025-04-01,243.6600,265.0000,294.6000,True,True,11.1698
JPM,B of A Securities,2025-04-02,245.8200,284.0000,295.4500,True,True,4.0317
JPM,Truist Securities,2025-04-04,210.2800,264.0000,307.9700,True,True,16.6553
JPM,Truist Securities,2025-04-14,234.7200,251.0000,309.9500,True,True,23.4861
JPM,UBS,2025-04-17,231.9600,305.0000,313.0000,True,True,2.6230
JPM,Baird,2025-05-20,265.6800,235.0000,303.0000,False,False,28.9362
JPM,Morgan Stanley,2025-05-20,265.6800,236.0000,303.0000,False,False,28.3898
JPM,RBC Capital,2025-05-20,265.6800,285.0000,303.0000,True,True,6.3158
JPM,Piper Sandler,2025-05-20,265.6800,295.0000,303.0000,True,True,2.7119
JPM,TD Securities,2025-05-20,265.6800,315.0000,303.0000,True,False,3.8095
JPM,Truist Securities,2025-05-23,260.7100,270.0000,299.2800,True,True,10.8444
JPM,Truist Securities,2025-06-02,264.6600,280.0000,300.8500,True,True,7.4464
JPM,Wells Fargo,2025-06-10,268.6000,320.0000,313.4900,True,False,2.0344
JPM,B of A Securities,2025-06-18,273.9600,325.0000,331.4800,True,True,1.9938
JPM,Morgan Stanley,2025-06-23,278.2700,240.0000,333.4500,False,False,38.9375
JPM,Citigroup,2025-06-26,288.7500,275.0000,329.3900,False,False,19.7782
JPM,Evercore ISI Group,2025-07-02,292.0000,298.0000,337.7200,True,True,13.3289
JPM,Morgan Stanley,2025-07-03,296.0000,296.0000,339.2200,True,True,14.6014
JPM,Truist Securities,2025-07-09,283.1600,290.0000,336.4700,True,True,16.0241
JPM,Piper Sandler,2025-07-15,286.5500,320.0000,343.1500,True,True,7.2344
JPM,B of A Securities,2025-07-16,285.8200,340.0000,341.1000,True,True,0.3235
JPM,"Keefe, Bruyette & Woods",2025-07-16,285.8200,330.0000,341.1000,True,True,3.3636
JPM,Morgan Stanley,2025-07-16,285.8200,298.0000,341.1000,True,True,14.4631
JPM,Wells Fargo,2025-07-16,285.8200,325.0000,341.1000,True,True,4.9538
JPM,Wells Fargo,2025-09-16,309.1900,345.0000,349.3100,True,True,1.2493
JPM,Citigroup,2025-09-24,313.4200,325.0000,343.0600,True,True,5.5569
JPM,Truist Securities,2025-09-24,313.4200,319.0000,343.0600,True,True,7.5423
JPM,Morgan Stanley,2025-09-29,315.6900,336.0000,330.8300,True,False,1.5387
